year,country_name,country_iso3,feature_code,feature_value
1976,Afghanistan,AFG,view_on_fertility_level,too_high
1976,Afghanistan,AFG,policy_on_fertility_level,no_intervention
1976,Albania,ALB,view_on_fertility_level,satisfactory
1976,Albania,ALB,policy_on_fertility_level,maintain
1976,Algeria,DZA,view_on_fertility_level,satisfactory
1976,Algeria,DZA,policy_on_fertility_level,no_intervention
1976,Argentina,ARG,view_on_fertility_level,too_low
1976,Argentina,ARG,policy_on_fertility_level,raise
1976,Australia,AUS,view_on_fertility_level,satisfactory
1976,Australia,AUS,policy_on_fertility_level,no_intervention
1976,Austria,AUT,view_on_fertility_level,satisfactory
1976,Austria,AUT,policy_on_fertility_level,no_intervention
1976,Bahamas,BHS,view_on_fertility_level,satisfactory
1976,Bahamas,BHS,policy_on_fertility_level,no_intervention
1976,Bahrain,BHR,view_on_fertility_level,too_high
1976,Bahrain,BHR,policy_on_fertility_level,no_intervention
1976,Bangladesh,BGD,view_on_fertility_level,too_high
1976,Bangladesh,BGD,policy_on_fertility_level,lower
1976,Barbados,BRB,view_on_fertility_level,too_high
1976,Barbados,BRB,policy_on_fertility_level,lower
1976,Belarus,BLR,view_on_fertility_level,satisfactory
1976,Belarus,BLR,policy_on_fertility_level,maintain
1976,Belgium,BEL,view_on_fertility_level,satisfactory
1976,Belgium,BEL,policy_on_fertility_level,no_intervention
1976,Benin,BEN,view_on_fertility_level,satisfactory
1976,Benin,BEN,policy_on_fertility_level,no_intervention
1976,Bhutan,BTN,view_on_fertility_level,satisfactory
1976,Bhutan,BTN,policy_on_fertility_level,no_intervention
1976,Bolivia (Plurinational State of),BOL,view_on_fertility_level,satisfactory
1976,Bolivia (Plurinational State of),BOL,policy_on_fertility_level,no_intervention
1976,Botswana,BWA,view_on_fertility_level,too_high
1976,Botswana,BWA,policy_on_fertility_level,lower
1976,Brazil,BRA,view_on_fertility_level,satisfactory
1976,Brazil,BRA,policy_on_fertility_level,no_intervention
1976,Bulgaria,BGR,view_on_fertility_level,too_low
1976,Bulgaria,BGR,policy_on_fertility_level,raise
1976,Burkina Faso,BFA,view_on_fertility_level,satisfactory
1976,Burkina Faso,BFA,policy_on_fertility_level,no_intervention
1976,Burundi,BDI,view_on_fertility_level,satisfactory
1976,Burundi,BDI,policy_on_fertility_level,no_intervention
1976,Cabo Verde,CPV,view_on_fertility_level,satisfactory
1976,Cabo Verde,CPV,policy_on_fertility_level,no_intervention
1976,Cambodia,KHM,view_on_fertility_level,too_low
1976,Cambodia,KHM,policy_on_fertility_level,raise
1976,Cameroon,CMR,view_on_fertility_level,too_low
1976,Cameroon,CMR,policy_on_fertility_level,no_intervention
1976,Canada,CAN,view_on_fertility_level,satisfactory
1976,Canada,CAN,policy_on_fertility_level,no_intervention
1976,Central African Republic,CAF,view_on_fertility_level,too_low
1976,Central African Republic,CAF,policy_on_fertility_level,no_intervention
1976,Chad,TCD,view_on_fertility_level,satisfactory
1976,Chad,TCD,policy_on_fertility_level,no_intervention
1976,Chile,CHL,view_on_fertility_level,too_high
1976,Chile,CHL,policy_on_fertility_level,no_intervention
1976,China,CHN,view_on_fertility_level,too_high
1976,China,CHN,policy_on_fertility_level,lower
1976,Colombia,COL,view_on_fertility_level,too_high
1976,Colombia,COL,policy_on_fertility_level,lower
1976,Comoros,COM,view_on_fertility_level,too_high
1976,Comoros,COM,policy_on_fertility_level,no_intervention
1976,Congo,,view_on_fertility_level,satisfactory
1976,Congo,,policy_on_fertility_level,no_intervention
1976,Costa Rica,CRI,view_on_fertility_level,too_high
1976,Costa Rica,CRI,policy_on_fertility_level,no_intervention
1976,Côte d'Ivoire,CIV,view_on_fertility_level,satisfactory
1976,Côte d'Ivoire,CIV,policy_on_fertility_level,maintain
1976,Cuba,CUB,view_on_fertility_level,satisfactory
1976,Cuba,CUB,policy_on_fertility_level,no_intervention
1976,Cyprus,CYP,view_on_fertility_level,satisfactory
1976,Cyprus,CYP,policy_on_fertility_level,no_intervention
1976,Democratic People's Republic of Korea,PRK,view_on_fertility_level,satisfactory
1976,Democratic People's Republic of Korea,PRK,policy_on_fertility_level,maintain
1976,Democratic Republic of the Congo,,view_on_fertility_level,satisfactory
1976,Democratic Republic of the Congo,,policy_on_fertility_level,no_intervention
1976,Denmark,DNK,view_on_fertility_level,satisfactory
1976,Denmark,DNK,policy_on_fertility_level,no_intervention
1976,Dominican Republic,DOM,view_on_fertility_level,too_high
1976,Dominican Republic,DOM,policy_on_fertility_level,lower
1976,Ecuador,ECU,view_on_fertility_level,too_high
1976,Ecuador,ECU,policy_on_fertility_level,no_intervention
1976,Egypt,EGY,view_on_fertility_level,too_high
1976,Egypt,EGY,policy_on_fertility_level,lower
1976,El Salvador,SLV,view_on_fertility_level,too_high
1976,El Salvador,SLV,policy_on_fertility_level,lower
1976,Equatorial Guinea,GNQ,view_on_fertility_level,too_low
1976,Equatorial Guinea,GNQ,policy_on_fertility_level,no_intervention
1976,Ethiopia,ETH,view_on_fertility_level,satisfactory
1976,Ethiopia,ETH,policy_on_fertility_level,no_intervention
1976,Fiji,FJI,view_on_fertility_level,too_high
1976,Fiji,FJI,policy_on_fertility_level,lower
1976,Finland,FIN,view_on_fertility_level,too_low
1976,Finland,FIN,policy_on_fertility_level,raise
1976,France,FRA,view_on_fertility_level,too_low
1976,France,FRA,policy_on_fertility_level,raise
1976,Gabon,GAB,view_on_fertility_level,too_low
1976,Gabon,GAB,policy_on_fertility_level,raise
1976,Gambia,GMB,view_on_fertility_level,satisfactory
1976,Gambia,GMB,policy_on_fertility_level,no_intervention
1976,Ghana,GHA,view_on_fertility_level,too_high
1976,Ghana,GHA,policy_on_fertility_level,lower
1976,Greece,GRC,view_on_fertility_level,too_low
1976,Greece,GRC,policy_on_fertility_level,raise
1976,Grenada,GRD,view_on_fertility_level,too_high
1976,Grenada,GRD,policy_on_fertility_level,lower
1976,Guatemala,GTM,view_on_fertility_level,too_high
1976,Guatemala,GTM,policy_on_fertility_level,no_intervention
1976,Guinea,GIN,view_on_fertility_level,satisfactory
1976,Guinea,GIN,policy_on_fertility_level,no_intervention
1976,Guinea-Bissau,GNB,view_on_fertility_level,satisfactory
1976,Guinea-Bissau,GNB,policy_on_fertility_level,no_intervention
1976,Guyana,GUY,view_on_fertility_level,satisfactory
1976,Guyana,GUY,policy_on_fertility_level,no_intervention
1976,Haiti,HTI,view_on_fertility_level,too_high
1976,Haiti,HTI,policy_on_fertility_level,lower
1976,Holy See,,view_on_fertility_level,satisfactory
1976,Holy See,,policy_on_fertility_level,no_intervention
1976,Honduras,HND,view_on_fertility_level,too_high
1976,Honduras,HND,policy_on_fertility_level,lower
1976,Hungary,HUN,view_on_fertility_level,satisfactory
1976,Hungary,HUN,policy_on_fertility_level,maintain
1976,Iceland,ISL,view_on_fertility_level,satisfactory
1976,Iceland,ISL,policy_on_fertility_level,no_intervention
1976,India,IND,view_on_fertility_level,too_high
1976,India,IND,policy_on_fertility_level,lower
1976,Indonesia,IDN,view_on_fertility_level,too_high
1976,Indonesia,IDN,policy_on_fertility_level,lower
1976,Iran (Islamic Republic of),,view_on_fertility_level,too_high
1976,Iran (Islamic Republic of),,policy_on_fertility_level,lower
1976,Iraq,IRQ,view_on_fertility_level,satisfactory
1976,Iraq,IRQ,policy_on_fertility_level,maintain
1976,Ireland,IRL,view_on_fertility_level,satisfactory
1976,Ireland,IRL,policy_on_fertility_level,maintain
1976,Israel,ISR,view_on_fertility_level,too_low
1976,Israel,ISR,policy_on_fertility_level,raise
1976,Italy,ITA,view_on_fertility_level,satisfactory
1976,Italy,ITA,policy_on_fertility_level,no_intervention
1976,Jamaica,JAM,view_on_fertility_level,too_high
1976,Jamaica,JAM,policy_on_fertility_level,lower
1976,Japan,JPN,view_on_fertility_level,satisfactory
1976,Japan,JPN,policy_on_fertility_level,no_intervention
1976,Jordan,JOR,view_on_fertility_level,too_high
1976,Jordan,JOR,policy_on_fertility_level,no_intervention
1976,Kenya,KEN,view_on_fertility_level,too_high
1976,Kenya,KEN,policy_on_fertility_level,lower
1976,Kuwait,KWT,view_on_fertility_level,satisfactory
1976,Kuwait,KWT,policy_on_fertility_level,maintain
1976,Lao People's Democratic Republic,,view_on_fertility_level,satisfactory
1976,Lao People's Democratic Republic,,policy_on_fertility_level,maintain
1976,Lebanon,LBN,view_on_fertility_level,satisfactory
1976,Lebanon,LBN,policy_on_fertility_level,no_intervention
1976,Lesotho,LSO,view_on_fertility_level,too_high
1976,Lesotho,LSO,policy_on_fertility_level,lower
1976,Liberia,LBR,view_on_fertility_level,too_high
1976,Liberia,LBR,policy_on_fertility_level,no_intervention
1976,Libya,LBY,view_on_fertility_level,too_low
1976,Libya,LBY,policy_on_fertility_level,raise
1976,Liechtenstein,LIE,view_on_fertility_level,too_low
1976,Liechtenstein,LIE,policy_on_fertility_level,raise
1976,Luxembourg,LUX,view_on_fertility_level,too_low
1976,Luxembourg,LUX,policy_on_fertility_level,raise
1976,Madagascar,MDG,view_on_fertility_level,too_high
1976,Madagascar,MDG,policy_on_fertility_level,no_intervention
1976,Malawi,MWI,view_on_fertility_level,satisfactory
1976,Malawi,MWI,policy_on_fertility_level,no_intervention
1976,Malaysia,MYS,view_on_fertility_level,too_high
1976,Malaysia,MYS,policy_on_fertility_level,lower
1976,Maldives,MDV,view_on_fertility_level,satisfactory
1976,Maldives,MDV,policy_on_fertility_level,no_intervention
1976,Mali,MLI,view_on_fertility_level,satisfactory
1976,Mali,MLI,policy_on_fertility_level,no_intervention
1976,Malta,MLT,view_on_fertility_level,satisfactory
1976,Malta,MLT,policy_on_fertility_level,no_intervention
1976,Mauritania,MRT,view_on_fertility_level,satisfactory
1976,Mauritania,MRT,policy_on_fertility_level,no_intervention
1976,Mauritius,MUS,view_on_fertility_level,too_high
1976,Mauritius,MUS,policy_on_fertility_level,lower
1976,Mexico,MEX,view_on_fertility_level,too_high
1976,Mexico,MEX,policy_on_fertility_level,lower
1976,Monaco,MCO,view_on_fertility_level,too_low
1976,Monaco,MCO,policy_on_fertility_level,raise
1976,Mongolia,MNG,view_on_fertility_level,satisfactory
1976,Mongolia,MNG,policy_on_fertility_level,maintain
1976,Morocco,MAR,view_on_fertility_level,too_high
1976,Morocco,MAR,policy_on_fertility_level,lower
1976,Mozambique,MOZ,view_on_fertility_level,satisfactory
1976,Mozambique,MOZ,policy_on_fertility_level,maintain
1976,Myanmar,MMR,view_on_fertility_level,satisfactory
1976,Myanmar,MMR,policy_on_fertility_level,no_intervention
1976,Nauru,NRU,view_on_fertility_level,satisfactory
1976,Nauru,NRU,policy_on_fertility_level,maintain
1976,Nepal,NPL,view_on_fertility_level,too_high
1976,Nepal,NPL,policy_on_fertility_level,lower
1976,Netherlands,NLD,view_on_fertility_level,satisfactory
1976,Netherlands,NLD,policy_on_fertility_level,no_intervention
1976,New Zealand,NZL,view_on_fertility_level,satisfactory
1976,New Zealand,NZL,policy_on_fertility_level,no_intervention
1976,Nicaragua,NIC,view_on_fertility_level,too_high
1976,Nicaragua,NIC,policy_on_fertility_level,no_intervention
1976,Niger,NER,view_on_fertility_level,satisfactory
1976,Niger,NER,policy_on_fertility_level,no_intervention
1976,Nigeria,NGA,view_on_fertility_level,satisfactory
1976,Nigeria,NGA,policy_on_fertility_level,no_intervention
1976,Norway,NOR,view_on_fertility_level,satisfactory
1976,Norway,NOR,policy_on_fertility_level,no_intervention
1976,Oman,OMN,view_on_fertility_level,satisfactory
1976,Oman,OMN,policy_on_fertility_level,maintain
1976,Pakistan,PAK,view_on_fertility_level,too_high
1976,Pakistan,PAK,policy_on_fertility_level,lower
1976,Panama,PAN,view_on_fertility_level,too_high
1976,Panama,PAN,policy_on_fertility_level,no_intervention
1976,Papua New Guinea,PNG,view_on_fertility_level,too_high
1976,Papua New Guinea,PNG,policy_on_fertility_level,lower
1976,Paraguay,PRY,view_on_fertility_level,satisfactory
1976,Paraguay,PRY,policy_on_fertility_level,no_intervention
1976,Peru,PER,view_on_fertility_level,satisfactory
1976,Peru,PER,policy_on_fertility_level,no_intervention
1976,Philippines,PHL,view_on_fertility_level,too_high
1976,Philippines,PHL,policy_on_fertility_level,lower
1976,Poland,POL,view_on_fertility_level,satisfactory
1976,Poland,POL,policy_on_fertility_level,maintain
1976,Portugal,PRT,view_on_fertility_level,satisfactory
1976,Portugal,PRT,policy_on_fertility_level,no_intervention
1976,Qatar,QAT,view_on_fertility_level,satisfactory
1976,Qatar,QAT,policy_on_fertility_level,maintain
1976,Republic of Korea,KOR,view_on_fertility_level,too_high
1976,Republic of Korea,KOR,policy_on_fertility_level,lower
1976,Romania,ROU,view_on_fertility_level,satisfactory
1976,Romania,ROU,policy_on_fertility_level,maintain
1976,Rwanda,RWA,view_on_fertility_level,too_high
1976,Rwanda,RWA,policy_on_fertility_level,no_intervention
1976,Samoa,WSM,view_on_fertility_level,too_high
1976,Samoa,WSM,policy_on_fertility_level,lower
1976,San Marino,SMR,view_on_fertility_level,satisfactory
1976,San Marino,SMR,policy_on_fertility_level,no_intervention
1976,Sao Tome and Principe,STP,view_on_fertility_level,satisfactory
1976,Sao Tome and Principe,STP,policy_on_fertility_level,no_intervention
1976,Saudi Arabia,SAU,view_on_fertility_level,satisfactory
1976,Saudi Arabia,SAU,policy_on_fertility_level,maintain
1976,Senegal,SEN,view_on_fertility_level,too_high
1976,Senegal,SEN,policy_on_fertility_level,no_intervention
1976,Seychelles,SYC,view_on_fertility_level,too_high
1976,Seychelles,SYC,policy_on_fertility_level,lower
1976,Sierra Leone,SLE,view_on_fertility_level,too_high
1976,Sierra Leone,SLE,policy_on_fertility_level,no_intervention
1976,Singapore,SGP,view_on_fertility_level,satisfactory
1976,Singapore,SGP,policy_on_fertility_level,no_intervention
1976,Somalia,,view_on_fertility_level,satisfactory
1976,Somalia,,policy_on_fertility_level,no_intervention
1976,South Africa,ZAF,view_on_fertility_level,too_high
1976,South Africa,ZAF,policy_on_fertility_level,lower
1976,Spain,ESP,view_on_fertility_level,satisfactory
1976,Spain,ESP,policy_on_fertility_level,no_intervention
1976,Sri Lanka,LKA,view_on_fertility_level,too_high
1976,Sri Lanka,LKA,policy_on_fertility_level,lower
1976,Sudan (including South Sudan),,view_on_fertility_level,satisfactory
1976,Sudan (including South Sudan),,policy_on_fertility_level,no_intervention
1976,Suriname,SUR,view_on_fertility_level,satisfactory
1976,Suriname,SUR,policy_on_fertility_level,no_intervention
1976,Swaziland,SWZ,view_on_fertility_level,too_high
1976,Swaziland,SWZ,policy_on_fertility_level,lower
1976,Sweden,SWE,view_on_fertility_level,satisfactory
1976,Sweden,SWE,policy_on_fertility_level,no_intervention
1976,Switzerland,CHE,view_on_fertility_level,satisfactory
1976,Switzerland,CHE,policy_on_fertility_level,no_intervention
1976,Syrian Arab Republic,SYR,view_on_fertility_level,satisfactory
1976,Syrian Arab Republic,SYR,policy_on_fertility_level,no_intervention
1976,Thailand,THA,view_on_fertility_level,too_high
1976,Thailand,THA,policy_on_fertility_level,lower
1976,Togo,TGO,view_on_fertility_level,satisfactory
1976,Togo,TGO,policy_on_fertility_level,no_intervention
1976,Tonga,TON,view_on_fertility_level,too_high
1976,Tonga,TON,policy_on_fertility_level,lower
1976,Trinidad and Tobago,TTO,view_on_fertility_level,too_high
1976,Trinidad and Tobago,TTO,policy_on_fertility_level,lower
1976,Tunisia,TUN,view_on_fertility_level,too_high
1976,Tunisia,TUN,policy_on_fertility_level,lower
1976,Turkey,TUR,view_on_fertility_level,too_high
1976,Turkey,TUR,policy_on_fertility_level,lower
1976,Uganda,UGA,view_on_fertility_level,too_high
1976,Uganda,UGA,policy_on_fertility_level,lower
1976,Ukraine,UKR,view_on_fertility_level,satisfactory
1976,Ukraine,UKR,policy_on_fertility_level,maintain
1976,United Arab Emirates,ARE,view_on_fertility_level,satisfactory
1976,United Arab Emirates,ARE,policy_on_fertility_level,maintain
1976,United Kingdom,GBR,view_on_fertility_level,satisfactory
1976,United Kingdom,GBR,policy_on_fertility_level,no_intervention
1976,United Republic of Tanzania,TZA,view_on_fertility_level,satisfactory
1976,United Republic of Tanzania,TZA,policy_on_fertility_level,no_intervention
1976,United States of America,USA,view_on_fertility_level,satisfactory
1976,United States of America,USA,policy_on_fertility_level,no_intervention
1976,Uruguay,URY,view_on_fertility_level,too_low
1976,Uruguay,URY,policy_on_fertility_level,raise
1976,Venezuela (Bolivarian Republic of),,view_on_fertility_level,satisfactory
1976,Venezuela (Bolivarian Republic of),,policy_on_fertility_level,no_intervention
1976,Viet Nam,VNM,view_on_fertility_level,too_high
1976,Viet Nam,VNM,policy_on_fertility_level,lower
1976,Yemen,YEM,view_on_fertility_level,satisfactory
1976,Yemen,YEM,policy_on_fertility_level,no_intervention
1976,Zambia,ZMB,view_on_fertility_level,satisfactory
1976,Zambia,ZMB,policy_on_fertility_level,no_intervention
1976,Afghanistan,AFG,family_planning_support,direct_support
1976,Albania,ALB,family_planning_support,direct_support
1976,Algeria,DZA,family_planning_support,direct_support
1976,Argentina,ARG,family_planning_support,limits
1976,Australia,AUS,family_planning_support,indirect_support
1976,Austria,AUT,family_planning_support,direct_support
1976,Bahamas,BHS,family_planning_support,indirect_support
1976,Bahrain,BHR,family_planning_support,indirect_support
1976,Bangladesh,BGD,family_planning_support,direct_support
1976,Barbados,BRB,family_planning_support,direct_support
1976,Belarus,BLR,family_planning_support,direct_support
1976,Belgium,BEL,family_planning_support,indirect_support
1976,Benin,BEN,family_planning_support,indirect_support
1976,Bhutan,BTN,family_planning_support,direct_support
1976,Bolivia (Plurinational State of),BOL,family_planning_support,direct_support
1976,Botswana,BWA,family_planning_support,direct_support
1976,Brazil,BRA,family_planning_support,indirect_support
1976,Bulgaria,BGR,family_planning_support,direct_support
1976,Burkina Faso,BFA,family_planning_support,no_support
1976,Burundi,BDI,family_planning_support,no_support
1976,Cabo Verde,CPV,family_planning_support,direct_support
1976,Cambodia,KHM,family_planning_support,limits
1976,Cameroon,CMR,family_planning_support,indirect_support
1976,Canada,CAN,family_planning_support,direct_support
1976,Central African Republic,CAF,family_planning_support,no_support
1976,Chad,TCD,family_planning_support,limits
1976,Chile,CHL,family_planning_support,direct_support
1976,China,CHN,family_planning_support,direct_support
1976,Colombia,COL,family_planning_support,direct_support
1976,Comoros,COM,family_planning_support,no_support
1976,Congo,,family_planning_support,direct_support
1976,Costa Rica,CRI,family_planning_support,direct_support
1976,Côte d'Ivoire,CIV,family_planning_support,no_support
1976,Cuba,CUB,family_planning_support,direct_support
1976,Cyprus,CYP,family_planning_support,no_support
1976,Democratic People's Republic of Korea,PRK,family_planning_support,direct_support
1976,Democratic Republic of the Congo,,family_planning_support,direct_support
1976,Denmark,DNK,family_planning_support,direct_support
1976,Dominican Republic,DOM,family_planning_support,direct_support
1976,Ecuador,ECU,family_planning_support,direct_support
1976,Egypt,EGY,family_planning_support,direct_support
1976,El Salvador,SLV,family_planning_support,direct_support
1976,Equatorial Guinea,GNQ,family_planning_support,no_support
1976,Ethiopia,ETH,family_planning_support,indirect_support
1976,Fiji,FJI,family_planning_support,direct_support
1976,Finland,FIN,family_planning_support,direct_support
1976,France,FRA,family_planning_support,direct_support
1976,Gabon,GAB,family_planning_support,limits
1976,Gambia,GMB,family_planning_support,indirect_support
1976,Ghana,GHA,family_planning_support,direct_support
1976,Greece,GRC,family_planning_support,limits
1976,Grenada,GRD,family_planning_support,direct_support
1976,Guatemala,GTM,family_planning_support,direct_support
1976,Guinea,GIN,family_planning_support,no_support
1976,Guinea-Bissau,GNB,family_planning_support,indirect_support
1976,Guyana,GUY,family_planning_support,no_support
1976,Haiti,HTI,family_planning_support,direct_support
1976,Holy See,,family_planning_support,limits
1976,Honduras,HND,family_planning_support,direct_support
1976,Hungary,HUN,family_planning_support,direct_support
1976,Iceland,ISL,family_planning_support,direct_support
1976,India,IND,family_planning_support,direct_support
1976,Indonesia,IDN,family_planning_support,direct_support
1976,Iran (Islamic Republic of),,family_planning_support,direct_support
1976,Iraq,IRQ,family_planning_support,direct_support
1976,Ireland,IRL,family_planning_support,no_support
1976,Israel,ISR,family_planning_support,direct_support
1976,Italy,ITA,family_planning_support,indirect_support
1976,Jamaica,JAM,family_planning_support,direct_support
1976,Japan,JPN,family_planning_support,direct_support
1976,Jordan,JOR,family_planning_support,direct_support
1976,Kenya,KEN,family_planning_support,direct_support
1976,Kuwait,KWT,family_planning_support,no_support
1976,Lao People's Democratic Republic,,family_planning_support,limits
1976,Lebanon,LBN,family_planning_support,indirect_support
1976,Lesotho,LSO,family_planning_support,direct_support
1976,Liberia,LBR,family_planning_support,direct_support
1976,Libya,LBY,family_planning_support,no_support
1976,Liechtenstein,LIE,family_planning_support,no_support
1976,Luxembourg,LUX,family_planning_support,indirect_support
1976,Madagascar,MDG,family_planning_support,indirect_support
1976,Malawi,MWI,family_planning_support,limits
1976,Malaysia,MYS,family_planning_support,direct_support
1976,Maldives,MDV,family_planning_support,no_support
1976,Mali,MLI,family_planning_support,direct_support
1976,Malta,MLT,family_planning_support,no_support
1976,Mauritania,MRT,family_planning_support,no_support
1976,Mauritius,MUS,family_planning_support,direct_support
1976,Mexico,MEX,family_planning_support,direct_support
1976,Monaco,MCO,family_planning_support,direct_support
1976,Mongolia,MNG,family_planning_support,direct_support
1976,Morocco,MAR,family_planning_support,direct_support
1976,Mozambique,MOZ,family_planning_support,direct_support
1976,Myanmar,MMR,family_planning_support,no_support
1976,Nauru,NRU,family_planning_support,direct_support
1976,Nepal,NPL,family_planning_support,direct_support
1976,Netherlands,NLD,family_planning_support,indirect_support
1976,New Zealand,NZL,family_planning_support,direct_support
1976,Nicaragua,NIC,family_planning_support,direct_support
1976,Niger,NER,family_planning_support,no_support
1976,Nigeria,NGA,family_planning_support,direct_support
1976,Norway,NOR,family_planning_support,direct_support
1976,Oman,OMN,family_planning_support,no_support
1976,Pakistan,PAK,family_planning_support,direct_support
1976,Panama,PAN,family_planning_support,direct_support
1976,Papua New Guinea,PNG,family_planning_support,direct_support
1976,Paraguay,PRY,family_planning_support,direct_support
1976,Peru,PER,family_planning_support,direct_support
1976,Philippines,PHL,family_planning_support,direct_support
1976,Poland,POL,family_planning_support,direct_support
1976,Portugal,PRT,family_planning_support,direct_support
1976,Qatar,QAT,family_planning_support,no_support
1976,Republic of Korea,KOR,family_planning_support,direct_support
1976,Romania,ROU,family_planning_support,direct_support
1976,Rwanda,RWA,family_planning_support,no_support
1976,Samoa,WSM,family_planning_support,direct_support
1976,San Marino,SMR,family_planning_support,no_support
1976,Sao Tome and Principe,STP,family_planning_support,no_support
1976,Saudi Arabia,SAU,family_planning_support,limits
1976,Senegal,SEN,family_planning_support,no_support
1976,Seychelles,SYC,family_planning_support,direct_support
1976,Sierra Leone,SLE,family_planning_support,direct_support
1976,Singapore,SGP,family_planning_support,direct_support
1976,Somalia,,family_planning_support,no_support
1976,South Africa,ZAF,family_planning_support,direct_support
1976,Spain,ESP,family_planning_support,limits
1976,Sri Lanka,LKA,family_planning_support,direct_support
1976,Sudan (including South Sudan),,family_planning_support,direct_support
1976,Suriname,SUR,family_planning_support,no_support
1976,Swaziland,SWZ,family_planning_support,direct_support
1976,Sweden,SWE,family_planning_support,direct_support
1976,Switzerland,CHE,family_planning_support,indirect_support
1976,Syrian Arab Republic,SYR,family_planning_support,direct_support
1976,Thailand,THA,family_planning_support,direct_support
1976,Togo,TGO,family_planning_support,indirect_support
1976,Tonga,TON,family_planning_support,direct_support
1976,Trinidad and Tobago,TTO,family_planning_support,direct_support
1976,Tunisia,TUN,family_planning_support,direct_support
1976,Turkey,TUR,family_planning_support,direct_support
1976,Uganda,UGA,family_planning_support,direct_support
1976,Ukraine,UKR,family_planning_support,direct_support
1976,United Arab Emirates,ARE,family_planning_support,no_support
1976,United Kingdom,GBR,family_planning_support,direct_support
1976,United Republic of Tanzania,TZA,family_planning_support,direct_support
1976,United States of America,USA,family_planning_support,direct_support
1976,Uruguay,URY,family_planning_support,no_support
1976,Venezuela (Bolivarian Republic of),,family_planning_support,direct_support
1976,Viet Nam,VNM,family_planning_support,direct_support
1976,Yemen,YEM,family_planning_support,direct_support
1976,Zambia,ZMB,family_planning_support,direct_support
1986,Afghanistan,AFG,view_on_fertility_level,too_high
1986,Afghanistan,AFG,policy_on_fertility_level,no_intervention
1986,Albania,ALB,view_on_fertility_level,satisfactory
1986,Albania,ALB,policy_on_fertility_level,maintain
1986,Algeria,DZA,view_on_fertility_level,too_high
1986,Algeria,DZA,policy_on_fertility_level,lower
1986,Angola,AGO,view_on_fertility_level,satisfactory
1986,Angola,AGO,policy_on_fertility_level,no_intervention
1986,Antigua and Barbuda,ATG,view_on_fertility_level,too_high
1986,Antigua and Barbuda,ATG,policy_on_fertility_level,lower
1986,Argentina,ARG,view_on_fertility_level,satisfactory
1986,Argentina,ARG,policy_on_fertility_level,no_intervention
1986,Australia,AUS,view_on_fertility_level,satisfactory
1986,Australia,AUS,policy_on_fertility_level,no_intervention
1986,Austria,AUT,view_on_fertility_level,satisfactory
1986,Austria,AUT,policy_on_fertility_level,no_intervention
1986,Bahamas,BHS,view_on_fertility_level,satisfactory
1986,Bahamas,BHS,policy_on_fertility_level,no_intervention
1986,Bahrain,BHR,view_on_fertility_level,satisfactory
1986,Bahrain,BHR,policy_on_fertility_level,no_intervention
1986,Bangladesh,BGD,view_on_fertility_level,too_high
1986,Bangladesh,BGD,policy_on_fertility_level,lower
1986,Barbados,BRB,view_on_fertility_level,too_high
1986,Barbados,BRB,policy_on_fertility_level,lower
1986,Belarus,BLR,view_on_fertility_level,satisfactory
1986,Belarus,BLR,policy_on_fertility_level,maintain
1986,Belgium,BEL,view_on_fertility_level,satisfactory
1986,Belgium,BEL,policy_on_fertility_level,maintain
1986,Belize,BLZ,view_on_fertility_level,satisfactory
1986,Belize,BLZ,policy_on_fertility_level,no_intervention
1986,Benin,BEN,view_on_fertility_level,satisfactory
1986,Benin,BEN,policy_on_fertility_level,no_intervention
1986,Bhutan,BTN,view_on_fertility_level,satisfactory
1986,Bhutan,BTN,policy_on_fertility_level,no_intervention
1986,Bolivia (Plurinational State of),BOL,view_on_fertility_level,too_low
1986,Bolivia (Plurinational State of),BOL,policy_on_fertility_level,no_intervention
1986,Botswana,BWA,view_on_fertility_level,too_high
1986,Botswana,BWA,policy_on_fertility_level,lower
1986,Brazil,BRA,view_on_fertility_level,satisfactory
1986,Brazil,BRA,policy_on_fertility_level,no_intervention
1986,Brunei Darussalam,BRN,view_on_fertility_level,satisfactory
1986,Brunei Darussalam,BRN,policy_on_fertility_level,no_intervention
1986,Bulgaria,BGR,view_on_fertility_level,too_low
1986,Bulgaria,BGR,policy_on_fertility_level,raise
1986,Burkina Faso,BFA,view_on_fertility_level,satisfactory
1986,Burkina Faso,BFA,policy_on_fertility_level,no_intervention
1986,Burundi,BDI,view_on_fertility_level,too_high
1986,Burundi,BDI,policy_on_fertility_level,lower
1986,Cabo Verde,CPV,view_on_fertility_level,satisfactory
1986,Cabo Verde,CPV,policy_on_fertility_level,no_intervention
1986,Cambodia,KHM,view_on_fertility_level,too_low
1986,Cambodia,KHM,policy_on_fertility_level,raise
1986,Cameroon,CMR,view_on_fertility_level,too_high
1986,Cameroon,CMR,policy_on_fertility_level,no_intervention
1986,Canada,CAN,view_on_fertility_level,satisfactory
1986,Canada,CAN,policy_on_fertility_level,no_intervention
1986,Central African Republic,CAF,view_on_fertility_level,too_high
1986,Central African Republic,CAF,policy_on_fertility_level,no_intervention
1986,Chad,TCD,view_on_fertility_level,satisfactory
1986,Chad,TCD,policy_on_fertility_level,no_intervention
1986,Chile,CHL,view_on_fertility_level,too_low
1986,Chile,CHL,policy_on_fertility_level,no_intervention
1986,China,CHN,view_on_fertility_level,too_high
1986,China,CHN,policy_on_fertility_level,lower
1986,Colombia,COL,view_on_fertility_level,satisfactory
1986,Colombia,COL,policy_on_fertility_level,no_intervention
1986,Comoros,COM,view_on_fertility_level,too_high
1986,Comoros,COM,policy_on_fertility_level,lower
1986,Congo,,view_on_fertility_level,too_low
1986,Congo,,policy_on_fertility_level,no_intervention
1986,Costa Rica,CRI,view_on_fertility_level,satisfactory
1986,Costa Rica,CRI,policy_on_fertility_level,no_intervention
1986,Côte d'Ivoire,CIV,view_on_fertility_level,satisfactory
1986,Côte d'Ivoire,CIV,policy_on_fertility_level,raise
1986,Cuba,CUB,view_on_fertility_level,satisfactory
1986,Cuba,CUB,policy_on_fertility_level,no_intervention
1986,Cyprus,CYP,view_on_fertility_level,too_low
1986,Cyprus,CYP,policy_on_fertility_level,raise
1986,Democratic People's Republic of Korea,PRK,view_on_fertility_level,satisfactory
1986,Democratic People's Republic of Korea,PRK,policy_on_fertility_level,maintain
1986,Democratic Republic of the Congo,,view_on_fertility_level,satisfactory
1986,Democratic Republic of the Congo,,policy_on_fertility_level,no_intervention
1986,Denmark,DNK,view_on_fertility_level,satisfactory
1986,Denmark,DNK,policy_on_fertility_level,no_intervention
1986,Djibouti,DJI,view_on_fertility_level,satisfactory
1986,Djibouti,DJI,policy_on_fertility_level,no_intervention
1986,Dominica,DMA,view_on_fertility_level,too_high
1986,Dominica,DMA,policy_on_fertility_level,lower
1986,Dominican Republic,DOM,view_on_fertility_level,too_high
1986,Dominican Republic,DOM,policy_on_fertility_level,lower
1986,Ecuador,ECU,view_on_fertility_level,satisfactory
1986,Ecuador,ECU,policy_on_fertility_level,no_intervention
1986,Egypt,EGY,view_on_fertility_level,too_high
1986,Egypt,EGY,policy_on_fertility_level,lower
1986,El Salvador,SLV,view_on_fertility_level,too_high
1986,El Salvador,SLV,policy_on_fertility_level,lower
1986,Equatorial Guinea,GNQ,view_on_fertility_level,too_low
1986,Equatorial Guinea,GNQ,policy_on_fertility_level,raise
1986,Ethiopia,ETH,view_on_fertility_level,too_high
1986,Ethiopia,ETH,policy_on_fertility_level,no_intervention
1986,Fiji,FJI,view_on_fertility_level,too_high
1986,Fiji,FJI,policy_on_fertility_level,lower
1986,Finland,FIN,view_on_fertility_level,satisfactory
1986,Finland,FIN,policy_on_fertility_level,no_intervention
1986,France,FRA,view_on_fertility_level,too_low
1986,France,FRA,policy_on_fertility_level,raise
1986,Gabon,GAB,view_on_fertility_level,too_low
1986,Gabon,GAB,policy_on_fertility_level,raise
1986,Gambia,GMB,view_on_fertility_level,too_high
1986,Gambia,GMB,policy_on_fertility_level,lower
1986,Ghana,GHA,view_on_fertility_level,too_high
1986,Ghana,GHA,policy_on_fertility_level,lower
1986,Greece,GRC,view_on_fertility_level,too_low
1986,Greece,GRC,policy_on_fertility_level,raise
1986,Grenada,GRD,view_on_fertility_level,too_high
1986,Grenada,GRD,policy_on_fertility_level,lower
1986,Guatemala,GTM,view_on_fertility_level,satisfactory
1986,Guatemala,GTM,policy_on_fertility_level,no_intervention
1986,Guinea,GIN,view_on_fertility_level,too_high
1986,Guinea,GIN,policy_on_fertility_level,no_intervention
1986,Guinea-Bissau,GNB,view_on_fertility_level,satisfactory
1986,Guinea-Bissau,GNB,policy_on_fertility_level,no_intervention
1986,Guyana,GUY,view_on_fertility_level,satisfactory
1986,Guyana,GUY,policy_on_fertility_level,no_intervention
1986,Haiti,HTI,view_on_fertility_level,too_high
1986,Haiti,HTI,policy_on_fertility_level,lower
1986,Holy See,,view_on_fertility_level,satisfactory
1986,Holy See,,policy_on_fertility_level,no_intervention
1986,Honduras,HND,view_on_fertility_level,too_high
1986,Honduras,HND,policy_on_fertility_level,lower
1986,Hungary,HUN,view_on_fertility_level,too_low
1986,Hungary,HUN,policy_on_fertility_level,raise
1986,Iceland,ISL,view_on_fertility_level,satisfactory
1986,Iceland,ISL,policy_on_fertility_level,no_intervention
1986,India,IND,view_on_fertility_level,too_high
1986,India,IND,policy_on_fertility_level,lower
1986,Indonesia,IDN,view_on_fertility_level,too_high
1986,Indonesia,IDN,policy_on_fertility_level,lower
1986,Iran (Islamic Republic of),,view_on_fertility_level,satisfactory
1986,Iran (Islamic Republic of),,policy_on_fertility_level,no_intervention
1986,Iraq,IRQ,view_on_fertility_level,too_low
1986,Iraq,IRQ,policy_on_fertility_level,raise
1986,Ireland,IRL,view_on_fertility_level,satisfactory
1986,Ireland,IRL,policy_on_fertility_level,maintain
1986,Israel,ISR,view_on_fertility_level,too_low
1986,Israel,ISR,policy_on_fertility_level,raise
1986,Italy,ITA,view_on_fertility_level,satisfactory
1986,Italy,ITA,policy_on_fertility_level,no_intervention
1986,Jamaica,JAM,view_on_fertility_level,too_high
1986,Jamaica,JAM,policy_on_fertility_level,lower
1986,Japan,JPN,view_on_fertility_level,satisfactory
1986,Japan,JPN,policy_on_fertility_level,no_intervention
1986,Jordan,JOR,view_on_fertility_level,satisfactory
1986,Jordan,JOR,policy_on_fertility_level,no_intervention
1986,Kenya,KEN,view_on_fertility_level,too_high
1986,Kenya,KEN,policy_on_fertility_level,lower
1986,Kiribati,KIR,view_on_fertility_level,too_high
1986,Kiribati,KIR,policy_on_fertility_level,lower
1986,Kuwait,KWT,view_on_fertility_level,too_low
1986,Kuwait,KWT,policy_on_fertility_level,raise
1986,Lao People's Democratic Republic,,view_on_fertility_level,satisfactory
1986,Lao People's Democratic Republic,,policy_on_fertility_level,maintain
1986,Lebanon,LBN,view_on_fertility_level,satisfactory
1986,Lebanon,LBN,policy_on_fertility_level,no_intervention
1986,Lesotho,LSO,view_on_fertility_level,too_high
1986,Lesotho,LSO,policy_on_fertility_level,lower
1986,Liberia,LBR,view_on_fertility_level,too_high
1986,Liberia,LBR,policy_on_fertility_level,no_intervention
1986,Libya,LBY,view_on_fertility_level,satisfactory
1986,Libya,LBY,policy_on_fertility_level,no_intervention
1986,Liechtenstein,LIE,view_on_fertility_level,too_low
1986,Liechtenstein,LIE,policy_on_fertility_level,raise
1986,Luxembourg,LUX,view_on_fertility_level,too_low
1986,Luxembourg,LUX,policy_on_fertility_level,raise
1986,Madagascar,MDG,view_on_fertility_level,too_high
1986,Madagascar,MDG,policy_on_fertility_level,no_intervention
1986,Malawi,MWI,view_on_fertility_level,too_high
1986,Malawi,MWI,policy_on_fertility_level,no_intervention
1986,Malaysia,MYS,view_on_fertility_level,satisfactory
1986,Malaysia,MYS,policy_on_fertility_level,maintain
1986,Maldives,MDV,view_on_fertility_level,satisfactory
1986,Maldives,MDV,policy_on_fertility_level,no_intervention
1986,Mali,MLI,view_on_fertility_level,satisfactory
1986,Mali,MLI,policy_on_fertility_level,maintain
1986,Malta,MLT,view_on_fertility_level,satisfactory
1986,Malta,MLT,policy_on_fertility_level,no_intervention
1986,Mauritania,MRT,view_on_fertility_level,satisfactory
1986,Mauritania,MRT,policy_on_fertility_level,no_intervention
1986,Mauritius,MUS,view_on_fertility_level,too_high
1986,Mauritius,MUS,policy_on_fertility_level,lower
1986,Mexico,MEX,view_on_fertility_level,too_high
1986,Mexico,MEX,policy_on_fertility_level,lower
1986,Monaco,MCO,view_on_fertility_level,too_low
1986,Monaco,MCO,policy_on_fertility_level,raise
1986,Mongolia,MNG,view_on_fertility_level,too_low
1986,Mongolia,MNG,policy_on_fertility_level,raise
1986,Morocco,MAR,view_on_fertility_level,too_high
1986,Morocco,MAR,policy_on_fertility_level,lower
1986,Mozambique,MOZ,view_on_fertility_level,satisfactory
1986,Mozambique,MOZ,policy_on_fertility_level,no_intervention
1986,Myanmar,MMR,view_on_fertility_level,satisfactory
1986,Myanmar,MMR,policy_on_fertility_level,no_intervention
1986,Nauru,NRU,view_on_fertility_level,satisfactory
1986,Nauru,NRU,policy_on_fertility_level,maintain
1986,Nepal,NPL,view_on_fertility_level,too_high
1986,Nepal,NPL,policy_on_fertility_level,lower
1986,Netherlands,NLD,view_on_fertility_level,satisfactory
1986,Netherlands,NLD,policy_on_fertility_level,no_intervention
1986,New Zealand,NZL,view_on_fertility_level,satisfactory
1986,New Zealand,NZL,policy_on_fertility_level,no_intervention
1986,Nicaragua,NIC,view_on_fertility_level,satisfactory
1986,Nicaragua,NIC,policy_on_fertility_level,no_intervention
1986,Niger,NER,view_on_fertility_level,too_high
1986,Niger,NER,policy_on_fertility_level,lower
1986,Nigeria,NGA,view_on_fertility_level,too_high
1986,Nigeria,NGA,policy_on_fertility_level,lower
1986,Norway,NOR,view_on_fertility_level,satisfactory
1986,Norway,NOR,policy_on_fertility_level,no_intervention
1986,Oman,OMN,view_on_fertility_level,satisfactory
1986,Oman,OMN,policy_on_fertility_level,maintain
1986,Pakistan,PAK,view_on_fertility_level,too_high
1986,Pakistan,PAK,policy_on_fertility_level,lower
1986,Panama,PAN,view_on_fertility_level,satisfactory
1986,Panama,PAN,policy_on_fertility_level,no_intervention
1986,Papua New Guinea,PNG,view_on_fertility_level,too_high
1986,Papua New Guinea,PNG,policy_on_fertility_level,no_intervention
1986,Paraguay,PRY,view_on_fertility_level,satisfactory
1986,Paraguay,PRY,policy_on_fertility_level,no_intervention
1986,Peru,PER,view_on_fertility_level,too_high
1986,Peru,PER,policy_on_fertility_level,lower
1986,Philippines,PHL,view_on_fertility_level,too_high
1986,Philippines,PHL,policy_on_fertility_level,lower
1986,Poland,POL,view_on_fertility_level,satisfactory
1986,Poland,POL,policy_on_fertility_level,maintain
1986,Portugal,PRT,view_on_fertility_level,satisfactory
1986,Portugal,PRT,policy_on_fertility_level,no_intervention
1986,Qatar,QAT,view_on_fertility_level,satisfactory
1986,Qatar,QAT,policy_on_fertility_level,maintain
1986,Republic of Korea,KOR,view_on_fertility_level,too_high
1986,Republic of Korea,KOR,policy_on_fertility_level,lower
1986,Romania,ROU,view_on_fertility_level,too_low
1986,Romania,ROU,policy_on_fertility_level,raise
1986,Rwanda,RWA,view_on_fertility_level,too_high
1986,Rwanda,RWA,policy_on_fertility_level,lower
1986,Saint Kitts and Nevis,KNA,view_on_fertility_level,too_high
1986,Saint Kitts and Nevis,KNA,policy_on_fertility_level,lower
1986,Saint Lucia,LCA,view_on_fertility_level,too_high
1986,Saint Lucia,LCA,policy_on_fertility_level,lower
1986,Saint Vincent and the Grenadines,VCT,view_on_fertility_level,too_high
1986,Saint Vincent and the Grenadines,VCT,policy_on_fertility_level,lower
1986,Samoa,WSM,view_on_fertility_level,too_high
1986,Samoa,WSM,policy_on_fertility_level,lower
1986,San Marino,SMR,view_on_fertility_level,satisfactory
1986,San Marino,SMR,policy_on_fertility_level,no_intervention
1986,Sao Tome and Principe,STP,view_on_fertility_level,satisfactory
1986,Sao Tome and Principe,STP,policy_on_fertility_level,maintain
1986,Saudi Arabia,SAU,view_on_fertility_level,satisfactory
1986,Saudi Arabia,SAU,policy_on_fertility_level,maintain
1986,Senegal,SEN,view_on_fertility_level,too_high
1986,Senegal,SEN,policy_on_fertility_level,lower
1986,Seychelles,SYC,view_on_fertility_level,too_high
1986,Seychelles,SYC,policy_on_fertility_level,lower
1986,Sierra Leone,SLE,view_on_fertility_level,too_high
1986,Sierra Leone,SLE,policy_on_fertility_level,no_intervention
1986,Singapore,SGP,view_on_fertility_level,too_low
1986,Singapore,SGP,policy_on_fertility_level,raise
1986,Solomon Islands,SLB,view_on_fertility_level,too_high
1986,Solomon Islands,SLB,policy_on_fertility_level,no_intervention
1986,Somalia,,view_on_fertility_level,satisfactory
1986,Somalia,,policy_on_fertility_level,no_intervention
1986,South Africa,ZAF,view_on_fertility_level,too_high
1986,South Africa,ZAF,policy_on_fertility_level,lower
1986,Spain,ESP,view_on_fertility_level,satisfactory
1986,Spain,ESP,policy_on_fertility_level,no_intervention
1986,Sri Lanka,LKA,view_on_fertility_level,too_high
1986,Sri Lanka,LKA,policy_on_fertility_level,lower
1986,Sudan (including South Sudan),,view_on_fertility_level,satisfactory
1986,Sudan (including South Sudan),,policy_on_fertility_level,no_intervention
1986,Suriname,SUR,view_on_fertility_level,satisfactory
1986,Suriname,SUR,policy_on_fertility_level,no_intervention
1986,Swaziland,SWZ,view_on_fertility_level,too_high
1986,Swaziland,SWZ,policy_on_fertility_level,lower
1986,Sweden,SWE,view_on_fertility_level,too_low
1986,Sweden,SWE,policy_on_fertility_level,no_intervention
1986,Switzerland,CHE,view_on_fertility_level,satisfactory
1986,Switzerland,CHE,policy_on_fertility_level,no_intervention
1986,Syrian Arab Republic,SYR,view_on_fertility_level,satisfactory
1986,Syrian Arab Republic,SYR,policy_on_fertility_level,no_intervention
1986,Thailand,THA,view_on_fertility_level,too_high
1986,Thailand,THA,policy_on_fertility_level,lower
1986,Togo,TGO,view_on_fertility_level,satisfactory
1986,Togo,TGO,policy_on_fertility_level,maintain
1986,Tonga,TON,view_on_fertility_level,too_high
1986,Tonga,TON,policy_on_fertility_level,lower
1986,Trinidad and Tobago,TTO,view_on_fertility_level,too_high
1986,Trinidad and Tobago,TTO,policy_on_fertility_level,lower
1986,Tunisia,TUN,view_on_fertility_level,too_high
1986,Tunisia,TUN,policy_on_fertility_level,lower
1986,Turkey,TUR,view_on_fertility_level,too_high
1986,Turkey,TUR,policy_on_fertility_level,lower
1986,Tuvalu,TUV,view_on_fertility_level,too_high
1986,Tuvalu,TUV,policy_on_fertility_level,lower
1986,Uganda,UGA,view_on_fertility_level,too_high
1986,Uganda,UGA,policy_on_fertility_level,lower
1986,Ukraine,UKR,view_on_fertility_level,satisfactory
1986,Ukraine,UKR,policy_on_fertility_level,maintain
1986,United Arab Emirates,ARE,view_on_fertility_level,satisfactory
1986,United Arab Emirates,ARE,policy_on_fertility_level,raise
1986,United Kingdom,GBR,view_on_fertility_level,satisfactory
1986,United Kingdom,GBR,policy_on_fertility_level,no_intervention
1986,United Republic of Tanzania,TZA,view_on_fertility_level,too_high
1986,United Republic of Tanzania,TZA,policy_on_fertility_level,no_intervention
1986,United States of America,USA,view_on_fertility_level,satisfactory
1986,United States of America,USA,policy_on_fertility_level,no_intervention
1986,Uruguay,URY,view_on_fertility_level,too_low
1986,Uruguay,URY,policy_on_fertility_level,no_intervention
1986,Vanuatu,VUT,view_on_fertility_level,satisfactory
1986,Vanuatu,VUT,policy_on_fertility_level,no_intervention
1986,Venezuela (Bolivarian Republic of),,view_on_fertility_level,satisfactory
1986,Venezuela (Bolivarian Republic of),,policy_on_fertility_level,no_intervention
1986,Viet Nam,VNM,view_on_fertility_level,too_high
1986,Viet Nam,VNM,policy_on_fertility_level,lower
1986,Yemen,YEM,view_on_fertility_level,too_high
1986,Yemen,YEM,policy_on_fertility_level,lower
1986,Zambia,ZMB,view_on_fertility_level,too_high
1986,Zambia,ZMB,policy_on_fertility_level,no_intervention
1986,Zimbabwe,ZWE,view_on_fertility_level,too_high
1986,Zimbabwe,ZWE,policy_on_fertility_level,lower
1986,Afghanistan,AFG,family_planning_support,direct_support
1986,Albania,ALB,family_planning_support,direct_support
1986,Algeria,DZA,family_planning_support,direct_support
1986,Angola,AGO,family_planning_support,direct_support
1986,Antigua and Barbuda,ATG,family_planning_support,direct_support
1986,Argentina,ARG,family_planning_support,no_support
1986,Australia,AUS,family_planning_support,indirect_support
1986,Austria,AUT,family_planning_support,direct_support
1986,Bahamas,BHS,family_planning_support,indirect_support
1986,Bahrain,BHR,family_planning_support,direct_support
1986,Bangladesh,BGD,family_planning_support,direct_support
1986,Barbados,BRB,family_planning_support,direct_support
1986,Belarus,BLR,family_planning_support,direct_support
1986,Belgium,BEL,family_planning_support,indirect_support
1986,Belize,BLZ,family_planning_support,no_support
1986,Benin,BEN,family_planning_support,indirect_support
1986,Bhutan,BTN,family_planning_support,direct_support
1986,Bolivia (Plurinational State of),BOL,family_planning_support,indirect_support
1986,Botswana,BWA,family_planning_support,direct_support
1986,Brazil,BRA,family_planning_support,direct_support
1986,Brunei Darussalam,BRN,family_planning_support,no_support
1986,Bulgaria,BGR,family_planning_support,direct_support
1986,Burkina Faso,BFA,family_planning_support,indirect_support
1986,Burundi,BDI,family_planning_support,direct_support
1986,Cabo Verde,CPV,family_planning_support,direct_support
1986,Cambodia,KHM,family_planning_support,limits
1986,Cameroon,CMR,family_planning_support,direct_support
1986,Canada,CAN,family_planning_support,direct_support
1986,Central African Republic,CAF,family_planning_support,direct_support
1986,Chad,TCD,family_planning_support,no_support
1986,Chile,CHL,family_planning_support,direct_support
1986,China,CHN,family_planning_support,direct_support
1986,Colombia,COL,family_planning_support,direct_support
1986,Comoros,COM,family_planning_support,direct_support
1986,Congo,,family_planning_support,direct_support
1986,Costa Rica,CRI,family_planning_support,direct_support
1986,Côte d'Ivoire,CIV,family_planning_support,no_support
1986,Cuba,CUB,family_planning_support,direct_support
1986,Cyprus,CYP,family_planning_support,direct_support
1986,Democratic People's Republic of Korea,PRK,family_planning_support,direct_support
1986,Democratic Republic of the Congo,,family_planning_support,indirect_support
1986,Denmark,DNK,family_planning_support,direct_support
1986,Djibouti,DJI,family_planning_support,no_support
1986,Dominica,DMA,family_planning_support,direct_support
1986,Dominican Republic,DOM,family_planning_support,direct_support
1986,Ecuador,ECU,family_planning_support,direct_support
1986,Egypt,EGY,family_planning_support,direct_support
1986,El Salvador,SLV,family_planning_support,direct_support
1986,Equatorial Guinea,GNQ,family_planning_support,no_support
1986,Ethiopia,ETH,family_planning_support,direct_support
1986,Fiji,FJI,family_planning_support,direct_support
1986,Finland,FIN,family_planning_support,direct_support
1986,France,FRA,family_planning_support,indirect_support
1986,Gabon,GAB,family_planning_support,no_support
1986,Gambia,GMB,family_planning_support,direct_support
1986,Ghana,GHA,family_planning_support,direct_support
1986,Greece,GRC,family_planning_support,no_support
1986,Grenada,GRD,family_planning_support,direct_support
1986,Guatemala,GTM,family_planning_support,direct_support
1986,Guinea,GIN,family_planning_support,direct_support
1986,Guinea-Bissau,GNB,family_planning_support,direct_support
1986,Guyana,GUY,family_planning_support,direct_support
1986,Haiti,HTI,family_planning_support,direct_support
1986,Holy See,,family_planning_support,limits
1986,Honduras,HND,family_planning_support,direct_support
1986,Hungary,HUN,family_planning_support,direct_support
1986,Iceland,ISL,family_planning_support,direct_support
1986,India,IND,family_planning_support,direct_support
1986,Indonesia,IDN,family_planning_support,direct_support
1986,Iran (Islamic Republic of),,family_planning_support,indirect_support
1986,Iraq,IRQ,family_planning_support,limits
1986,Ireland,IRL,family_planning_support,limits
1986,Israel,ISR,family_planning_support,direct_support
1986,Italy,ITA,family_planning_support,direct_support
1986,Jamaica,JAM,family_planning_support,direct_support
1986,Japan,JPN,family_planning_support,direct_support
1986,Jordan,JOR,family_planning_support,indirect_support
1986,Kenya,KEN,family_planning_support,direct_support
1986,Kiribati,KIR,family_planning_support,direct_support
1986,Kuwait,KWT,family_planning_support,no_support
1986,Lao People's Democratic Republic,,family_planning_support,limits
1986,Lebanon,LBN,family_planning_support,indirect_support
1986,Lesotho,LSO,family_planning_support,direct_support
1986,Liberia,LBR,family_planning_support,indirect_support
1986,Libya,LBY,family_planning_support,no_support
1986,Liechtenstein,LIE,family_planning_support,no_support
1986,Luxembourg,LUX,family_planning_support,indirect_support
1986,Madagascar,MDG,family_planning_support,direct_support
1986,Malawi,MWI,family_planning_support,direct_support
1986,Malaysia,MYS,family_planning_support,direct_support
1986,Maldives,MDV,family_planning_support,direct_support
1986,Mali,MLI,family_planning_support,direct_support
1986,Malta,MLT,family_planning_support,no_support
1986,Mauritania,MRT,family_planning_support,no_support
1986,Mauritius,MUS,family_planning_support,direct_support
1986,Mexico,MEX,family_planning_support,direct_support
1986,Monaco,MCO,family_planning_support,direct_support
1986,Mongolia,MNG,family_planning_support,direct_support
1986,Morocco,MAR,family_planning_support,direct_support
1986,Mozambique,MOZ,family_planning_support,direct_support
1986,Myanmar,MMR,family_planning_support,indirect_support
1986,Nauru,NRU,family_planning_support,direct_support
1986,Nepal,NPL,family_planning_support,direct_support
1986,Netherlands,NLD,family_planning_support,indirect_support
1986,New Zealand,NZL,family_planning_support,indirect_support
1986,Nicaragua,NIC,family_planning_support,indirect_support
1986,Niger,NER,family_planning_support,direct_support
1986,Nigeria,NGA,family_planning_support,direct_support
1986,Norway,NOR,family_planning_support,direct_support
1986,Oman,OMN,family_planning_support,no_support
1986,Pakistan,PAK,family_planning_support,direct_support
1986,Panama,PAN,family_planning_support,direct_support
1986,Papua New Guinea,PNG,family_planning_support,direct_support
1986,Paraguay,PRY,family_planning_support,indirect_support
1986,Peru,PER,family_planning_support,direct_support
1986,Philippines,PHL,family_planning_support,direct_support
1986,Poland,POL,family_planning_support,direct_support
1986,Portugal,PRT,family_planning_support,direct_support
1986,Qatar,QAT,family_planning_support,no_support
1986,Republic of Korea,KOR,family_planning_support,direct_support
1986,Romania,ROU,family_planning_support,limits
1986,Rwanda,RWA,family_planning_support,direct_support
1986,Saint Kitts and Nevis,KNA,family_planning_support,direct_support
1986,Saint Lucia,LCA,family_planning_support,direct_support
1986,Saint Vincent and the Grenadines,VCT,family_planning_support,direct_support
1986,Samoa,WSM,family_planning_support,direct_support
1986,San Marino,SMR,family_planning_support,no_support
1986,Sao Tome and Principe,STP,family_planning_support,direct_support
1986,Saudi Arabia,SAU,family_planning_support,limits
1986,Senegal,SEN,family_planning_support,direct_support
1986,Seychelles,SYC,family_planning_support,direct_support
1986,Sierra Leone,SLE,family_planning_support,indirect_support
1986,Singapore,SGP,family_planning_support,direct_support
1986,Solomon Islands,SLB,family_planning_support,direct_support
1986,Somalia,,family_planning_support,indirect_support
1986,South Africa,ZAF,family_planning_support,direct_support
1986,Spain,ESP,family_planning_support,direct_support
1986,Sri Lanka,LKA,family_planning_support,direct_support
1986,Sudan (including South Sudan),,family_planning_support,direct_support
1986,Suriname,SUR,family_planning_support,direct_support
1986,Swaziland,SWZ,family_planning_support,direct_support
1986,Sweden,SWE,family_planning_support,direct_support
1986,Switzerland,CHE,family_planning_support,indirect_support
1986,Syrian Arab Republic,SYR,family_planning_support,direct_support
1986,Thailand,THA,family_planning_support,direct_support
1986,Togo,TGO,family_planning_support,direct_support
1986,Tonga,TON,family_planning_support,direct_support
1986,Trinidad and Tobago,TTO,family_planning_support,direct_support
1986,Tunisia,TUN,family_planning_support,direct_support
1986,Turkey,TUR,family_planning_support,direct_support
1986,Tuvalu,TUV,family_planning_support,direct_support
1986,Uganda,UGA,family_planning_support,direct_support
1986,Ukraine,UKR,family_planning_support,direct_support
1986,United Arab Emirates,ARE,family_planning_support,no_support
1986,United Kingdom,GBR,family_planning_support,indirect_support
1986,United Republic of Tanzania,TZA,family_planning_support,direct_support
1986,United States of America,USA,family_planning_support,direct_support
1986,Uruguay,URY,family_planning_support,direct_support
1986,Vanuatu,VUT,family_planning_support,direct_support
1986,Venezuela (Bolivarian Republic of),,family_planning_support,direct_support
1986,Viet Nam,VNM,family_planning_support,direct_support
1986,Yemen,YEM,family_planning_support,direct_support
1986,Zambia,ZMB,family_planning_support,direct_support
1986,Zimbabwe,ZWE,family_planning_support,direct_support
1996,Afghanistan,AFG,view_on_fertility_level,too_high
1996,Afghanistan,AFG,policy_on_fertility_level,no_intervention
1996,Afghanistan,AFG,concern_about_adolescent_fertility,
1996,Afghanistan,AFG,policies_reduce_adolescent_fertility,
1996,Albania,ALB,view_on_fertility_level,satisfactory
1996,Albania,ALB,policy_on_fertility_level,maintain
1996,Albania,ALB,concern_about_adolescent_fertility,
1996,Albania,ALB,policies_reduce_adolescent_fertility,
1996,Algeria,DZA,view_on_fertility_level,too_high
1996,Algeria,DZA,policy_on_fertility_level,lower
1996,Algeria,DZA,concern_about_adolescent_fertility,not_a_concern
1996,Algeria,DZA,policies_reduce_adolescent_fertility,no
1996,Andorra,AND,view_on_fertility_level,satisfactory
1996,Andorra,AND,policy_on_fertility_level,maintain
1996,Andorra,AND,concern_about_adolescent_fertility,
1996,Andorra,AND,policies_reduce_adolescent_fertility,
1996,Angola,AGO,view_on_fertility_level,too_high
1996,Angola,AGO,policy_on_fertility_level,no_intervention
1996,Angola,AGO,concern_about_adolescent_fertility,major_concern
1996,Angola,AGO,policies_reduce_adolescent_fertility,yes
1996,Antigua and Barbuda,ATG,view_on_fertility_level,satisfactory
1996,Antigua and Barbuda,ATG,policy_on_fertility_level,no_intervention
1996,Antigua and Barbuda,ATG,concern_about_adolescent_fertility,
1996,Antigua and Barbuda,ATG,policies_reduce_adolescent_fertility,
1996,Argentina,ARG,view_on_fertility_level,satisfactory
1996,Argentina,ARG,policy_on_fertility_level,no_intervention
1996,Argentina,ARG,concern_about_adolescent_fertility,major_concern
1996,Argentina,ARG,policies_reduce_adolescent_fertility,yes
1996,Armenia,ARM,view_on_fertility_level,satisfactory
1996,Armenia,ARM,policy_on_fertility_level,raise
1996,Armenia,ARM,concern_about_adolescent_fertility,
1996,Armenia,ARM,policies_reduce_adolescent_fertility,no
1996,Australia,AUS,view_on_fertility_level,satisfactory
1996,Australia,AUS,policy_on_fertility_level,no_intervention
1996,Australia,AUS,concern_about_adolescent_fertility,minor_concern
1996,Australia,AUS,policies_reduce_adolescent_fertility,
1996,Austria,AUT,view_on_fertility_level,satisfactory
1996,Austria,AUT,policy_on_fertility_level,no_intervention
1996,Austria,AUT,concern_about_adolescent_fertility,not_a_concern
1996,Austria,AUT,policies_reduce_adolescent_fertility,no
1996,Azerbaijan,AZE,view_on_fertility_level,satisfactory
1996,Azerbaijan,AZE,policy_on_fertility_level,maintain
1996,Azerbaijan,AZE,concern_about_adolescent_fertility,
1996,Azerbaijan,AZE,policies_reduce_adolescent_fertility,no
1996,Bahamas,BHS,view_on_fertility_level,satisfactory
1996,Bahamas,BHS,policy_on_fertility_level,no_intervention
1996,Bahamas,BHS,concern_about_adolescent_fertility,minor_concern
1996,Bahamas,BHS,policies_reduce_adolescent_fertility,
1996,Bahrain,BHR,view_on_fertility_level,satisfactory
1996,Bahrain,BHR,policy_on_fertility_level,lower
1996,Bahrain,BHR,concern_about_adolescent_fertility,not_a_concern
1996,Bahrain,BHR,policies_reduce_adolescent_fertility,no
1996,Bangladesh,BGD,view_on_fertility_level,too_high
1996,Bangladesh,BGD,policy_on_fertility_level,lower
1996,Bangladesh,BGD,concern_about_adolescent_fertility,minor_concern
1996,Bangladesh,BGD,policies_reduce_adolescent_fertility,yes
1996,Barbados,BRB,view_on_fertility_level,satisfactory
1996,Barbados,BRB,policy_on_fertility_level,no_intervention
1996,Barbados,BRB,concern_about_adolescent_fertility,minor_concern
1996,Barbados,BRB,policies_reduce_adolescent_fertility,yes
1996,Belarus,BLR,view_on_fertility_level,satisfactory
1996,Belarus,BLR,policy_on_fertility_level,raise
1996,Belarus,BLR,concern_about_adolescent_fertility,major_concern
1996,Belarus,BLR,policies_reduce_adolescent_fertility,no
1996,Belgium,BEL,view_on_fertility_level,satisfactory
1996,Belgium,BEL,policy_on_fertility_level,no_intervention
1996,Belgium,BEL,concern_about_adolescent_fertility,minor_concern
1996,Belgium,BEL,policies_reduce_adolescent_fertility,
1996,Belize,BLZ,view_on_fertility_level,too_high
1996,Belize,BLZ,policy_on_fertility_level,no_intervention
1996,Belize,BLZ,concern_about_adolescent_fertility,major_concern
1996,Belize,BLZ,policies_reduce_adolescent_fertility,yes
1996,Benin,BEN,view_on_fertility_level,satisfactory
1996,Benin,BEN,policy_on_fertility_level,no_intervention
1996,Benin,BEN,concern_about_adolescent_fertility,minor_concern
1996,Benin,BEN,policies_reduce_adolescent_fertility,no
1996,Bhutan,BTN,view_on_fertility_level,satisfactory
1996,Bhutan,BTN,policy_on_fertility_level,no_intervention
1996,Bhutan,BTN,concern_about_adolescent_fertility,
1996,Bhutan,BTN,policies_reduce_adolescent_fertility,
1996,Bolivia (Plurinational State of),BOL,view_on_fertility_level,satisfactory
1996,Bolivia (Plurinational State of),BOL,policy_on_fertility_level,no_intervention
1996,Bolivia (Plurinational State of),BOL,concern_about_adolescent_fertility,minor_concern
1996,Bolivia (Plurinational State of),BOL,policies_reduce_adolescent_fertility,yes
1996,Bosnia and Herzegovina,BIH,view_on_fertility_level,too_low
1996,Bosnia and Herzegovina,BIH,policy_on_fertility_level,no_intervention
1996,Bosnia and Herzegovina,BIH,concern_about_adolescent_fertility,
1996,Bosnia and Herzegovina,BIH,policies_reduce_adolescent_fertility,
1996,Botswana,BWA,view_on_fertility_level,too_high
1996,Botswana,BWA,policy_on_fertility_level,lower
1996,Botswana,BWA,concern_about_adolescent_fertility,major_concern
1996,Botswana,BWA,policies_reduce_adolescent_fertility,no
1996,Brazil,BRA,view_on_fertility_level,satisfactory
1996,Brazil,BRA,policy_on_fertility_level,no_intervention
1996,Brazil,BRA,concern_about_adolescent_fertility,major_concern
1996,Brazil,BRA,policies_reduce_adolescent_fertility,yes
1996,Brunei Darussalam,BRN,view_on_fertility_level,satisfactory
1996,Brunei Darussalam,BRN,policy_on_fertility_level,no_intervention
1996,Brunei Darussalam,BRN,concern_about_adolescent_fertility,not_a_concern
1996,Brunei Darussalam,BRN,policies_reduce_adolescent_fertility,no
1996,Bulgaria,BGR,view_on_fertility_level,too_low
1996,Bulgaria,BGR,policy_on_fertility_level,raise
1996,Bulgaria,BGR,concern_about_adolescent_fertility,not_a_concern
1996,Bulgaria,BGR,policies_reduce_adolescent_fertility,no
1996,Burkina Faso,BFA,view_on_fertility_level,too_high
1996,Burkina Faso,BFA,policy_on_fertility_level,lower
1996,Burkina Faso,BFA,concern_about_adolescent_fertility,major_concern
1996,Burkina Faso,BFA,policies_reduce_adolescent_fertility,yes
1996,Burundi,BDI,view_on_fertility_level,too_high
1996,Burundi,BDI,policy_on_fertility_level,lower
1996,Burundi,BDI,concern_about_adolescent_fertility,not_a_concern
1996,Burundi,BDI,policies_reduce_adolescent_fertility,no
1996,Cabo Verde,CPV,view_on_fertility_level,too_high
1996,Cabo Verde,CPV,policy_on_fertility_level,lower
1996,Cabo Verde,CPV,concern_about_adolescent_fertility,
1996,Cabo Verde,CPV,policies_reduce_adolescent_fertility,no
1996,Cambodia,KHM,view_on_fertility_level,too_high
1996,Cambodia,KHM,policy_on_fertility_level,lower
1996,Cambodia,KHM,concern_about_adolescent_fertility,
1996,Cambodia,KHM,policies_reduce_adolescent_fertility,
1996,Cameroon,CMR,view_on_fertility_level,too_high
1996,Cameroon,CMR,policy_on_fertility_level,lower
1996,Cameroon,CMR,concern_about_adolescent_fertility,major_concern
1996,Cameroon,CMR,policies_reduce_adolescent_fertility,yes
1996,Canada,CAN,view_on_fertility_level,satisfactory
1996,Canada,CAN,policy_on_fertility_level,no_intervention
1996,Canada,CAN,concern_about_adolescent_fertility,minor_concern
1996,Canada,CAN,policies_reduce_adolescent_fertility,yes
1996,Central African Republic,CAF,view_on_fertility_level,too_high
1996,Central African Republic,CAF,policy_on_fertility_level,no_intervention
1996,Central African Republic,CAF,concern_about_adolescent_fertility,not_a_concern
1996,Central African Republic,CAF,policies_reduce_adolescent_fertility,
1996,Chad,TCD,view_on_fertility_level,satisfactory
1996,Chad,TCD,policy_on_fertility_level,no_intervention
1996,Chad,TCD,concern_about_adolescent_fertility,
1996,Chad,TCD,policies_reduce_adolescent_fertility,
1996,Chile,CHL,view_on_fertility_level,satisfactory
1996,Chile,CHL,policy_on_fertility_level,no_intervention
1996,Chile,CHL,concern_about_adolescent_fertility,major_concern
1996,Chile,CHL,policies_reduce_adolescent_fertility,yes
1996,China,CHN,view_on_fertility_level,satisfactory
1996,China,CHN,policy_on_fertility_level,lower
1996,China,CHN,concern_about_adolescent_fertility,major_concern
1996,China,CHN,policies_reduce_adolescent_fertility,yes
1996,Colombia,COL,view_on_fertility_level,satisfactory
1996,Colombia,COL,policy_on_fertility_level,no_intervention
1996,Colombia,COL,concern_about_adolescent_fertility,not_a_concern
1996,Colombia,COL,policies_reduce_adolescent_fertility,no
1996,Comoros,COM,view_on_fertility_level,too_high
1996,Comoros,COM,policy_on_fertility_level,lower
1996,Comoros,COM,concern_about_adolescent_fertility,major_concern
1996,Comoros,COM,policies_reduce_adolescent_fertility,no
1996,Congo,,view_on_fertility_level,too_high
1996,Congo,,policy_on_fertility_level,lower
1996,Congo,,concern_about_adolescent_fertility,major_concern
1996,Congo,,policies_reduce_adolescent_fertility,yes
1996,Cook Islands,,view_on_fertility_level,satisfactory
1996,Cook Islands,,policy_on_fertility_level,maintain
1996,Cook Islands,,concern_about_adolescent_fertility,minor_concern
1996,Cook Islands,,policies_reduce_adolescent_fertility,yes
1996,Costa Rica,CRI,view_on_fertility_level,too_high
1996,Costa Rica,CRI,policy_on_fertility_level,lower
1996,Costa Rica,CRI,concern_about_adolescent_fertility,
1996,Costa Rica,CRI,policies_reduce_adolescent_fertility,
1996,Côte d'Ivoire,CIV,view_on_fertility_level,satisfactory
1996,Côte d'Ivoire,CIV,policy_on_fertility_level,raise
1996,Côte d'Ivoire,CIV,concern_about_adolescent_fertility,
1996,Côte d'Ivoire,CIV,policies_reduce_adolescent_fertility,
1996,Croatia,HRV,view_on_fertility_level,too_low
1996,Croatia,HRV,policy_on_fertility_level,raise
1996,Croatia,HRV,concern_about_adolescent_fertility,not_a_concern
1996,Croatia,HRV,policies_reduce_adolescent_fertility,
1996,Cuba,CUB,view_on_fertility_level,satisfactory
1996,Cuba,CUB,policy_on_fertility_level,no_intervention
1996,Cuba,CUB,concern_about_adolescent_fertility,major_concern
1996,Cuba,CUB,policies_reduce_adolescent_fertility,yes
1996,Cyprus,CYP,view_on_fertility_level,too_low
1996,Cyprus,CYP,policy_on_fertility_level,raise
1996,Cyprus,CYP,concern_about_adolescent_fertility,minor_concern
1996,Cyprus,CYP,policies_reduce_adolescent_fertility,no
1996,Czech Republic,CZE,view_on_fertility_level,satisfactory
1996,Czech Republic,CZE,policy_on_fertility_level,no_intervention
1996,Czech Republic,CZE,concern_about_adolescent_fertility,
1996,Czech Republic,CZE,policies_reduce_adolescent_fertility,
1996,Democratic People's Republic of Korea,PRK,view_on_fertility_level,satisfactory
1996,Democratic People's Republic of Korea,PRK,policy_on_fertility_level,maintain
1996,Democratic People's Republic of Korea,PRK,concern_about_adolescent_fertility,
1996,Democratic People's Republic of Korea,PRK,policies_reduce_adolescent_fertility,
1996,Democratic Republic of the Congo,,view_on_fertility_level,satisfactory
1996,Democratic Republic of the Congo,,policy_on_fertility_level,no_intervention
1996,Democratic Republic of the Congo,,concern_about_adolescent_fertility,minor_concern
1996,Democratic Republic of the Congo,,policies_reduce_adolescent_fertility,yes
1996,Denmark,DNK,view_on_fertility_level,satisfactory
1996,Denmark,DNK,policy_on_fertility_level,no_intervention
1996,Denmark,DNK,concern_about_adolescent_fertility,minor_concern
1996,Denmark,DNK,policies_reduce_adolescent_fertility,yes
1996,Djibouti,DJI,view_on_fertility_level,satisfactory
1996,Djibouti,DJI,policy_on_fertility_level,no_intervention
1996,Djibouti,DJI,concern_about_adolescent_fertility,not_a_concern
1996,Djibouti,DJI,policies_reduce_adolescent_fertility,
1996,Dominica,DMA,view_on_fertility_level,too_high
1996,Dominica,DMA,policy_on_fertility_level,lower
1996,Dominica,DMA,concern_about_adolescent_fertility,
1996,Dominica,DMA,policies_reduce_adolescent_fertility,
1996,Dominican Republic,DOM,view_on_fertility_level,too_high
1996,Dominican Republic,DOM,policy_on_fertility_level,lower
1996,Dominican Republic,DOM,concern_about_adolescent_fertility,major_concern
1996,Dominican Republic,DOM,policies_reduce_adolescent_fertility,no
1996,Ecuador,ECU,view_on_fertility_level,too_high
1996,Ecuador,ECU,policy_on_fertility_level,lower
1996,Ecuador,ECU,concern_about_adolescent_fertility,major_concern
1996,Ecuador,ECU,policies_reduce_adolescent_fertility,yes
1996,Egypt,EGY,view_on_fertility_level,too_high
1996,Egypt,EGY,policy_on_fertility_level,lower
1996,Egypt,EGY,concern_about_adolescent_fertility,major_concern
1996,Egypt,EGY,policies_reduce_adolescent_fertility,no
1996,El Salvador,SLV,view_on_fertility_level,too_high
1996,El Salvador,SLV,policy_on_fertility_level,lower
1996,El Salvador,SLV,concern_about_adolescent_fertility,minor_concern
1996,El Salvador,SLV,policies_reduce_adolescent_fertility,no
1996,Equatorial Guinea,GNQ,view_on_fertility_level,satisfactory
1996,Equatorial Guinea,GNQ,policy_on_fertility_level,maintain
1996,Equatorial Guinea,GNQ,concern_about_adolescent_fertility,
1996,Equatorial Guinea,GNQ,policies_reduce_adolescent_fertility,
1996,Eritrea,ERI,view_on_fertility_level,too_high
1996,Eritrea,ERI,policy_on_fertility_level,lower
1996,Eritrea,ERI,concern_about_adolescent_fertility,
1996,Eritrea,ERI,policies_reduce_adolescent_fertility,
1996,Estonia,EST,view_on_fertility_level,too_low
1996,Estonia,EST,policy_on_fertility_level,raise
1996,Estonia,EST,concern_about_adolescent_fertility,not_a_concern
1996,Estonia,EST,policies_reduce_adolescent_fertility,no
1996,Ethiopia,ETH,view_on_fertility_level,too_high
1996,Ethiopia,ETH,policy_on_fertility_level,lower
1996,Ethiopia,ETH,concern_about_adolescent_fertility,major_concern
1996,Ethiopia,ETH,policies_reduce_adolescent_fertility,yes
1996,Fiji,FJI,view_on_fertility_level,too_high
1996,Fiji,FJI,policy_on_fertility_level,lower
1996,Fiji,FJI,concern_about_adolescent_fertility,
1996,Fiji,FJI,policies_reduce_adolescent_fertility,
1996,Finland,FIN,view_on_fertility_level,satisfactory
1996,Finland,FIN,policy_on_fertility_level,raise
1996,Finland,FIN,concern_about_adolescent_fertility,minor_concern
1996,Finland,FIN,policies_reduce_adolescent_fertility,no
1996,France,FRA,view_on_fertility_level,too_low
1996,France,FRA,policy_on_fertility_level,raise
1996,France,FRA,concern_about_adolescent_fertility,major_concern
1996,France,FRA,policies_reduce_adolescent_fertility,yes
1996,Gabon,GAB,view_on_fertility_level,too_low
1996,Gabon,GAB,policy_on_fertility_level,raise
1996,Gabon,GAB,concern_about_adolescent_fertility,
1996,Gabon,GAB,policies_reduce_adolescent_fertility,
1996,Gambia,GMB,view_on_fertility_level,too_high
1996,Gambia,GMB,policy_on_fertility_level,lower
1996,Gambia,GMB,concern_about_adolescent_fertility,minor_concern
1996,Gambia,GMB,policies_reduce_adolescent_fertility,yes
1996,Georgia,GEO,view_on_fertility_level,too_low
1996,Georgia,GEO,policy_on_fertility_level,raise
1996,Georgia,GEO,concern_about_adolescent_fertility,minor_concern
1996,Georgia,GEO,policies_reduce_adolescent_fertility,no
1996,Germany,DEU,view_on_fertility_level,too_low
1996,Germany,DEU,policy_on_fertility_level,no_intervention
1996,Germany,DEU,concern_about_adolescent_fertility,not_a_concern
1996,Germany,DEU,policies_reduce_adolescent_fertility,no
1996,Ghana,GHA,view_on_fertility_level,too_high
1996,Ghana,GHA,policy_on_fertility_level,lower
1996,Ghana,GHA,concern_about_adolescent_fertility,major_concern
1996,Ghana,GHA,policies_reduce_adolescent_fertility,yes
1996,Greece,GRC,view_on_fertility_level,too_low
1996,Greece,GRC,policy_on_fertility_level,raise
1996,Greece,GRC,concern_about_adolescent_fertility,
1996,Greece,GRC,policies_reduce_adolescent_fertility,
1996,Grenada,GRD,view_on_fertility_level,too_high
1996,Grenada,GRD,policy_on_fertility_level,lower
1996,Grenada,GRD,concern_about_adolescent_fertility,major_concern
1996,Grenada,GRD,policies_reduce_adolescent_fertility,yes
1996,Guatemala,GTM,view_on_fertility_level,too_high
1996,Guatemala,GTM,policy_on_fertility_level,lower
1996,Guatemala,GTM,concern_about_adolescent_fertility,minor_concern
1996,Guatemala,GTM,policies_reduce_adolescent_fertility,no
1996,Guinea,GIN,view_on_fertility_level,too_high
1996,Guinea,GIN,policy_on_fertility_level,lower
1996,Guinea,GIN,concern_about_adolescent_fertility,major_concern
1996,Guinea,GIN,policies_reduce_adolescent_fertility,no
1996,Guinea-Bissau,GNB,view_on_fertility_level,too_high
1996,Guinea-Bissau,GNB,policy_on_fertility_level,no_intervention
1996,Guinea-Bissau,GNB,concern_about_adolescent_fertility,major_concern
1996,Guinea-Bissau,GNB,policies_reduce_adolescent_fertility,yes
1996,Guyana,GUY,view_on_fertility_level,satisfactory
1996,Guyana,GUY,policy_on_fertility_level,no_intervention
1996,Guyana,GUY,concern_about_adolescent_fertility,
1996,Guyana,GUY,policies_reduce_adolescent_fertility,
1996,Haiti,HTI,view_on_fertility_level,too_high
1996,Haiti,HTI,policy_on_fertility_level,lower
1996,Haiti,HTI,concern_about_adolescent_fertility,
1996,Haiti,HTI,policies_reduce_adolescent_fertility,
1996,Holy See,,view_on_fertility_level,satisfactory
1996,Holy See,,policy_on_fertility_level,no_intervention
1996,Holy See,,concern_about_adolescent_fertility,
1996,Holy See,,policies_reduce_adolescent_fertility,
1996,Honduras,HND,view_on_fertility_level,too_high
1996,Honduras,HND,policy_on_fertility_level,lower
1996,Honduras,HND,concern_about_adolescent_fertility,minor_concern
1996,Honduras,HND,policies_reduce_adolescent_fertility,yes
1996,Hungary,HUN,view_on_fertility_level,too_low
1996,Hungary,HUN,policy_on_fertility_level,raise
1996,Hungary,HUN,concern_about_adolescent_fertility,not_a_concern
1996,Hungary,HUN,policies_reduce_adolescent_fertility,no
1996,Iceland,ISL,view_on_fertility_level,satisfactory
1996,Iceland,ISL,policy_on_fertility_level,no_intervention
1996,Iceland,ISL,concern_about_adolescent_fertility,
1996,Iceland,ISL,policies_reduce_adolescent_fertility,
1996,India,IND,view_on_fertility_level,too_high
1996,India,IND,policy_on_fertility_level,lower
1996,India,IND,concern_about_adolescent_fertility,major_concern
1996,India,IND,policies_reduce_adolescent_fertility,yes
1996,Indonesia,IDN,view_on_fertility_level,too_high
1996,Indonesia,IDN,policy_on_fertility_level,lower
1996,Indonesia,IDN,concern_about_adolescent_fertility,major_concern
1996,Indonesia,IDN,policies_reduce_adolescent_fertility,yes
1996,Iran (Islamic Republic of),,view_on_fertility_level,too_high
1996,Iran (Islamic Republic of),,policy_on_fertility_level,lower
1996,Iran (Islamic Republic of),,concern_about_adolescent_fertility,major_concern
1996,Iran (Islamic Republic of),,policies_reduce_adolescent_fertility,yes
1996,Iraq,IRQ,view_on_fertility_level,too_low
1996,Iraq,IRQ,policy_on_fertility_level,raise
1996,Iraq,IRQ,concern_about_adolescent_fertility,
1996,Iraq,IRQ,policies_reduce_adolescent_fertility,
1996,Ireland,IRL,view_on_fertility_level,satisfactory
1996,Ireland,IRL,policy_on_fertility_level,maintain
1996,Ireland,IRL,concern_about_adolescent_fertility,
1996,Ireland,IRL,policies_reduce_adolescent_fertility,yes
1996,Israel,ISR,view_on_fertility_level,too_low
1996,Israel,ISR,policy_on_fertility_level,raise
1996,Israel,ISR,concern_about_adolescent_fertility,
1996,Israel,ISR,policies_reduce_adolescent_fertility,
1996,Italy,ITA,view_on_fertility_level,satisfactory
1996,Italy,ITA,policy_on_fertility_level,no_intervention
1996,Italy,ITA,concern_about_adolescent_fertility,not_a_concern
1996,Italy,ITA,policies_reduce_adolescent_fertility,no
1996,Jamaica,JAM,view_on_fertility_level,too_high
1996,Jamaica,JAM,policy_on_fertility_level,lower
1996,Jamaica,JAM,concern_about_adolescent_fertility,major_concern
1996,Jamaica,JAM,policies_reduce_adolescent_fertility,yes
1996,Japan,JPN,view_on_fertility_level,too_low
1996,Japan,JPN,policy_on_fertility_level,no_intervention
1996,Japan,JPN,concern_about_adolescent_fertility,minor_concern
1996,Japan,JPN,policies_reduce_adolescent_fertility,
1996,Jordan,JOR,view_on_fertility_level,too_high
1996,Jordan,JOR,policy_on_fertility_level,lower
1996,Jordan,JOR,concern_about_adolescent_fertility,not_a_concern
1996,Jordan,JOR,policies_reduce_adolescent_fertility,no
1996,Kazakhstan,KAZ,view_on_fertility_level,too_low
1996,Kazakhstan,KAZ,policy_on_fertility_level,raise
1996,Kazakhstan,KAZ,concern_about_adolescent_fertility,
1996,Kazakhstan,KAZ,policies_reduce_adolescent_fertility,yes
1996,Kenya,KEN,view_on_fertility_level,too_high
1996,Kenya,KEN,policy_on_fertility_level,lower
1996,Kenya,KEN,concern_about_adolescent_fertility,major_concern
1996,Kenya,KEN,policies_reduce_adolescent_fertility,yes
1996,Kiribati,KIR,view_on_fertility_level,too_high
1996,Kiribati,KIR,policy_on_fertility_level,lower
1996,Kiribati,KIR,concern_about_adolescent_fertility,
1996,Kiribati,KIR,policies_reduce_adolescent_fertility,
1996,Kuwait,KWT,view_on_fertility_level,satisfactory
1996,Kuwait,KWT,policy_on_fertility_level,maintain
1996,Kuwait,KWT,concern_about_adolescent_fertility,not_a_concern
1996,Kuwait,KWT,policies_reduce_adolescent_fertility,no
1996,Kyrgyzstan,KGZ,view_on_fertility_level,satisfactory
1996,Kyrgyzstan,KGZ,policy_on_fertility_level,no_intervention
1996,Kyrgyzstan,KGZ,concern_about_adolescent_fertility,
1996,Kyrgyzstan,KGZ,policies_reduce_adolescent_fertility,
1996,Lao People's Democratic Republic,,view_on_fertility_level,satisfactory
1996,Lao People's Democratic Republic,,policy_on_fertility_level,maintain
1996,Lao People's Democratic Republic,,concern_about_adolescent_fertility,
1996,Lao People's Democratic Republic,,policies_reduce_adolescent_fertility,
1996,Latvia,LVA,view_on_fertility_level,too_low
1996,Latvia,LVA,policy_on_fertility_level,raise
1996,Latvia,LVA,concern_about_adolescent_fertility,minor_concern
1996,Latvia,LVA,policies_reduce_adolescent_fertility,no
1996,Lebanon,LBN,view_on_fertility_level,satisfactory
1996,Lebanon,LBN,policy_on_fertility_level,no_intervention
1996,Lebanon,LBN,concern_about_adolescent_fertility,
1996,Lebanon,LBN,policies_reduce_adolescent_fertility,
1996,Lesotho,LSO,view_on_fertility_level,too_high
1996,Lesotho,LSO,policy_on_fertility_level,lower
1996,Lesotho,LSO,concern_about_adolescent_fertility,major_concern
1996,Lesotho,LSO,policies_reduce_adolescent_fertility,yes
1996,Liberia,LBR,view_on_fertility_level,too_high
1996,Liberia,LBR,policy_on_fertility_level,lower
1996,Liberia,LBR,concern_about_adolescent_fertility,major_concern
1996,Liberia,LBR,policies_reduce_adolescent_fertility,yes
1996,Libya,LBY,view_on_fertility_level,satisfactory
1996,Libya,LBY,policy_on_fertility_level,no_intervention
1996,Libya,LBY,concern_about_adolescent_fertility,
1996,Libya,LBY,policies_reduce_adolescent_fertility,
1996,Liechtenstein,LIE,view_on_fertility_level,satisfactory
1996,Liechtenstein,LIE,policy_on_fertility_level,no_intervention
1996,Liechtenstein,LIE,concern_about_adolescent_fertility,not_a_concern
1996,Liechtenstein,LIE,policies_reduce_adolescent_fertility,no
1996,Lithuania,LTU,view_on_fertility_level,satisfactory
1996,Lithuania,LTU,policy_on_fertility_level,raise
1996,Lithuania,LTU,concern_about_adolescent_fertility,not_a_concern
1996,Lithuania,LTU,policies_reduce_adolescent_fertility,no
1996,Luxembourg,LUX,view_on_fertility_level,too_low
1996,Luxembourg,LUX,policy_on_fertility_level,raise
1996,Luxembourg,LUX,concern_about_adolescent_fertility,
1996,Luxembourg,LUX,policies_reduce_adolescent_fertility,
1996,Madagascar,MDG,view_on_fertility_level,too_high
1996,Madagascar,MDG,policy_on_fertility_level,lower
1996,Madagascar,MDG,concern_about_adolescent_fertility,major_concern
1996,Madagascar,MDG,policies_reduce_adolescent_fertility,yes
1996,Malawi,MWI,view_on_fertility_level,too_high
1996,Malawi,MWI,policy_on_fertility_level,lower
1996,Malawi,MWI,concern_about_adolescent_fertility,major_concern
1996,Malawi,MWI,policies_reduce_adolescent_fertility,yes
1996,Malaysia,MYS,view_on_fertility_level,too_high
1996,Malaysia,MYS,policy_on_fertility_level,lower
1996,Malaysia,MYS,concern_about_adolescent_fertility,minor_concern
1996,Malaysia,MYS,policies_reduce_adolescent_fertility,yes
1996,Maldives,MDV,view_on_fertility_level,too_high
1996,Maldives,MDV,policy_on_fertility_level,lower
1996,Maldives,MDV,concern_about_adolescent_fertility,minor_concern
1996,Maldives,MDV,policies_reduce_adolescent_fertility,yes
1996,Mali,MLI,view_on_fertility_level,too_high
1996,Mali,MLI,policy_on_fertility_level,lower
1996,Mali,MLI,concern_about_adolescent_fertility,minor_concern
1996,Mali,MLI,policies_reduce_adolescent_fertility,yes
1996,Malta,MLT,view_on_fertility_level,satisfactory
1996,Malta,MLT,policy_on_fertility_level,no_intervention
1996,Malta,MLT,concern_about_adolescent_fertility,
1996,Malta,MLT,policies_reduce_adolescent_fertility,
1996,Marshall Islands,MHL,view_on_fertility_level,too_high
1996,Marshall Islands,MHL,policy_on_fertility_level,lower
1996,Marshall Islands,MHL,concern_about_adolescent_fertility,major_concern
1996,Marshall Islands,MHL,policies_reduce_adolescent_fertility,yes
1996,Mauritania,MRT,view_on_fertility_level,satisfactory
1996,Mauritania,MRT,policy_on_fertility_level,no_intervention
1996,Mauritania,MRT,concern_about_adolescent_fertility,not_a_concern
1996,Mauritania,MRT,policies_reduce_adolescent_fertility,no
1996,Mauritius,MUS,view_on_fertility_level,satisfactory
1996,Mauritius,MUS,policy_on_fertility_level,maintain
1996,Mauritius,MUS,concern_about_adolescent_fertility,major_concern
1996,Mauritius,MUS,policies_reduce_adolescent_fertility,yes
1996,Mexico,MEX,view_on_fertility_level,too_high
1996,Mexico,MEX,policy_on_fertility_level,lower
1996,Mexico,MEX,concern_about_adolescent_fertility,major_concern
1996,Mexico,MEX,policies_reduce_adolescent_fertility,yes
1996,Micronesia (Federated States of),,view_on_fertility_level,too_high
1996,Micronesia (Federated States of),,policy_on_fertility_level,lower
1996,Micronesia (Federated States of),,concern_about_adolescent_fertility,
1996,Micronesia (Federated States of),,policies_reduce_adolescent_fertility,
1996,Monaco,MCO,view_on_fertility_level,too_low
1996,Monaco,MCO,policy_on_fertility_level,raise
1996,Monaco,MCO,concern_about_adolescent_fertility,
1996,Monaco,MCO,policies_reduce_adolescent_fertility,
1996,Mongolia,MNG,view_on_fertility_level,satisfactory
1996,Mongolia,MNG,policy_on_fertility_level,maintain
1996,Mongolia,MNG,concern_about_adolescent_fertility,minor_concern
1996,Mongolia,MNG,policies_reduce_adolescent_fertility,
1996,Morocco,MAR,view_on_fertility_level,too_high
1996,Morocco,MAR,policy_on_fertility_level,lower
1996,Morocco,MAR,concern_about_adolescent_fertility,minor_concern
1996,Morocco,MAR,policies_reduce_adolescent_fertility,
1996,Mozambique,MOZ,view_on_fertility_level,too_high
1996,Mozambique,MOZ,policy_on_fertility_level,lower
1996,Mozambique,MOZ,concern_about_adolescent_fertility,major_concern
1996,Mozambique,MOZ,policies_reduce_adolescent_fertility,no
1996,Myanmar,MMR,view_on_fertility_level,too_high
1996,Myanmar,MMR,policy_on_fertility_level,no_intervention
1996,Myanmar,MMR,concern_about_adolescent_fertility,not_a_concern
1996,Myanmar,MMR,policies_reduce_adolescent_fertility,no
1996,Namibia,NAM,view_on_fertility_level,too_high
1996,Namibia,NAM,policy_on_fertility_level,no_intervention
1996,Namibia,NAM,concern_about_adolescent_fertility,major_concern
1996,Namibia,NAM,policies_reduce_adolescent_fertility,yes
1996,Nauru,NRU,view_on_fertility_level,satisfactory
1996,Nauru,NRU,policy_on_fertility_level,maintain
1996,Nauru,NRU,concern_about_adolescent_fertility,
1996,Nauru,NRU,policies_reduce_adolescent_fertility,
1996,Nepal,NPL,view_on_fertility_level,too_high
1996,Nepal,NPL,policy_on_fertility_level,lower
1996,Nepal,NPL,concern_about_adolescent_fertility,minor_concern
1996,Nepal,NPL,policies_reduce_adolescent_fertility,no
1996,Netherlands,NLD,view_on_fertility_level,satisfactory
1996,Netherlands,NLD,policy_on_fertility_level,no_intervention
1996,Netherlands,NLD,concern_about_adolescent_fertility,major_concern
1996,Netherlands,NLD,policies_reduce_adolescent_fertility,yes
1996,New Zealand,NZL,view_on_fertility_level,satisfactory
1996,New Zealand,NZL,policy_on_fertility_level,no_intervention
1996,New Zealand,NZL,concern_about_adolescent_fertility,major_concern
1996,New Zealand,NZL,policies_reduce_adolescent_fertility,yes
1996,Nicaragua,NIC,view_on_fertility_level,too_high
1996,Nicaragua,NIC,policy_on_fertility_level,lower
1996,Nicaragua,NIC,concern_about_adolescent_fertility,major_concern
1996,Nicaragua,NIC,policies_reduce_adolescent_fertility,yes
1996,Niger,NER,view_on_fertility_level,too_high
1996,Niger,NER,policy_on_fertility_level,lower
1996,Niger,NER,concern_about_adolescent_fertility,not_a_concern
1996,Niger,NER,policies_reduce_adolescent_fertility,no
1996,Nigeria,NGA,view_on_fertility_level,too_high
1996,Nigeria,NGA,policy_on_fertility_level,lower
1996,Nigeria,NGA,concern_about_adolescent_fertility,
1996,Nigeria,NGA,policies_reduce_adolescent_fertility,
1996,Niue,,view_on_fertility_level,too_low
1996,Niue,,policy_on_fertility_level,raise
1996,Niue,,concern_about_adolescent_fertility,
1996,Niue,,policies_reduce_adolescent_fertility,no
1996,Norway,NOR,view_on_fertility_level,satisfactory
1996,Norway,NOR,policy_on_fertility_level,no_intervention
1996,Norway,NOR,concern_about_adolescent_fertility,minor_concern
1996,Norway,NOR,policies_reduce_adolescent_fertility,yes
1996,Oman,OMN,view_on_fertility_level,satisfactory
1996,Oman,OMN,policy_on_fertility_level,maintain
1996,Oman,OMN,concern_about_adolescent_fertility,
1996,Oman,OMN,policies_reduce_adolescent_fertility,
1996,Pakistan,PAK,view_on_fertility_level,too_high
1996,Pakistan,PAK,policy_on_fertility_level,lower
1996,Pakistan,PAK,concern_about_adolescent_fertility,not_a_concern
1996,Pakistan,PAK,policies_reduce_adolescent_fertility,no
1996,Palau,PLW,view_on_fertility_level,satisfactory
1996,Palau,PLW,policy_on_fertility_level,no_intervention
1996,Palau,PLW,concern_about_adolescent_fertility,
1996,Palau,PLW,policies_reduce_adolescent_fertility,no
1996,Panama,PAN,view_on_fertility_level,satisfactory
1996,Panama,PAN,policy_on_fertility_level,no_intervention
1996,Panama,PAN,concern_about_adolescent_fertility,major_concern
1996,Panama,PAN,policies_reduce_adolescent_fertility,yes
1996,Papua New Guinea,PNG,view_on_fertility_level,too_high
1996,Papua New Guinea,PNG,policy_on_fertility_level,lower
1996,Papua New Guinea,PNG,concern_about_adolescent_fertility,
1996,Papua New Guinea,PNG,policies_reduce_adolescent_fertility,
1996,Paraguay,PRY,view_on_fertility_level,satisfactory
1996,Paraguay,PRY,policy_on_fertility_level,no_intervention
1996,Paraguay,PRY,concern_about_adolescent_fertility,major_concern
1996,Paraguay,PRY,policies_reduce_adolescent_fertility,no
1996,Peru,PER,view_on_fertility_level,too_high
1996,Peru,PER,policy_on_fertility_level,lower
1996,Peru,PER,concern_about_adolescent_fertility,major_concern
1996,Peru,PER,policies_reduce_adolescent_fertility,yes
1996,Philippines,PHL,view_on_fertility_level,too_high
1996,Philippines,PHL,policy_on_fertility_level,lower
1996,Philippines,PHL,concern_about_adolescent_fertility,major_concern
1996,Philippines,PHL,policies_reduce_adolescent_fertility,yes
1996,Poland,POL,view_on_fertility_level,satisfactory
1996,Poland,POL,policy_on_fertility_level,no_intervention
1996,Poland,POL,concern_about_adolescent_fertility,minor_concern
1996,Poland,POL,policies_reduce_adolescent_fertility,no
1996,Portugal,PRT,view_on_fertility_level,too_low
1996,Portugal,PRT,policy_on_fertility_level,no_intervention
1996,Portugal,PRT,concern_about_adolescent_fertility,major_concern
1996,Portugal,PRT,policies_reduce_adolescent_fertility,yes
1996,Qatar,QAT,view_on_fertility_level,satisfactory
1996,Qatar,QAT,policy_on_fertility_level,maintain
1996,Qatar,QAT,concern_about_adolescent_fertility,
1996,Qatar,QAT,policies_reduce_adolescent_fertility,
1996,Republic of Korea,KOR,view_on_fertility_level,satisfactory
1996,Republic of Korea,KOR,policy_on_fertility_level,no_intervention
1996,Republic of Korea,KOR,concern_about_adolescent_fertility,minor_concern
1996,Republic of Korea,KOR,policies_reduce_adolescent_fertility,yes
1996,Republic of Moldova,MDA,view_on_fertility_level,satisfactory
1996,Republic of Moldova,MDA,policy_on_fertility_level,no_intervention
1996,Republic of Moldova,MDA,concern_about_adolescent_fertility,
1996,Republic of Moldova,MDA,policies_reduce_adolescent_fertility,
1996,Romania,ROU,view_on_fertility_level,too_low
1996,Romania,ROU,policy_on_fertility_level,raise
1996,Romania,ROU,concern_about_adolescent_fertility,not_a_concern
1996,Romania,ROU,policies_reduce_adolescent_fertility,yes
1996,Russian Federation,RUS,view_on_fertility_level,too_low
1996,Russian Federation,RUS,policy_on_fertility_level,no_intervention
1996,Russian Federation,RUS,concern_about_adolescent_fertility,minor_concern
1996,Russian Federation,RUS,policies_reduce_adolescent_fertility,yes
1996,Rwanda,RWA,view_on_fertility_level,too_high
1996,Rwanda,RWA,policy_on_fertility_level,lower
1996,Rwanda,RWA,concern_about_adolescent_fertility,minor_concern
1996,Rwanda,RWA,policies_reduce_adolescent_fertility,yes
1996,Saint Kitts and Nevis,KNA,view_on_fertility_level,too_high
1996,Saint Kitts and Nevis,KNA,policy_on_fertility_level,lower
1996,Saint Kitts and Nevis,KNA,concern_about_adolescent_fertility,
1996,Saint Kitts and Nevis,KNA,policies_reduce_adolescent_fertility,
1996,Saint Lucia,LCA,view_on_fertility_level,too_high
1996,Saint Lucia,LCA,policy_on_fertility_level,lower
1996,Saint Lucia,LCA,concern_about_adolescent_fertility,major_concern
1996,Saint Lucia,LCA,policies_reduce_adolescent_fertility,yes
1996,Saint Vincent and the Grenadines,VCT,view_on_fertility_level,too_high
1996,Saint Vincent and the Grenadines,VCT,policy_on_fertility_level,lower
1996,Saint Vincent and the Grenadines,VCT,concern_about_adolescent_fertility,major_concern
1996,Saint Vincent and the Grenadines,VCT,policies_reduce_adolescent_fertility,yes
1996,Samoa,WSM,view_on_fertility_level,too_high
1996,Samoa,WSM,policy_on_fertility_level,lower
1996,Samoa,WSM,concern_about_adolescent_fertility,
1996,Samoa,WSM,policies_reduce_adolescent_fertility,
1996,San Marino,SMR,view_on_fertility_level,satisfactory
1996,San Marino,SMR,policy_on_fertility_level,no_intervention
1996,San Marino,SMR,concern_about_adolescent_fertility,
1996,San Marino,SMR,policies_reduce_adolescent_fertility,
1996,Sao Tome and Principe,STP,view_on_fertility_level,too_high
1996,Sao Tome and Principe,STP,policy_on_fertility_level,no_intervention
1996,Sao Tome and Principe,STP,concern_about_adolescent_fertility,not_a_concern
1996,Sao Tome and Principe,STP,policies_reduce_adolescent_fertility,
1996,Saudi Arabia,SAU,view_on_fertility_level,satisfactory
1996,Saudi Arabia,SAU,policy_on_fertility_level,maintain
1996,Saudi Arabia,SAU,concern_about_adolescent_fertility,
1996,Saudi Arabia,SAU,policies_reduce_adolescent_fertility,
1996,Senegal,SEN,view_on_fertility_level,too_high
1996,Senegal,SEN,policy_on_fertility_level,lower
1996,Senegal,SEN,concern_about_adolescent_fertility,major_concern
1996,Senegal,SEN,policies_reduce_adolescent_fertility,yes
1996,Serbia and Montenegro,,view_on_fertility_level,satisfactory
1996,Serbia and Montenegro,,policy_on_fertility_level,maintain
1996,Serbia and Montenegro,,concern_about_adolescent_fertility,minor_concern
1996,Serbia and Montenegro,,policies_reduce_adolescent_fertility,yes
1996,Seychelles,SYC,view_on_fertility_level,too_high
1996,Seychelles,SYC,policy_on_fertility_level,lower
1996,Seychelles,SYC,concern_about_adolescent_fertility,
1996,Seychelles,SYC,policies_reduce_adolescent_fertility,
1996,Sierra Leone,SLE,view_on_fertility_level,too_high
1996,Sierra Leone,SLE,policy_on_fertility_level,lower
1996,Sierra Leone,SLE,concern_about_adolescent_fertility,major_concern
1996,Sierra Leone,SLE,policies_reduce_adolescent_fertility,yes
1996,Singapore,SGP,view_on_fertility_level,too_low
1996,Singapore,SGP,policy_on_fertility_level,raise
1996,Singapore,SGP,concern_about_adolescent_fertility,minor_concern
1996,Singapore,SGP,policies_reduce_adolescent_fertility,yes
1996,Slovakia,SVK,view_on_fertility_level,too_low
1996,Slovakia,SVK,policy_on_fertility_level,raise
1996,Slovakia,SVK,concern_about_adolescent_fertility,not_a_concern
1996,Slovakia,SVK,policies_reduce_adolescent_fertility,no
1996,Slovenia,SVN,view_on_fertility_level,too_low
1996,Slovenia,SVN,policy_on_fertility_level,raise
1996,Slovenia,SVN,concern_about_adolescent_fertility,
1996,Slovenia,SVN,policies_reduce_adolescent_fertility,no
1996,Solomon Islands,SLB,view_on_fertility_level,too_high
1996,Solomon Islands,SLB,policy_on_fertility_level,lower
1996,Solomon Islands,SLB,concern_about_adolescent_fertility,
1996,Solomon Islands,SLB,policies_reduce_adolescent_fertility,
1996,Somalia,,view_on_fertility_level,satisfactory
1996,Somalia,,policy_on_fertility_level,no_intervention
1996,Somalia,,concern_about_adolescent_fertility,
1996,Somalia,,policies_reduce_adolescent_fertility,
1996,South Africa,ZAF,view_on_fertility_level,too_high
1996,South Africa,ZAF,policy_on_fertility_level,lower
1996,South Africa,ZAF,concern_about_adolescent_fertility,major_concern
1996,South Africa,ZAF,policies_reduce_adolescent_fertility,yes
1996,Spain,ESP,view_on_fertility_level,satisfactory
1996,Spain,ESP,policy_on_fertility_level,no_intervention
1996,Spain,ESP,concern_about_adolescent_fertility,
1996,Spain,ESP,policies_reduce_adolescent_fertility,
1996,Sri Lanka,LKA,view_on_fertility_level,too_high
1996,Sri Lanka,LKA,policy_on_fertility_level,lower
1996,Sri Lanka,LKA,concern_about_adolescent_fertility,minor_concern
1996,Sri Lanka,LKA,policies_reduce_adolescent_fertility,yes
1996,Sudan (including South Sudan),,view_on_fertility_level,too_high
1996,Sudan (including South Sudan),,policy_on_fertility_level,lower
1996,Sudan (including South Sudan),,concern_about_adolescent_fertility,not_a_concern
1996,Sudan (including South Sudan),,policies_reduce_adolescent_fertility,no
1996,Suriname,SUR,view_on_fertility_level,satisfactory
1996,Suriname,SUR,policy_on_fertility_level,no_intervention
1996,Suriname,SUR,concern_about_adolescent_fertility,major_concern
1996,Suriname,SUR,policies_reduce_adolescent_fertility,no
1996,Swaziland,SWZ,view_on_fertility_level,too_high
1996,Swaziland,SWZ,policy_on_fertility_level,lower
1996,Swaziland,SWZ,concern_about_adolescent_fertility,
1996,Swaziland,SWZ,policies_reduce_adolescent_fertility,
1996,Sweden,SWE,view_on_fertility_level,satisfactory
1996,Sweden,SWE,policy_on_fertility_level,no_intervention
1996,Sweden,SWE,concern_about_adolescent_fertility,minor_concern
1996,Sweden,SWE,policies_reduce_adolescent_fertility,yes
1996,Switzerland,CHE,view_on_fertility_level,too_low
1996,Switzerland,CHE,policy_on_fertility_level,no_intervention
1996,Switzerland,CHE,concern_about_adolescent_fertility,not_a_concern
1996,Switzerland,CHE,policies_reduce_adolescent_fertility,no
1996,Syrian Arab Republic,SYR,view_on_fertility_level,satisfactory
1996,Syrian Arab Republic,SYR,policy_on_fertility_level,no_intervention
1996,Syrian Arab Republic,SYR,concern_about_adolescent_fertility,
1996,Syrian Arab Republic,SYR,policies_reduce_adolescent_fertility,
1996,Tajikistan,TJK,view_on_fertility_level,too_high
1996,Tajikistan,TJK,policy_on_fertility_level,lower
1996,Tajikistan,TJK,concern_about_adolescent_fertility,not_a_concern
1996,Tajikistan,TJK,policies_reduce_adolescent_fertility,no
1996,Thailand,THA,view_on_fertility_level,too_high
1996,Thailand,THA,policy_on_fertility_level,lower
1996,Thailand,THA,concern_about_adolescent_fertility,major_concern
1996,Thailand,THA,policies_reduce_adolescent_fertility,yes
1996,The former Yugoslav Rep. of Macedonia,MKD,view_on_fertility_level,too_high
1996,The former Yugoslav Rep. of Macedonia,MKD,policy_on_fertility_level,lower
1996,The former Yugoslav Rep. of Macedonia,MKD,concern_about_adolescent_fertility,major_concern
1996,The former Yugoslav Rep. of Macedonia,MKD,policies_reduce_adolescent_fertility,yes
1996,Togo,TGO,view_on_fertility_level,satisfactory
1996,Togo,TGO,policy_on_fertility_level,maintain
1996,Togo,TGO,concern_about_adolescent_fertility,major_concern
1996,Togo,TGO,policies_reduce_adolescent_fertility,no
1996,Tonga,TON,view_on_fertility_level,satisfactory
1996,Tonga,TON,policy_on_fertility_level,maintain
1996,Tonga,TON,concern_about_adolescent_fertility,minor_concern
1996,Tonga,TON,policies_reduce_adolescent_fertility,no
1996,Trinidad and Tobago,TTO,view_on_fertility_level,too_high
1996,Trinidad and Tobago,TTO,policy_on_fertility_level,lower
1996,Trinidad and Tobago,TTO,concern_about_adolescent_fertility,
1996,Trinidad and Tobago,TTO,policies_reduce_adolescent_fertility,
1996,Tunisia,TUN,view_on_fertility_level,too_high
1996,Tunisia,TUN,policy_on_fertility_level,lower
1996,Tunisia,TUN,concern_about_adolescent_fertility,not_a_concern
1996,Tunisia,TUN,policies_reduce_adolescent_fertility,no
1996,Turkey,TUR,view_on_fertility_level,too_high
1996,Turkey,TUR,policy_on_fertility_level,lower
1996,Turkey,TUR,concern_about_adolescent_fertility,not_a_concern
1996,Turkey,TUR,policies_reduce_adolescent_fertility,no
1996,Turkmenistan,TKM,view_on_fertility_level,satisfactory
1996,Turkmenistan,TKM,policy_on_fertility_level,no_intervention
1996,Turkmenistan,TKM,concern_about_adolescent_fertility,
1996,Turkmenistan,TKM,policies_reduce_adolescent_fertility,yes
1996,Tuvalu,TUV,view_on_fertility_level,too_high
1996,Tuvalu,TUV,policy_on_fertility_level,lower
1996,Tuvalu,TUV,concern_about_adolescent_fertility,
1996,Tuvalu,TUV,policies_reduce_adolescent_fertility,
1996,Uganda,UGA,view_on_fertility_level,too_high
1996,Uganda,UGA,policy_on_fertility_level,lower
1996,Uganda,UGA,concern_about_adolescent_fertility,major_concern
1996,Uganda,UGA,policies_reduce_adolescent_fertility,yes
1996,Ukraine,UKR,view_on_fertility_level,too_low
1996,Ukraine,UKR,policy_on_fertility_level,raise
1996,Ukraine,UKR,concern_about_adolescent_fertility,major_concern
1996,Ukraine,UKR,policies_reduce_adolescent_fertility,yes
1996,United Arab Emirates,ARE,view_on_fertility_level,satisfactory
1996,United Arab Emirates,ARE,policy_on_fertility_level,no_intervention
1996,United Arab Emirates,ARE,concern_about_adolescent_fertility,
1996,United Arab Emirates,ARE,policies_reduce_adolescent_fertility,
1996,United Kingdom,GBR,view_on_fertility_level,satisfactory
1996,United Kingdom,GBR,policy_on_fertility_level,no_intervention
1996,United Kingdom,GBR,concern_about_adolescent_fertility,major_concern
1996,United Kingdom,GBR,policies_reduce_adolescent_fertility,yes
1996,United Republic of Tanzania,TZA,view_on_fertility_level,too_high
1996,United Republic of Tanzania,TZA,policy_on_fertility_level,lower
1996,United Republic of Tanzania,TZA,concern_about_adolescent_fertility,minor_concern
1996,United Republic of Tanzania,TZA,policies_reduce_adolescent_fertility,yes
1996,United States of America,USA,view_on_fertility_level,satisfactory
1996,United States of America,USA,policy_on_fertility_level,no_intervention
1996,United States of America,USA,concern_about_adolescent_fertility,major_concern
1996,United States of America,USA,policies_reduce_adolescent_fertility,yes
1996,Uruguay,URY,view_on_fertility_level,too_low
1996,Uruguay,URY,policy_on_fertility_level,raise
1996,Uruguay,URY,concern_about_adolescent_fertility,
1996,Uruguay,URY,policies_reduce_adolescent_fertility,
1996,Uzbekistan,UZB,view_on_fertility_level,satisfactory
1996,Uzbekistan,UZB,policy_on_fertility_level,maintain
1996,Uzbekistan,UZB,concern_about_adolescent_fertility,
1996,Uzbekistan,UZB,policies_reduce_adolescent_fertility,yes
1996,Vanuatu,VUT,view_on_fertility_level,satisfactory
1996,Vanuatu,VUT,policy_on_fertility_level,no_intervention
1996,Vanuatu,VUT,concern_about_adolescent_fertility,
1996,Vanuatu,VUT,policies_reduce_adolescent_fertility,
1996,Venezuela (Bolivarian Republic of),,view_on_fertility_level,satisfactory
1996,Venezuela (Bolivarian Republic of),,policy_on_fertility_level,lower
1996,Venezuela (Bolivarian Republic of),,concern_about_adolescent_fertility,major_concern
1996,Venezuela (Bolivarian Republic of),,policies_reduce_adolescent_fertility,yes
1996,Viet Nam,VNM,view_on_fertility_level,too_high
1996,Viet Nam,VNM,policy_on_fertility_level,lower
1996,Viet Nam,VNM,concern_about_adolescent_fertility,minor_concern
1996,Viet Nam,VNM,policies_reduce_adolescent_fertility,yes
1996,Yemen,YEM,view_on_fertility_level,too_high
1996,Yemen,YEM,policy_on_fertility_level,lower
1996,Yemen,YEM,concern_about_adolescent_fertility,major_concern
1996,Yemen,YEM,policies_reduce_adolescent_fertility,
1996,Zambia,ZMB,view_on_fertility_level,too_high
1996,Zambia,ZMB,policy_on_fertility_level,lower
1996,Zambia,ZMB,concern_about_adolescent_fertility,
1996,Zambia,ZMB,policies_reduce_adolescent_fertility,
1996,Zimbabwe,ZWE,view_on_fertility_level,too_high
1996,Zimbabwe,ZWE,policy_on_fertility_level,lower
1996,Zimbabwe,ZWE,concern_about_adolescent_fertility,minor_concern
1996,Zimbabwe,ZWE,policies_reduce_adolescent_fertility,yes
1996,Afghanistan,AFG,family_planning_support,direct_support
1996,Afghanistan,AFG,abortion_grounds,1
1996,Albania,ALB,family_planning_support,direct_support
1996,Albania,ALB,abortion_grounds,1|2|3|4|5|6|7
1996,Algeria,DZA,family_planning_support,direct_support
1996,Algeria,DZA,abortion_grounds,1|2|3|4
1996,Andorra,AND,family_planning_support,no_support
1996,Andorra,AND,abortion_grounds,not_permitted
1996,Angola,AGO,family_planning_support,direct_support
1996,Angola,AGO,abortion_grounds,1
1996,Antigua and Barbuda,ATG,family_planning_support,direct_support
1996,Antigua and Barbuda,ATG,abortion_grounds,1
1996,Argentina,ARG,family_planning_support,no_support
1996,Argentina,ARG,abortion_grounds,1|2
1996,Armenia,ARM,family_planning_support,direct_support
1996,Armenia,ARM,abortion_grounds,1|2|3|4|5|6|7
1996,Australia,AUS,family_planning_support,indirect_support
1996,Australia,AUS,abortion_grounds,1|2|3|4|5|6
1996,Austria,AUT,family_planning_support,direct_support
1996,Austria,AUT,abortion_grounds,1|2|3|4|5|6|7
1996,Azerbaijan,AZE,family_planning_support,indirect_support
1996,Azerbaijan,AZE,abortion_grounds,1|2|3|4|5|6|7
1996,Bahamas,BHS,family_planning_support,indirect_support
1996,Bahamas,BHS,abortion_grounds,1|2|3
1996,Bahrain,BHR,family_planning_support,direct_support
1996,Bahrain,BHR,abortion_grounds,1|2|3|5
1996,Bangladesh,BGD,family_planning_support,direct_support
1996,Bangladesh,BGD,abortion_grounds,1
1996,Barbados,BRB,family_planning_support,direct_support
1996,Barbados,BRB,abortion_grounds,1|2|3|4|5|6
1996,Belarus,BLR,family_planning_support,direct_support
1996,Belarus,BLR,abortion_grounds,1|2|3|4|5|6|7
1996,Belgium,BEL,family_planning_support,indirect_support
1996,Belgium,BEL,abortion_grounds,1|2|3|4|5|6
1996,Belize,BLZ,family_planning_support,indirect_support
1996,Belize,BLZ,abortion_grounds,1|2|3|4|5|6
1996,Benin,BEN,family_planning_support,direct_support
1996,Benin,BEN,abortion_grounds,1
1996,Bhutan,BTN,family_planning_support,direct_support
1996,Bhutan,BTN,abortion_grounds,1
1996,Bolivia (Plurinational State of),BOL,family_planning_support,direct_support
1996,Bolivia (Plurinational State of),BOL,abortion_grounds,1|2|4
1996,Bosnia and Herzegovina,BIH,family_planning_support,indirect_support
1996,Bosnia and Herzegovina,BIH,abortion_grounds,1|2|3|4|5|6|7
1996,Botswana,BWA,family_planning_support,direct_support
1996,Botswana,BWA,abortion_grounds,1|2|3|4|5
1996,Brazil,BRA,family_planning_support,direct_support
1996,Brazil,BRA,abortion_grounds,1|4
1996,Brunei Darussalam,BRN,family_planning_support,no_support
1996,Brunei Darussalam,BRN,abortion_grounds,1
1996,Bulgaria,BGR,family_planning_support,no_support
1996,Bulgaria,BGR,abortion_grounds,1|2|3|4|5|6|7
1996,Burkina Faso,BFA,family_planning_support,direct_support
1996,Burkina Faso,BFA,abortion_grounds,1|2
1996,Burundi,BDI,family_planning_support,direct_support
1996,Burundi,BDI,abortion_grounds,1|2
1996,Cabo Verde,CPV,family_planning_support,direct_support
1996,Cabo Verde,CPV,abortion_grounds,1|2|3|4|5|6
1996,Cambodia,KHM,family_planning_support,direct_support
1996,Cambodia,KHM,abortion_grounds,1|2|3|4|5|6|7
1996,Cameroon,CMR,family_planning_support,indirect_support
1996,Cameroon,CMR,abortion_grounds,1|2|4
1996,Canada,CAN,family_planning_support,direct_support
1996,Canada,CAN,abortion_grounds,1|2|3|4|5|6|7
1996,Central African Republic,CAF,family_planning_support,direct_support
1996,Central African Republic,CAF,abortion_grounds,1
1996,Chad,TCD,family_planning_support,indirect_support
1996,Chad,TCD,abortion_grounds,1
1996,Chile,CHL,family_planning_support,direct_support
1996,Chile,CHL,abortion_grounds,not_permitted
1996,China,CHN,family_planning_support,direct_support
1996,China,CHN,abortion_grounds,1|2|3|4|5|6|7
1996,Colombia,COL,family_planning_support,indirect_support
1996,Colombia,COL,abortion_grounds,1
1996,Comoros,COM,family_planning_support,direct_support
1996,Comoros,COM,abortion_grounds,1|2
1996,Congo,,family_planning_support,direct_support
1996,Congo,,abortion_grounds,1|2
1996,Cook Islands,,family_planning_support,direct_support
1996,Cook Islands,,abortion_grounds,1|2|3
1996,Costa Rica,CRI,family_planning_support,direct_support
1996,Costa Rica,CRI,abortion_grounds,1|2
1996,Côte d'Ivoire,CIV,family_planning_support,indirect_support
1996,Côte d'Ivoire,CIV,abortion_grounds,1
1996,Croatia,HRV,family_planning_support,direct_support
1996,Croatia,HRV,abortion_grounds,1|2|3|4|5|6|7
1996,Cuba,CUB,family_planning_support,direct_support
1996,Cuba,CUB,abortion_grounds,1|2|3|4|5|6|7
1996,Cyprus,CYP,family_planning_support,indirect_support
1996,Cyprus,CYP,abortion_grounds,1|2|3|4|5
1996,Czech Republic,CZE,family_planning_support,indirect_support
1996,Czech Republic,CZE,abortion_grounds,1|2|3|4|5|6|7
1996,Democratic People's Republic of Korea,PRK,family_planning_support,direct_support
1996,Democratic People's Republic of Korea,PRK,abortion_grounds,1|2|3|4|5|6|7
1996,Democratic Republic of the Congo,,family_planning_support,direct_support
1996,Democratic Republic of the Congo,,abortion_grounds,1
1996,Denmark,DNK,family_planning_support,direct_support
1996,Denmark,DNK,abortion_grounds,1|2|3|4|5|6|7
1996,Djibouti,DJI,family_planning_support,no_support
1996,Djibouti,DJI,abortion_grounds,1
1996,Dominica,DMA,family_planning_support,direct_support
1996,Dominica,DMA,abortion_grounds,1
1996,Dominican Republic,DOM,family_planning_support,direct_support
1996,Dominican Republic,DOM,abortion_grounds,1
1996,Ecuador,ECU,family_planning_support,direct_support
1996,Ecuador,ECU,abortion_grounds,1|2|4
1996,Egypt,EGY,family_planning_support,direct_support
1996,Egypt,EGY,abortion_grounds,1
1996,El Salvador,SLV,family_planning_support,direct_support
1996,El Salvador,SLV,abortion_grounds,not_permitted
1996,Equatorial Guinea,GNQ,family_planning_support,no_support
1996,Equatorial Guinea,GNQ,abortion_grounds,1
1996,Eritrea,ERI,family_planning_support,
1996,Eritrea,ERI,abortion_grounds,1|2|3
1996,Estonia,EST,family_planning_support,no_support
1996,Estonia,EST,abortion_grounds,1|2|3|4|5|6|7
1996,Ethiopia,ETH,family_planning_support,direct_support
1996,Ethiopia,ETH,abortion_grounds,1|2
1996,Fiji,FJI,family_planning_support,direct_support
1996,Fiji,FJI,abortion_grounds,1|2|3
1996,Finland,FIN,family_planning_support,direct_support
1996,Finland,FIN,abortion_grounds,1|2|3|4|5|6
1996,France,FRA,family_planning_support,no_support
1996,France,FRA,abortion_grounds,1|2|3|4|5|6|7
1996,Gabon,GAB,family_planning_support,no_support
1996,Gabon,GAB,abortion_grounds,1
1996,Gambia,GMB,family_planning_support,direct_support
1996,Gambia,GMB,abortion_grounds,1|2|3
1996,Georgia,GEO,family_planning_support,no_support
1996,Georgia,GEO,abortion_grounds,1|2|3|4|5|6|7
1996,Germany,DEU,family_planning_support,no_support
1996,Germany,DEU,abortion_grounds,1|2|3|4|5|6|7
1996,Ghana,GHA,family_planning_support,direct_support
1996,Ghana,GHA,abortion_grounds,1|2|3|4|5
1996,Greece,GRC,family_planning_support,no_support
1996,Greece,GRC,abortion_grounds,1|2|3|4|5|6|7
1996,Grenada,GRD,family_planning_support,direct_support
1996,Grenada,GRD,abortion_grounds,1|2|3
1996,Guatemala,GTM,family_planning_support,direct_support
1996,Guatemala,GTM,abortion_grounds,1
1996,Guinea,GIN,family_planning_support,direct_support
1996,Guinea,GIN,abortion_grounds,1|2|3
1996,Guinea-Bissau,GNB,family_planning_support,direct_support
1996,Guinea-Bissau,GNB,abortion_grounds,1
1996,Guyana,GUY,family_planning_support,direct_support
1996,Guyana,GUY,abortion_grounds,1|2|3|4|5|6|7
1996,Haiti,HTI,family_planning_support,direct_support
1996,Haiti,HTI,abortion_grounds,1
1996,Holy See,,family_planning_support,limits
1996,Holy See,,abortion_grounds,not_permitted
1996,Honduras,HND,family_planning_support,direct_support
1996,Honduras,HND,abortion_grounds,1
1996,Hungary,HUN,family_planning_support,direct_support
1996,Hungary,HUN,abortion_grounds,1|2|3|4|5|6|7
1996,Iceland,ISL,family_planning_support,direct_support
1996,Iceland,ISL,abortion_grounds,1|2|3|4|5|6
1996,India,IND,family_planning_support,direct_support
1996,India,IND,abortion_grounds,1|2|3|4|5|6
1996,Indonesia,IDN,family_planning_support,direct_support
1996,Indonesia,IDN,abortion_grounds,1
1996,Iran (Islamic Republic of),,family_planning_support,direct_support
1996,Iran (Islamic Republic of),,abortion_grounds,1
1996,Iraq,IRQ,family_planning_support,no_support
1996,Iraq,IRQ,abortion_grounds,1|2|3|4|5
1996,Ireland,IRL,family_planning_support,direct_support
1996,Ireland,IRL,abortion_grounds,1
1996,Israel,ISR,family_planning_support,direct_support
1996,Israel,ISR,abortion_grounds,1|2|3|4|5
1996,Italy,ITA,family_planning_support,direct_support
1996,Italy,ITA,abortion_grounds,1|2|3|4|5|6
1996,Jamaica,JAM,family_planning_support,direct_support
1996,Jamaica,JAM,abortion_grounds,1|2|3
1996,Japan,JPN,family_planning_support,direct_support
1996,Japan,JPN,abortion_grounds,1|2|3|4|6
1996,Jordan,JOR,family_planning_support,direct_support
1996,Jordan,JOR,abortion_grounds,1|2|3
1996,Kazakhstan,KAZ,family_planning_support,direct_support
1996,Kazakhstan,KAZ,abortion_grounds,1|2|3|4|5|6|7
1996,Kenya,KEN,family_planning_support,direct_support
1996,Kenya,KEN,abortion_grounds,1
1996,Kiribati,KIR,family_planning_support,direct_support
1996,Kiribati,KIR,abortion_grounds,1
1996,Kuwait,KWT,family_planning_support,no_support
1996,Kuwait,KWT,abortion_grounds,1|2|3|5
1996,Kyrgyzstan,KGZ,family_planning_support,
1996,Kyrgyzstan,KGZ,abortion_grounds,1|2|3|4|5|6|7
1996,Lao People's Democratic Republic,,family_planning_support,no_support
1996,Lao People's Democratic Republic,,abortion_grounds,1
1996,Latvia,LVA,family_planning_support,direct_support
1996,Latvia,LVA,abortion_grounds,1|2|3|4|5|6|7
1996,Lebanon,LBN,family_planning_support,indirect_support
1996,Lebanon,LBN,abortion_grounds,1
1996,Lesotho,LSO,family_planning_support,direct_support
1996,Lesotho,LSO,abortion_grounds,1
1996,Liberia,LBR,family_planning_support,direct_support
1996,Liberia,LBR,abortion_grounds,1|2|3|4|5
1996,Libya,LBY,family_planning_support,no_support
1996,Libya,LBY,abortion_grounds,1
1996,Liechtenstein,LIE,family_planning_support,no_support
1996,Liechtenstein,LIE,abortion_grounds,1|2|3
1996,Lithuania,LTU,family_planning_support,direct_support
1996,Lithuania,LTU,abortion_grounds,1|2|3|4|5|6|7
1996,Luxembourg,LUX,family_planning_support,indirect_support
1996,Luxembourg,LUX,abortion_grounds,1|2|3|4|5|6
1996,Madagascar,MDG,family_planning_support,direct_support
1996,Madagascar,MDG,abortion_grounds,1
1996,Malawi,MWI,family_planning_support,direct_support
1996,Malawi,MWI,abortion_grounds,1
1996,Malaysia,MYS,family_planning_support,direct_support
1996,Malaysia,MYS,abortion_grounds,1|2|3
1996,Maldives,MDV,family_planning_support,direct_support
1996,Maldives,MDV,abortion_grounds,1|2
1996,Mali,MLI,family_planning_support,direct_support
1996,Mali,MLI,abortion_grounds,1
1996,Malta,MLT,family_planning_support,no_support
1996,Malta,MLT,abortion_grounds,not_permitted
1996,Marshall Islands,MHL,family_planning_support,direct_support
1996,Marshall Islands,MHL,abortion_grounds,1
1996,Mauritania,MRT,family_planning_support,direct_support
1996,Mauritania,MRT,abortion_grounds,1
1996,Mauritius,MUS,family_planning_support,direct_support
1996,Mauritius,MUS,abortion_grounds,1
1996,Mexico,MEX,family_planning_support,direct_support
1996,Mexico,MEX,abortion_grounds,1|4
1996,Micronesia (Federated States of),,family_planning_support,direct_support
1996,Micronesia (Federated States of),,abortion_grounds,
1996,Monaco,MCO,family_planning_support,no_support
1996,Monaco,MCO,abortion_grounds,1
1996,Mongolia,MNG,family_planning_support,direct_support
1996,Mongolia,MNG,abortion_grounds,1|2|3|4|5|6|7
1996,Morocco,MAR,family_planning_support,direct_support
1996,Morocco,MAR,abortion_grounds,1|2
1996,Mozambique,MOZ,family_planning_support,direct_support
1996,Mozambique,MOZ,abortion_grounds,1
1996,Myanmar,MMR,family_planning_support,direct_support
1996,Myanmar,MMR,abortion_grounds,1
1996,Namibia,NAM,family_planning_support,direct_support
1996,Namibia,NAM,abortion_grounds,1|2|3|4|5
1996,Nauru,NRU,family_planning_support,direct_support
1996,Nauru,NRU,abortion_grounds,1|2|3
1996,Nepal,NPL,family_planning_support,direct_support
1996,Nepal,NPL,abortion_grounds,1
1996,Netherlands,NLD,family_planning_support,indirect_support
1996,Netherlands,NLD,abortion_grounds,1|2|3|4|5|6|7
1996,New Zealand,NZL,family_planning_support,direct_support
1996,New Zealand,NZL,abortion_grounds,1|2|3|4|5
1996,Nicaragua,NIC,family_planning_support,direct_support
1996,Nicaragua,NIC,abortion_grounds,1
1996,Niger,NER,family_planning_support,direct_support
1996,Niger,NER,abortion_grounds,1
1996,Nigeria,NGA,family_planning_support,direct_support
1996,Nigeria,NGA,abortion_grounds,1
1996,Niue,,family_planning_support,
1996,Niue,,abortion_grounds,1|2|3
1996,Norway,NOR,family_planning_support,direct_support
1996,Norway,NOR,abortion_grounds,1|2|3|4|5|6|7
1996,Oman,OMN,family_planning_support,no_support
1996,Oman,OMN,abortion_grounds,1
1996,Pakistan,PAK,family_planning_support,direct_support
1996,Pakistan,PAK,abortion_grounds,1|2|3
1996,Palau,PLW,family_planning_support,
1996,Palau,PLW,abortion_grounds,1
1996,Panama,PAN,family_planning_support,direct_support
1996,Panama,PAN,abortion_grounds,1|4|5
1996,Papua New Guinea,PNG,family_planning_support,direct_support
1996,Papua New Guinea,PNG,abortion_grounds,1|2|3
1996,Paraguay,PRY,family_planning_support,direct_support
1996,Paraguay,PRY,abortion_grounds,1
1996,Peru,PER,family_planning_support,direct_support
1996,Peru,PER,abortion_grounds,1|2
1996,Philippines,PHL,family_planning_support,direct_support
1996,Philippines,PHL,abortion_grounds,1
1996,Poland,POL,family_planning_support,direct_support
1996,Poland,POL,abortion_grounds,1|2|4|5
1996,Portugal,PRT,family_planning_support,direct_support
1996,Portugal,PRT,abortion_grounds,1|2|3|4|5
1996,Qatar,QAT,family_planning_support,no_support
1996,Qatar,QAT,abortion_grounds,1|2|5
1996,Republic of Korea,KOR,family_planning_support,direct_support
1996,Republic of Korea,KOR,abortion_grounds,1|2|3|4|5
1996,Republic of Moldova,MDA,family_planning_support,direct_support
1996,Republic of Moldova,MDA,abortion_grounds,1|2|3|4|5|6|7
1996,Romania,ROU,family_planning_support,direct_support
1996,Romania,ROU,abortion_grounds,1|2|3|4|5|6|7
1996,Russian Federation,RUS,family_planning_support,direct_support
1996,Russian Federation,RUS,abortion_grounds,1|2|3|4|5|6|7
1996,Rwanda,RWA,family_planning_support,direct_support
1996,Rwanda,RWA,abortion_grounds,1|2
1996,Saint Kitts and Nevis,KNA,family_planning_support,direct_support
1996,Saint Kitts and Nevis,KNA,abortion_grounds,1|2|3
1996,Saint Lucia,LCA,family_planning_support,direct_support
1996,Saint Lucia,LCA,abortion_grounds,1|2|3
1996,Saint Vincent and the Grenadines,VCT,family_planning_support,direct_support
1996,Saint Vincent and the Grenadines,VCT,abortion_grounds,1|2|3|4|5
1996,Samoa,WSM,family_planning_support,direct_support
1996,Samoa,WSM,abortion_grounds,1|2|3
1996,San Marino,SMR,family_planning_support,no_support
1996,San Marino,SMR,abortion_grounds,1
1996,Sao Tome and Principe,STP,family_planning_support,direct_support
1996,Sao Tome and Principe,STP,abortion_grounds,1
1996,Saudi Arabia,SAU,family_planning_support,limits
1996,Saudi Arabia,SAU,abortion_grounds,1|2
1996,Senegal,SEN,family_planning_support,direct_support
1996,Senegal,SEN,abortion_grounds,1
1996,Serbia and Montenegro,,family_planning_support,indirect_support
1996,Serbia and Montenegro,,abortion_grounds,1|2|3|4|5|6|7
1996,Seychelles,SYC,family_planning_support,direct_support
1996,Seychelles,SYC,abortion_grounds,1|2|3|4|5
1996,Sierra Leone,SLE,family_planning_support,indirect_support
1996,Sierra Leone,SLE,abortion_grounds,1|2|3
1996,Singapore,SGP,family_planning_support,direct_support
1996,Singapore,SGP,abortion_grounds,1|2|3|4|5|6|7
1996,Slovakia,SVK,family_planning_support,no_support
1996,Slovakia,SVK,abortion_grounds,1|2|3|4|5|6|7
1996,Slovenia,SVN,family_planning_support,direct_support
1996,Slovenia,SVN,abortion_grounds,1|2|3|4|5|6|7
1996,Solomon Islands,SLB,family_planning_support,direct_support
1996,Solomon Islands,SLB,abortion_grounds,1
1996,Somalia,,family_planning_support,indirect_support
1996,Somalia,,abortion_grounds,1
1996,South Africa,ZAF,family_planning_support,direct_support
1996,South Africa,ZAF,abortion_grounds,1|2|3|4|5|6|7
1996,Spain,ESP,family_planning_support,direct_support
1996,Spain,ESP,abortion_grounds,1|2|3|4|5
1996,Sri Lanka,LKA,family_planning_support,direct_support
1996,Sri Lanka,LKA,abortion_grounds,1
1996,Sudan (including South Sudan),,family_planning_support,direct_support
1996,Sudan (including South Sudan),,abortion_grounds,1|4
1996,Suriname,SUR,family_planning_support,direct_support
1996,Suriname,SUR,abortion_grounds,1
1996,Swaziland,SWZ,family_planning_support,direct_support
1996,Swaziland,SWZ,abortion_grounds,1
1996,Sweden,SWE,family_planning_support,direct_support
1996,Sweden,SWE,abortion_grounds,1|2|3|4|5|6|7
1996,Switzerland,CHE,family_planning_support,no_support
1996,Switzerland,CHE,abortion_grounds,1|2|3
1996,Syrian Arab Republic,SYR,family_planning_support,direct_support
1996,Syrian Arab Republic,SYR,abortion_grounds,1
1996,Tajikistan,TJK,family_planning_support,direct_support
1996,Tajikistan,TJK,abortion_grounds,1|2|3|4|5|6|7
1996,Thailand,THA,family_planning_support,direct_support
1996,Thailand,THA,abortion_grounds,1|2|4|5
1996,The former Yugoslav Rep. of Macedonia,MKD,family_planning_support,direct_support
1996,The former Yugoslav Rep. of Macedonia,MKD,abortion_grounds,1|2|3|4|5|6|7
1996,Togo,TGO,family_planning_support,direct_support
1996,Togo,TGO,abortion_grounds,1
1996,Tonga,TON,family_planning_support,direct_support
1996,Tonga,TON,abortion_grounds,1
1996,Trinidad and Tobago,TTO,family_planning_support,direct_support
1996,Trinidad and Tobago,TTO,abortion_grounds,1|2|3
1996,Tunisia,TUN,family_planning_support,direct_support
1996,Tunisia,TUN,abortion_grounds,1|2|3|4|5|6|7
1996,Turkey,TUR,family_planning_support,direct_support
1996,Turkey,TUR,abortion_grounds,1|2|3|4|5|6|7
1996,Turkmenistan,TKM,family_planning_support,no_support
1996,Turkmenistan,TKM,abortion_grounds,1|2|3|4|5|6|7
1996,Tuvalu,TUV,family_planning_support,direct_support
1996,Tuvalu,TUV,abortion_grounds,1
1996,Uganda,UGA,family_planning_support,direct_support
1996,Uganda,UGA,abortion_grounds,1|2|3
1996,Ukraine,UKR,family_planning_support,direct_support
1996,Ukraine,UKR,abortion_grounds,1|2|3|4|5|6|7
1996,United Arab Emirates,ARE,family_planning_support,no_support
1996,United Arab Emirates,ARE,abortion_grounds,1
1996,United Kingdom,GBR,family_planning_support,direct_support
1996,United Kingdom,GBR,abortion_grounds,1|2|3|5|6
1996,United Republic of Tanzania,TZA,family_planning_support,direct_support
1996,United Republic of Tanzania,TZA,abortion_grounds,1|2|3
1996,United States of America,USA,family_planning_support,direct_support
1996,United States of America,USA,abortion_grounds,1|2|3|4|5|6|7
1996,Uruguay,URY,family_planning_support,direct_support
1996,Uruguay,URY,abortion_grounds,1|2
1996,Uzbekistan,UZB,family_planning_support,direct_support
1996,Uzbekistan,UZB,abortion_grounds,1|2|3|4|5|6|7
1996,Vanuatu,VUT,family_planning_support,direct_support
1996,Vanuatu,VUT,abortion_grounds,1|2
1996,Venezuela (Bolivarian Republic of),,family_planning_support,direct_support
1996,Venezuela (Bolivarian Republic of),,abortion_grounds,1
1996,Viet Nam,VNM,family_planning_support,direct_support
1996,Viet Nam,VNM,abortion_grounds,1|2|3|4|5|6|7
1996,Yemen,YEM,family_planning_support,direct_support
1996,Yemen,YEM,abortion_grounds,1
1996,Zambia,ZMB,family_planning_support,direct_support
1996,Zambia,ZMB,abortion_grounds,1|2|3|5|6
1996,Zimbabwe,ZWE,family_planning_support,direct_support
1996,Zimbabwe,ZWE,abortion_grounds,1|2|4|5
2001,Afghanistan,AFG,view_on_fertility_level,too_high
2001,Afghanistan,AFG,policy_on_fertility_level,no_intervention
2001,Afghanistan,AFG,concern_about_adolescent_fertility,
2001,Afghanistan,AFG,policies_reduce_adolescent_fertility,
2001,Albania,ALB,view_on_fertility_level,satisfactory
2001,Albania,ALB,policy_on_fertility_level,maintain
2001,Albania,ALB,concern_about_adolescent_fertility,
2001,Albania,ALB,policies_reduce_adolescent_fertility,no
2001,Algeria,DZA,view_on_fertility_level,too_high
2001,Algeria,DZA,policy_on_fertility_level,lower
2001,Algeria,DZA,concern_about_adolescent_fertility,minor_concern
2001,Algeria,DZA,policies_reduce_adolescent_fertility,no
2001,Andorra,AND,view_on_fertility_level,satisfactory
2001,Andorra,AND,policy_on_fertility_level,maintain
2001,Andorra,AND,concern_about_adolescent_fertility,
2001,Andorra,AND,policies_reduce_adolescent_fertility,no
2001,Angola,AGO,view_on_fertility_level,satisfactory
2001,Angola,AGO,policy_on_fertility_level,maintain
2001,Angola,AGO,concern_about_adolescent_fertility,major_concern
2001,Angola,AGO,policies_reduce_adolescent_fertility,yes
2001,Antigua and Barbuda,ATG,view_on_fertility_level,satisfactory
2001,Antigua and Barbuda,ATG,policy_on_fertility_level,no_intervention
2001,Antigua and Barbuda,ATG,concern_about_adolescent_fertility,
2001,Antigua and Barbuda,ATG,policies_reduce_adolescent_fertility,
2001,Argentina,ARG,view_on_fertility_level,satisfactory
2001,Argentina,ARG,policy_on_fertility_level,no_intervention
2001,Argentina,ARG,concern_about_adolescent_fertility,major_concern
2001,Argentina,ARG,policies_reduce_adolescent_fertility,yes
2001,Armenia,ARM,view_on_fertility_level,too_low
2001,Armenia,ARM,policy_on_fertility_level,raise
2001,Armenia,ARM,concern_about_adolescent_fertility,minor_concern
2001,Armenia,ARM,policies_reduce_adolescent_fertility,no
2001,Australia,AUS,view_on_fertility_level,satisfactory
2001,Australia,AUS,policy_on_fertility_level,no_intervention
2001,Australia,AUS,concern_about_adolescent_fertility,minor_concern
2001,Australia,AUS,policies_reduce_adolescent_fertility,
2001,Austria,AUT,view_on_fertility_level,too_low
2001,Austria,AUT,policy_on_fertility_level,raise
2001,Austria,AUT,concern_about_adolescent_fertility,minor_concern
2001,Austria,AUT,policies_reduce_adolescent_fertility,no
2001,Azerbaijan,AZE,view_on_fertility_level,satisfactory
2001,Azerbaijan,AZE,policy_on_fertility_level,maintain
2001,Azerbaijan,AZE,concern_about_adolescent_fertility,minor_concern
2001,Azerbaijan,AZE,policies_reduce_adolescent_fertility,no
2001,Bahamas,BHS,view_on_fertility_level,too_high
2001,Bahamas,BHS,policy_on_fertility_level,lower
2001,Bahamas,BHS,concern_about_adolescent_fertility,major_concern
2001,Bahamas,BHS,policies_reduce_adolescent_fertility,yes
2001,Bahrain,BHR,view_on_fertility_level,satisfactory
2001,Bahrain,BHR,policy_on_fertility_level,lower
2001,Bahrain,BHR,concern_about_adolescent_fertility,not_a_concern
2001,Bahrain,BHR,policies_reduce_adolescent_fertility,no
2001,Bangladesh,BGD,view_on_fertility_level,too_high
2001,Bangladesh,BGD,policy_on_fertility_level,lower
2001,Bangladesh,BGD,concern_about_adolescent_fertility,major_concern
2001,Bangladesh,BGD,policies_reduce_adolescent_fertility,yes
2001,Barbados,BRB,view_on_fertility_level,satisfactory
2001,Barbados,BRB,policy_on_fertility_level,no_intervention
2001,Barbados,BRB,concern_about_adolescent_fertility,minor_concern
2001,Barbados,BRB,policies_reduce_adolescent_fertility,yes
2001,Belarus,BLR,view_on_fertility_level,too_low
2001,Belarus,BLR,policy_on_fertility_level,raise
2001,Belarus,BLR,concern_about_adolescent_fertility,major_concern
2001,Belarus,BLR,policies_reduce_adolescent_fertility,no
2001,Belgium,BEL,view_on_fertility_level,satisfactory
2001,Belgium,BEL,policy_on_fertility_level,no_intervention
2001,Belgium,BEL,concern_about_adolescent_fertility,minor_concern
2001,Belgium,BEL,policies_reduce_adolescent_fertility,yes
2001,Belize,BLZ,view_on_fertility_level,satisfactory
2001,Belize,BLZ,policy_on_fertility_level,no_intervention
2001,Belize,BLZ,concern_about_adolescent_fertility,major_concern
2001,Belize,BLZ,policies_reduce_adolescent_fertility,no
2001,Benin,BEN,view_on_fertility_level,satisfactory
2001,Benin,BEN,policy_on_fertility_level,no_intervention
2001,Benin,BEN,concern_about_adolescent_fertility,minor_concern
2001,Benin,BEN,policies_reduce_adolescent_fertility,no
2001,Bhutan,BTN,view_on_fertility_level,too_high
2001,Bhutan,BTN,policy_on_fertility_level,lower
2001,Bhutan,BTN,concern_about_adolescent_fertility,
2001,Bhutan,BTN,policies_reduce_adolescent_fertility,no
2001,Bolivia (Plurinational State of),BOL,view_on_fertility_level,satisfactory
2001,Bolivia (Plurinational State of),BOL,policy_on_fertility_level,no_intervention
2001,Bolivia (Plurinational State of),BOL,concern_about_adolescent_fertility,minor_concern
2001,Bolivia (Plurinational State of),BOL,policies_reduce_adolescent_fertility,yes
2001,Bosnia and Herzegovina,BIH,view_on_fertility_level,too_low
2001,Bosnia and Herzegovina,BIH,policy_on_fertility_level,no_intervention
2001,Bosnia and Herzegovina,BIH,concern_about_adolescent_fertility,
2001,Bosnia and Herzegovina,BIH,policies_reduce_adolescent_fertility,
2001,Botswana,BWA,view_on_fertility_level,too_high
2001,Botswana,BWA,policy_on_fertility_level,lower
2001,Botswana,BWA,concern_about_adolescent_fertility,major_concern
2001,Botswana,BWA,policies_reduce_adolescent_fertility,yes
2001,Brazil,BRA,view_on_fertility_level,satisfactory
2001,Brazil,BRA,policy_on_fertility_level,no_intervention
2001,Brazil,BRA,concern_about_adolescent_fertility,major_concern
2001,Brazil,BRA,policies_reduce_adolescent_fertility,yes
2001,Brunei Darussalam,BRN,view_on_fertility_level,satisfactory
2001,Brunei Darussalam,BRN,policy_on_fertility_level,no_intervention
2001,Brunei Darussalam,BRN,concern_about_adolescent_fertility,not_a_concern
2001,Brunei Darussalam,BRN,policies_reduce_adolescent_fertility,no
2001,Bulgaria,BGR,view_on_fertility_level,too_low
2001,Bulgaria,BGR,policy_on_fertility_level,raise
2001,Bulgaria,BGR,concern_about_adolescent_fertility,not_a_concern
2001,Bulgaria,BGR,policies_reduce_adolescent_fertility,no
2001,Burkina Faso,BFA,view_on_fertility_level,too_high
2001,Burkina Faso,BFA,policy_on_fertility_level,lower
2001,Burkina Faso,BFA,concern_about_adolescent_fertility,major_concern
2001,Burkina Faso,BFA,policies_reduce_adolescent_fertility,yes
2001,Burundi,BDI,view_on_fertility_level,too_high
2001,Burundi,BDI,policy_on_fertility_level,lower
2001,Burundi,BDI,concern_about_adolescent_fertility,not_a_concern
2001,Burundi,BDI,policies_reduce_adolescent_fertility,no
2001,Cabo Verde,CPV,view_on_fertility_level,too_high
2001,Cabo Verde,CPV,policy_on_fertility_level,lower
2001,Cabo Verde,CPV,concern_about_adolescent_fertility,
2001,Cabo Verde,CPV,policies_reduce_adolescent_fertility,no
2001,Cambodia,KHM,view_on_fertility_level,too_high
2001,Cambodia,KHM,policy_on_fertility_level,lower
2001,Cambodia,KHM,concern_about_adolescent_fertility,
2001,Cambodia,KHM,policies_reduce_adolescent_fertility,
2001,Cameroon,CMR,view_on_fertility_level,too_high
2001,Cameroon,CMR,policy_on_fertility_level,lower
2001,Cameroon,CMR,concern_about_adolescent_fertility,major_concern
2001,Cameroon,CMR,policies_reduce_adolescent_fertility,yes
2001,Canada,CAN,view_on_fertility_level,satisfactory
2001,Canada,CAN,policy_on_fertility_level,no_intervention
2001,Canada,CAN,concern_about_adolescent_fertility,major_concern
2001,Canada,CAN,policies_reduce_adolescent_fertility,yes
2001,Central African Republic,CAF,view_on_fertility_level,satisfactory
2001,Central African Republic,CAF,policy_on_fertility_level,no_intervention
2001,Central African Republic,CAF,concern_about_adolescent_fertility,minor_concern
2001,Central African Republic,CAF,policies_reduce_adolescent_fertility,yes
2001,Chad,TCD,view_on_fertility_level,satisfactory
2001,Chad,TCD,policy_on_fertility_level,no_intervention
2001,Chad,TCD,concern_about_adolescent_fertility,
2001,Chad,TCD,policies_reduce_adolescent_fertility,
2001,Chile,CHL,view_on_fertility_level,satisfactory
2001,Chile,CHL,policy_on_fertility_level,no_intervention
2001,Chile,CHL,concern_about_adolescent_fertility,major_concern
2001,Chile,CHL,policies_reduce_adolescent_fertility,yes
2001,China,CHN,view_on_fertility_level,satisfactory
2001,China,CHN,policy_on_fertility_level,maintain
2001,China,CHN,concern_about_adolescent_fertility,minor_concern
2001,China,CHN,policies_reduce_adolescent_fertility,yes
2001,Colombia,COL,view_on_fertility_level,satisfactory
2001,Colombia,COL,policy_on_fertility_level,lower
2001,Colombia,COL,concern_about_adolescent_fertility,major_concern
2001,Colombia,COL,policies_reduce_adolescent_fertility,yes
2001,Comoros,COM,view_on_fertility_level,too_high
2001,Comoros,COM,policy_on_fertility_level,lower
2001,Comoros,COM,concern_about_adolescent_fertility,major_concern
2001,Comoros,COM,policies_reduce_adolescent_fertility,no
2001,Congo,,view_on_fertility_level,too_high
2001,Congo,,policy_on_fertility_level,lower
2001,Congo,,concern_about_adolescent_fertility,major_concern
2001,Congo,,policies_reduce_adolescent_fertility,yes
2001,Cook Islands,,view_on_fertility_level,satisfactory
2001,Cook Islands,,policy_on_fertility_level,maintain
2001,Cook Islands,,concern_about_adolescent_fertility,minor_concern
2001,Cook Islands,,policies_reduce_adolescent_fertility,yes
2001,Costa Rica,CRI,view_on_fertility_level,satisfactory
2001,Costa Rica,CRI,policy_on_fertility_level,lower
2001,Costa Rica,CRI,concern_about_adolescent_fertility,major_concern
2001,Costa Rica,CRI,policies_reduce_adolescent_fertility,yes
2001,Côte d'Ivoire,CIV,view_on_fertility_level,too_high
2001,Côte d'Ivoire,CIV,policy_on_fertility_level,lower
2001,Côte d'Ivoire,CIV,concern_about_adolescent_fertility,
2001,Côte d'Ivoire,CIV,policies_reduce_adolescent_fertility,yes
2001,Croatia,HRV,view_on_fertility_level,too_low
2001,Croatia,HRV,policy_on_fertility_level,raise
2001,Croatia,HRV,concern_about_adolescent_fertility,minor_concern
2001,Croatia,HRV,policies_reduce_adolescent_fertility,yes
2001,Cuba,CUB,view_on_fertility_level,satisfactory
2001,Cuba,CUB,policy_on_fertility_level,no_intervention
2001,Cuba,CUB,concern_about_adolescent_fertility,major_concern
2001,Cuba,CUB,policies_reduce_adolescent_fertility,yes
2001,Cyprus,CYP,view_on_fertility_level,too_low
2001,Cyprus,CYP,policy_on_fertility_level,raise
2001,Cyprus,CYP,concern_about_adolescent_fertility,major_concern
2001,Cyprus,CYP,policies_reduce_adolescent_fertility,yes
2001,Czech Republic,CZE,view_on_fertility_level,too_low
2001,Czech Republic,CZE,policy_on_fertility_level,raise
2001,Czech Republic,CZE,concern_about_adolescent_fertility,not_a_concern
2001,Czech Republic,CZE,policies_reduce_adolescent_fertility,no
2001,Democratic People's Republic of Korea,PRK,view_on_fertility_level,satisfactory
2001,Democratic People's Republic of Korea,PRK,policy_on_fertility_level,maintain
2001,Democratic People's Republic of Korea,PRK,concern_about_adolescent_fertility,
2001,Democratic People's Republic of Korea,PRK,policies_reduce_adolescent_fertility,
2001,Democratic Republic of the Congo,,view_on_fertility_level,satisfactory
2001,Democratic Republic of the Congo,,policy_on_fertility_level,no_intervention
2001,Democratic Republic of the Congo,,concern_about_adolescent_fertility,minor_concern
2001,Democratic Republic of the Congo,,policies_reduce_adolescent_fertility,yes
2001,Denmark,DNK,view_on_fertility_level,satisfactory
2001,Denmark,DNK,policy_on_fertility_level,no_intervention
2001,Denmark,DNK,concern_about_adolescent_fertility,minor_concern
2001,Denmark,DNK,policies_reduce_adolescent_fertility,yes
2001,Djibouti,DJI,view_on_fertility_level,too_high
2001,Djibouti,DJI,policy_on_fertility_level,no_intervention
2001,Djibouti,DJI,concern_about_adolescent_fertility,not_a_concern
2001,Djibouti,DJI,policies_reduce_adolescent_fertility,no
2001,Dominica,DMA,view_on_fertility_level,satisfactory
2001,Dominica,DMA,policy_on_fertility_level,no_intervention
2001,Dominica,DMA,concern_about_adolescent_fertility,not_a_concern
2001,Dominica,DMA,policies_reduce_adolescent_fertility,no
2001,Dominican Republic,DOM,view_on_fertility_level,too_high
2001,Dominican Republic,DOM,policy_on_fertility_level,lower
2001,Dominican Republic,DOM,concern_about_adolescent_fertility,major_concern
2001,Dominican Republic,DOM,policies_reduce_adolescent_fertility,yes
2001,Ecuador,ECU,view_on_fertility_level,too_high
2001,Ecuador,ECU,policy_on_fertility_level,lower
2001,Ecuador,ECU,concern_about_adolescent_fertility,major_concern
2001,Ecuador,ECU,policies_reduce_adolescent_fertility,yes
2001,Egypt,EGY,view_on_fertility_level,too_high
2001,Egypt,EGY,policy_on_fertility_level,lower
2001,Egypt,EGY,concern_about_adolescent_fertility,major_concern
2001,Egypt,EGY,policies_reduce_adolescent_fertility,yes
2001,El Salvador,SLV,view_on_fertility_level,too_high
2001,El Salvador,SLV,policy_on_fertility_level,lower
2001,El Salvador,SLV,concern_about_adolescent_fertility,minor_concern
2001,El Salvador,SLV,policies_reduce_adolescent_fertility,no
2001,Equatorial Guinea,GNQ,view_on_fertility_level,satisfactory
2001,Equatorial Guinea,GNQ,policy_on_fertility_level,maintain
2001,Equatorial Guinea,GNQ,concern_about_adolescent_fertility,
2001,Equatorial Guinea,GNQ,policies_reduce_adolescent_fertility,
2001,Eritrea,ERI,view_on_fertility_level,too_high
2001,Eritrea,ERI,policy_on_fertility_level,lower
2001,Eritrea,ERI,concern_about_adolescent_fertility,
2001,Eritrea,ERI,policies_reduce_adolescent_fertility,
2001,Estonia,EST,view_on_fertility_level,too_low
2001,Estonia,EST,policy_on_fertility_level,no_intervention
2001,Estonia,EST,concern_about_adolescent_fertility,not_a_concern
2001,Estonia,EST,policies_reduce_adolescent_fertility,no
2001,Ethiopia,ETH,view_on_fertility_level,too_high
2001,Ethiopia,ETH,policy_on_fertility_level,lower
2001,Ethiopia,ETH,concern_about_adolescent_fertility,major_concern
2001,Ethiopia,ETH,policies_reduce_adolescent_fertility,yes
2001,Fiji,FJI,view_on_fertility_level,satisfactory
2001,Fiji,FJI,policy_on_fertility_level,lower
2001,Fiji,FJI,concern_about_adolescent_fertility,minor_concern
2001,Fiji,FJI,policies_reduce_adolescent_fertility,yes
2001,Finland,FIN,view_on_fertility_level,satisfactory
2001,Finland,FIN,policy_on_fertility_level,no_intervention
2001,Finland,FIN,concern_about_adolescent_fertility,minor_concern
2001,Finland,FIN,policies_reduce_adolescent_fertility,no
2001,France,FRA,view_on_fertility_level,too_low
2001,France,FRA,policy_on_fertility_level,no_intervention
2001,France,FRA,concern_about_adolescent_fertility,major_concern
2001,France,FRA,policies_reduce_adolescent_fertility,yes
2001,Gabon,GAB,view_on_fertility_level,too_low
2001,Gabon,GAB,policy_on_fertility_level,raise
2001,Gabon,GAB,concern_about_adolescent_fertility,
2001,Gabon,GAB,policies_reduce_adolescent_fertility,
2001,Gambia,GMB,view_on_fertility_level,too_high
2001,Gambia,GMB,policy_on_fertility_level,lower
2001,Gambia,GMB,concern_about_adolescent_fertility,minor_concern
2001,Gambia,GMB,policies_reduce_adolescent_fertility,yes
2001,Georgia,GEO,view_on_fertility_level,too_low
2001,Georgia,GEO,policy_on_fertility_level,raise
2001,Georgia,GEO,concern_about_adolescent_fertility,minor_concern
2001,Georgia,GEO,policies_reduce_adolescent_fertility,yes
2001,Germany,DEU,view_on_fertility_level,too_low
2001,Germany,DEU,policy_on_fertility_level,no_intervention
2001,Germany,DEU,concern_about_adolescent_fertility,major_concern
2001,Germany,DEU,policies_reduce_adolescent_fertility,yes
2001,Ghana,GHA,view_on_fertility_level,too_high
2001,Ghana,GHA,policy_on_fertility_level,lower
2001,Ghana,GHA,concern_about_adolescent_fertility,major_concern
2001,Ghana,GHA,policies_reduce_adolescent_fertility,yes
2001,Greece,GRC,view_on_fertility_level,too_low
2001,Greece,GRC,policy_on_fertility_level,no_intervention
2001,Greece,GRC,concern_about_adolescent_fertility,minor_concern
2001,Greece,GRC,policies_reduce_adolescent_fertility,no
2001,Grenada,GRD,view_on_fertility_level,too_high
2001,Grenada,GRD,policy_on_fertility_level,lower
2001,Grenada,GRD,concern_about_adolescent_fertility,major_concern
2001,Grenada,GRD,policies_reduce_adolescent_fertility,yes
2001,Guatemala,GTM,view_on_fertility_level,too_high
2001,Guatemala,GTM,policy_on_fertility_level,lower
2001,Guatemala,GTM,concern_about_adolescent_fertility,minor_concern
2001,Guatemala,GTM,policies_reduce_adolescent_fertility,yes
2001,Guinea,GIN,view_on_fertility_level,too_high
2001,Guinea,GIN,policy_on_fertility_level,lower
2001,Guinea,GIN,concern_about_adolescent_fertility,major_concern
2001,Guinea,GIN,policies_reduce_adolescent_fertility,yes
2001,Guinea-Bissau,GNB,view_on_fertility_level,too_high
2001,Guinea-Bissau,GNB,policy_on_fertility_level,no_intervention
2001,Guinea-Bissau,GNB,concern_about_adolescent_fertility,major_concern
2001,Guinea-Bissau,GNB,policies_reduce_adolescent_fertility,yes
2001,Guyana,GUY,view_on_fertility_level,satisfactory
2001,Guyana,GUY,policy_on_fertility_level,no_intervention
2001,Guyana,GUY,concern_about_adolescent_fertility,
2001,Guyana,GUY,policies_reduce_adolescent_fertility,
2001,Haiti,HTI,view_on_fertility_level,too_high
2001,Haiti,HTI,policy_on_fertility_level,lower
2001,Haiti,HTI,concern_about_adolescent_fertility,
2001,Haiti,HTI,policies_reduce_adolescent_fertility,
2001,Holy See,,view_on_fertility_level,satisfactory
2001,Holy See,,policy_on_fertility_level,no_intervention
2001,Holy See,,concern_about_adolescent_fertility,
2001,Holy See,,policies_reduce_adolescent_fertility,
2001,Honduras,HND,view_on_fertility_level,too_high
2001,Honduras,HND,policy_on_fertility_level,lower
2001,Honduras,HND,concern_about_adolescent_fertility,minor_concern
2001,Honduras,HND,policies_reduce_adolescent_fertility,yes
2001,Hungary,HUN,view_on_fertility_level,too_low
2001,Hungary,HUN,policy_on_fertility_level,raise
2001,Hungary,HUN,concern_about_adolescent_fertility,minor_concern
2001,Hungary,HUN,policies_reduce_adolescent_fertility,no
2001,Iceland,ISL,view_on_fertility_level,satisfactory
2001,Iceland,ISL,policy_on_fertility_level,maintain
2001,Iceland,ISL,concern_about_adolescent_fertility,
2001,Iceland,ISL,policies_reduce_adolescent_fertility,no
2001,India,IND,view_on_fertility_level,too_high
2001,India,IND,policy_on_fertility_level,lower
2001,India,IND,concern_about_adolescent_fertility,major_concern
2001,India,IND,policies_reduce_adolescent_fertility,yes
2001,Indonesia,IDN,view_on_fertility_level,too_high
2001,Indonesia,IDN,policy_on_fertility_level,lower
2001,Indonesia,IDN,concern_about_adolescent_fertility,major_concern
2001,Indonesia,IDN,policies_reduce_adolescent_fertility,yes
2001,Iran (Islamic Republic of),,view_on_fertility_level,too_high
2001,Iran (Islamic Republic of),,policy_on_fertility_level,lower
2001,Iran (Islamic Republic of),,concern_about_adolescent_fertility,major_concern
2001,Iran (Islamic Republic of),,policies_reduce_adolescent_fertility,yes
2001,Iraq,IRQ,view_on_fertility_level,satisfactory
2001,Iraq,IRQ,policy_on_fertility_level,lower
2001,Iraq,IRQ,concern_about_adolescent_fertility,not_a_concern
2001,Iraq,IRQ,policies_reduce_adolescent_fertility,no
2001,Ireland,IRL,view_on_fertility_level,satisfactory
2001,Ireland,IRL,policy_on_fertility_level,maintain
2001,Ireland,IRL,concern_about_adolescent_fertility,
2001,Ireland,IRL,policies_reduce_adolescent_fertility,yes
2001,Israel,ISR,view_on_fertility_level,too_low
2001,Israel,ISR,policy_on_fertility_level,raise
2001,Israel,ISR,concern_about_adolescent_fertility,minor_concern
2001,Israel,ISR,policies_reduce_adolescent_fertility,yes
2001,Italy,ITA,view_on_fertility_level,too_low
2001,Italy,ITA,policy_on_fertility_level,no_intervention
2001,Italy,ITA,concern_about_adolescent_fertility,not_a_concern
2001,Italy,ITA,policies_reduce_adolescent_fertility,no
2001,Jamaica,JAM,view_on_fertility_level,too_high
2001,Jamaica,JAM,policy_on_fertility_level,lower
2001,Jamaica,JAM,concern_about_adolescent_fertility,major_concern
2001,Jamaica,JAM,policies_reduce_adolescent_fertility,yes
2001,Japan,JPN,view_on_fertility_level,too_low
2001,Japan,JPN,policy_on_fertility_level,no_intervention
2001,Japan,JPN,concern_about_adolescent_fertility,minor_concern
2001,Japan,JPN,policies_reduce_adolescent_fertility,yes
2001,Jordan,JOR,view_on_fertility_level,too_high
2001,Jordan,JOR,policy_on_fertility_level,lower
2001,Jordan,JOR,concern_about_adolescent_fertility,not_a_concern
2001,Jordan,JOR,policies_reduce_adolescent_fertility,no
2001,Kazakhstan,KAZ,view_on_fertility_level,too_low
2001,Kazakhstan,KAZ,policy_on_fertility_level,raise
2001,Kazakhstan,KAZ,concern_about_adolescent_fertility,not_a_concern
2001,Kazakhstan,KAZ,policies_reduce_adolescent_fertility,no
2001,Kenya,KEN,view_on_fertility_level,too_high
2001,Kenya,KEN,policy_on_fertility_level,lower
2001,Kenya,KEN,concern_about_adolescent_fertility,major_concern
2001,Kenya,KEN,policies_reduce_adolescent_fertility,yes
2001,Kiribati,KIR,view_on_fertility_level,too_high
2001,Kiribati,KIR,policy_on_fertility_level,lower
2001,Kiribati,KIR,concern_about_adolescent_fertility,
2001,Kiribati,KIR,policies_reduce_adolescent_fertility,
2001,Kuwait,KWT,view_on_fertility_level,satisfactory
2001,Kuwait,KWT,policy_on_fertility_level,no_intervention
2001,Kuwait,KWT,concern_about_adolescent_fertility,not_a_concern
2001,Kuwait,KWT,policies_reduce_adolescent_fertility,no
2001,Kyrgyzstan,KGZ,view_on_fertility_level,satisfactory
2001,Kyrgyzstan,KGZ,policy_on_fertility_level,no_intervention
2001,Kyrgyzstan,KGZ,concern_about_adolescent_fertility,not_a_concern
2001,Kyrgyzstan,KGZ,policies_reduce_adolescent_fertility,yes
2001,Lao People's Democratic Republic,,view_on_fertility_level,too_high
2001,Lao People's Democratic Republic,,policy_on_fertility_level,lower
2001,Lao People's Democratic Republic,,concern_about_adolescent_fertility,
2001,Lao People's Democratic Republic,,policies_reduce_adolescent_fertility,
2001,Latvia,LVA,view_on_fertility_level,too_low
2001,Latvia,LVA,policy_on_fertility_level,raise
2001,Latvia,LVA,concern_about_adolescent_fertility,major_concern
2001,Latvia,LVA,policies_reduce_adolescent_fertility,no
2001,Lebanon,LBN,view_on_fertility_level,satisfactory
2001,Lebanon,LBN,policy_on_fertility_level,lower
2001,Lebanon,LBN,concern_about_adolescent_fertility,
2001,Lebanon,LBN,policies_reduce_adolescent_fertility,no
2001,Lesotho,LSO,view_on_fertility_level,too_high
2001,Lesotho,LSO,policy_on_fertility_level,lower
2001,Lesotho,LSO,concern_about_adolescent_fertility,major_concern
2001,Lesotho,LSO,policies_reduce_adolescent_fertility,yes
2001,Liberia,LBR,view_on_fertility_level,too_high
2001,Liberia,LBR,policy_on_fertility_level,lower
2001,Liberia,LBR,concern_about_adolescent_fertility,major_concern
2001,Liberia,LBR,policies_reduce_adolescent_fertility,yes
2001,Libya,LBY,view_on_fertility_level,satisfactory
2001,Libya,LBY,policy_on_fertility_level,no_intervention
2001,Libya,LBY,concern_about_adolescent_fertility,
2001,Libya,LBY,policies_reduce_adolescent_fertility,
2001,Liechtenstein,LIE,view_on_fertility_level,satisfactory
2001,Liechtenstein,LIE,policy_on_fertility_level,no_intervention
2001,Liechtenstein,LIE,concern_about_adolescent_fertility,not_a_concern
2001,Liechtenstein,LIE,policies_reduce_adolescent_fertility,no
2001,Lithuania,LTU,view_on_fertility_level,too_low
2001,Lithuania,LTU,policy_on_fertility_level,raise
2001,Lithuania,LTU,concern_about_adolescent_fertility,major_concern
2001,Lithuania,LTU,policies_reduce_adolescent_fertility,yes
2001,Luxembourg,LUX,view_on_fertility_level,too_low
2001,Luxembourg,LUX,policy_on_fertility_level,raise
2001,Luxembourg,LUX,concern_about_adolescent_fertility,
2001,Luxembourg,LUX,policies_reduce_adolescent_fertility,
2001,Madagascar,MDG,view_on_fertility_level,too_high
2001,Madagascar,MDG,policy_on_fertility_level,lower
2001,Madagascar,MDG,concern_about_adolescent_fertility,major_concern
2001,Madagascar,MDG,policies_reduce_adolescent_fertility,yes
2001,Malawi,MWI,view_on_fertility_level,too_high
2001,Malawi,MWI,policy_on_fertility_level,lower
2001,Malawi,MWI,concern_about_adolescent_fertility,major_concern
2001,Malawi,MWI,policies_reduce_adolescent_fertility,yes
2001,Malaysia,MYS,view_on_fertility_level,too_high
2001,Malaysia,MYS,policy_on_fertility_level,lower
2001,Malaysia,MYS,concern_about_adolescent_fertility,major_concern
2001,Malaysia,MYS,policies_reduce_adolescent_fertility,yes
2001,Maldives,MDV,view_on_fertility_level,too_high
2001,Maldives,MDV,policy_on_fertility_level,lower
2001,Maldives,MDV,concern_about_adolescent_fertility,minor_concern
2001,Maldives,MDV,policies_reduce_adolescent_fertility,yes
2001,Mali,MLI,view_on_fertility_level,too_high
2001,Mali,MLI,policy_on_fertility_level,lower
2001,Mali,MLI,concern_about_adolescent_fertility,minor_concern
2001,Mali,MLI,policies_reduce_adolescent_fertility,yes
2001,Malta,MLT,view_on_fertility_level,satisfactory
2001,Malta,MLT,policy_on_fertility_level,no_intervention
2001,Malta,MLT,concern_about_adolescent_fertility,minor_concern
2001,Malta,MLT,policies_reduce_adolescent_fertility,yes
2001,Marshall Islands,MHL,view_on_fertility_level,too_high
2001,Marshall Islands,MHL,policy_on_fertility_level,lower
2001,Marshall Islands,MHL,concern_about_adolescent_fertility,major_concern
2001,Marshall Islands,MHL,policies_reduce_adolescent_fertility,yes
2001,Mauritania,MRT,view_on_fertility_level,satisfactory
2001,Mauritania,MRT,policy_on_fertility_level,no_intervention
2001,Mauritania,MRT,concern_about_adolescent_fertility,not_a_concern
2001,Mauritania,MRT,policies_reduce_adolescent_fertility,no
2001,Mauritius,MUS,view_on_fertility_level,satisfactory
2001,Mauritius,MUS,policy_on_fertility_level,no_intervention
2001,Mauritius,MUS,concern_about_adolescent_fertility,major_concern
2001,Mauritius,MUS,policies_reduce_adolescent_fertility,yes
2001,Mexico,MEX,view_on_fertility_level,too_high
2001,Mexico,MEX,policy_on_fertility_level,lower
2001,Mexico,MEX,concern_about_adolescent_fertility,major_concern
2001,Mexico,MEX,policies_reduce_adolescent_fertility,yes
2001,Micronesia (Federated States of),,view_on_fertility_level,too_high
2001,Micronesia (Federated States of),,policy_on_fertility_level,lower
2001,Micronesia (Federated States of),,concern_about_adolescent_fertility,
2001,Micronesia (Federated States of),,policies_reduce_adolescent_fertility,yes
2001,Monaco,MCO,view_on_fertility_level,satisfactory
2001,Monaco,MCO,policy_on_fertility_level,no_intervention
2001,Monaco,MCO,concern_about_adolescent_fertility,not_a_concern
2001,Monaco,MCO,policies_reduce_adolescent_fertility,no
2001,Mongolia,MNG,view_on_fertility_level,satisfactory
2001,Mongolia,MNG,policy_on_fertility_level,no_intervention
2001,Mongolia,MNG,concern_about_adolescent_fertility,minor_concern
2001,Mongolia,MNG,policies_reduce_adolescent_fertility,yes
2001,Morocco,MAR,view_on_fertility_level,too_high
2001,Morocco,MAR,policy_on_fertility_level,lower
2001,Morocco,MAR,concern_about_adolescent_fertility,minor_concern
2001,Morocco,MAR,policies_reduce_adolescent_fertility,no
2001,Mozambique,MOZ,view_on_fertility_level,too_high
2001,Mozambique,MOZ,policy_on_fertility_level,lower
2001,Mozambique,MOZ,concern_about_adolescent_fertility,major_concern
2001,Mozambique,MOZ,policies_reduce_adolescent_fertility,no
2001,Myanmar,MMR,view_on_fertility_level,satisfactory
2001,Myanmar,MMR,policy_on_fertility_level,maintain
2001,Myanmar,MMR,concern_about_adolescent_fertility,major_concern
2001,Myanmar,MMR,policies_reduce_adolescent_fertility,yes
2001,Namibia,NAM,view_on_fertility_level,too_high
2001,Namibia,NAM,policy_on_fertility_level,lower
2001,Namibia,NAM,concern_about_adolescent_fertility,major_concern
2001,Namibia,NAM,policies_reduce_adolescent_fertility,yes
2001,Nauru,NRU,view_on_fertility_level,satisfactory
2001,Nauru,NRU,policy_on_fertility_level,maintain
2001,Nauru,NRU,concern_about_adolescent_fertility,
2001,Nauru,NRU,policies_reduce_adolescent_fertility,
2001,Nepal,NPL,view_on_fertility_level,too_high
2001,Nepal,NPL,policy_on_fertility_level,lower
2001,Nepal,NPL,concern_about_adolescent_fertility,minor_concern
2001,Nepal,NPL,policies_reduce_adolescent_fertility,yes
2001,Netherlands,NLD,view_on_fertility_level,satisfactory
2001,Netherlands,NLD,policy_on_fertility_level,no_intervention
2001,Netherlands,NLD,concern_about_adolescent_fertility,not_a_concern
2001,Netherlands,NLD,policies_reduce_adolescent_fertility,no
2001,New Zealand,NZL,view_on_fertility_level,satisfactory
2001,New Zealand,NZL,policy_on_fertility_level,no_intervention
2001,New Zealand,NZL,concern_about_adolescent_fertility,major_concern
2001,New Zealand,NZL,policies_reduce_adolescent_fertility,yes
2001,Nicaragua,NIC,view_on_fertility_level,too_high
2001,Nicaragua,NIC,policy_on_fertility_level,lower
2001,Nicaragua,NIC,concern_about_adolescent_fertility,major_concern
2001,Nicaragua,NIC,policies_reduce_adolescent_fertility,yes
2001,Niger,NER,view_on_fertility_level,too_high
2001,Niger,NER,policy_on_fertility_level,lower
2001,Niger,NER,concern_about_adolescent_fertility,major_concern
2001,Niger,NER,policies_reduce_adolescent_fertility,yes
2001,Nigeria,NGA,view_on_fertility_level,too_high
2001,Nigeria,NGA,policy_on_fertility_level,lower
2001,Nigeria,NGA,concern_about_adolescent_fertility,
2001,Nigeria,NGA,policies_reduce_adolescent_fertility,
2001,Niue,,view_on_fertility_level,too_low
2001,Niue,,policy_on_fertility_level,raise
2001,Niue,,concern_about_adolescent_fertility,
2001,Niue,,policies_reduce_adolescent_fertility,no
2001,Norway,NOR,view_on_fertility_level,satisfactory
2001,Norway,NOR,policy_on_fertility_level,no_intervention
2001,Norway,NOR,concern_about_adolescent_fertility,minor_concern
2001,Norway,NOR,policies_reduce_adolescent_fertility,yes
2001,Oman,OMN,view_on_fertility_level,too_high
2001,Oman,OMN,policy_on_fertility_level,lower
2001,Oman,OMN,concern_about_adolescent_fertility,
2001,Oman,OMN,policies_reduce_adolescent_fertility,
2001,Pakistan,PAK,view_on_fertility_level,too_high
2001,Pakistan,PAK,policy_on_fertility_level,lower
2001,Pakistan,PAK,concern_about_adolescent_fertility,not_a_concern
2001,Pakistan,PAK,policies_reduce_adolescent_fertility,yes
2001,Palau,PLW,view_on_fertility_level,satisfactory
2001,Palau,PLW,policy_on_fertility_level,no_intervention
2001,Palau,PLW,concern_about_adolescent_fertility,
2001,Palau,PLW,policies_reduce_adolescent_fertility,no
2001,Panama,PAN,view_on_fertility_level,satisfactory
2001,Panama,PAN,policy_on_fertility_level,maintain
2001,Panama,PAN,concern_about_adolescent_fertility,major_concern
2001,Panama,PAN,policies_reduce_adolescent_fertility,yes
2001,Papua New Guinea,PNG,view_on_fertility_level,too_high
2001,Papua New Guinea,PNG,policy_on_fertility_level,lower
2001,Papua New Guinea,PNG,concern_about_adolescent_fertility,minor_concern
2001,Papua New Guinea,PNG,policies_reduce_adolescent_fertility,yes
2001,Paraguay,PRY,view_on_fertility_level,too_high
2001,Paraguay,PRY,policy_on_fertility_level,no_intervention
2001,Paraguay,PRY,concern_about_adolescent_fertility,minor_concern
2001,Paraguay,PRY,policies_reduce_adolescent_fertility,yes
2001,Peru,PER,view_on_fertility_level,too_high
2001,Peru,PER,policy_on_fertility_level,lower
2001,Peru,PER,concern_about_adolescent_fertility,minor_concern
2001,Peru,PER,policies_reduce_adolescent_fertility,yes
2001,Philippines,PHL,view_on_fertility_level,too_high
2001,Philippines,PHL,policy_on_fertility_level,lower
2001,Philippines,PHL,concern_about_adolescent_fertility,major_concern
2001,Philippines,PHL,policies_reduce_adolescent_fertility,yes
2001,Poland,POL,view_on_fertility_level,too_low
2001,Poland,POL,policy_on_fertility_level,raise
2001,Poland,POL,concern_about_adolescent_fertility,minor_concern
2001,Poland,POL,policies_reduce_adolescent_fertility,no
2001,Portugal,PRT,view_on_fertility_level,too_low
2001,Portugal,PRT,policy_on_fertility_level,no_intervention
2001,Portugal,PRT,concern_about_adolescent_fertility,major_concern
2001,Portugal,PRT,policies_reduce_adolescent_fertility,yes
2001,Qatar,QAT,view_on_fertility_level,satisfactory
2001,Qatar,QAT,policy_on_fertility_level,maintain
2001,Qatar,QAT,concern_about_adolescent_fertility,
2001,Qatar,QAT,policies_reduce_adolescent_fertility,no
2001,Republic of Korea,KOR,view_on_fertility_level,satisfactory
2001,Republic of Korea,KOR,policy_on_fertility_level,no_intervention
2001,Republic of Korea,KOR,concern_about_adolescent_fertility,minor_concern
2001,Republic of Korea,KOR,policies_reduce_adolescent_fertility,yes
2001,Republic of Moldova,MDA,view_on_fertility_level,satisfactory
2001,Republic of Moldova,MDA,policy_on_fertility_level,no_intervention
2001,Republic of Moldova,MDA,concern_about_adolescent_fertility,not_a_concern
2001,Republic of Moldova,MDA,policies_reduce_adolescent_fertility,no
2001,Romania,ROU,view_on_fertility_level,too_low
2001,Romania,ROU,policy_on_fertility_level,raise
2001,Romania,ROU,concern_about_adolescent_fertility,minor_concern
2001,Romania,ROU,policies_reduce_adolescent_fertility,no
2001,Russian Federation,RUS,view_on_fertility_level,too_low
2001,Russian Federation,RUS,policy_on_fertility_level,raise
2001,Russian Federation,RUS,concern_about_adolescent_fertility,major_concern
2001,Russian Federation,RUS,policies_reduce_adolescent_fertility,yes
2001,Rwanda,RWA,view_on_fertility_level,too_high
2001,Rwanda,RWA,policy_on_fertility_level,lower
2001,Rwanda,RWA,concern_about_adolescent_fertility,minor_concern
2001,Rwanda,RWA,policies_reduce_adolescent_fertility,yes
2001,Saint Kitts and Nevis,KNA,view_on_fertility_level,too_high
2001,Saint Kitts and Nevis,KNA,policy_on_fertility_level,lower
2001,Saint Kitts and Nevis,KNA,concern_about_adolescent_fertility,
2001,Saint Kitts and Nevis,KNA,policies_reduce_adolescent_fertility,
2001,Saint Lucia,LCA,view_on_fertility_level,too_high
2001,Saint Lucia,LCA,policy_on_fertility_level,lower
2001,Saint Lucia,LCA,concern_about_adolescent_fertility,major_concern
2001,Saint Lucia,LCA,policies_reduce_adolescent_fertility,yes
2001,Saint Vincent and the Grenadines,VCT,view_on_fertility_level,too_high
2001,Saint Vincent and the Grenadines,VCT,policy_on_fertility_level,lower
2001,Saint Vincent and the Grenadines,VCT,concern_about_adolescent_fertility,major_concern
2001,Saint Vincent and the Grenadines,VCT,policies_reduce_adolescent_fertility,yes
2001,Samoa,WSM,view_on_fertility_level,too_high
2001,Samoa,WSM,policy_on_fertility_level,lower
2001,Samoa,WSM,concern_about_adolescent_fertility,
2001,Samoa,WSM,policies_reduce_adolescent_fertility,
2001,San Marino,SMR,view_on_fertility_level,satisfactory
2001,San Marino,SMR,policy_on_fertility_level,no_intervention
2001,San Marino,SMR,concern_about_adolescent_fertility,not_a_concern
2001,San Marino,SMR,policies_reduce_adolescent_fertility,no
2001,Sao Tome and Principe,STP,view_on_fertility_level,too_high
2001,Sao Tome and Principe,STP,policy_on_fertility_level,no_intervention
2001,Sao Tome and Principe,STP,concern_about_adolescent_fertility,not_a_concern
2001,Sao Tome and Principe,STP,policies_reduce_adolescent_fertility,
2001,Saudi Arabia,SAU,view_on_fertility_level,satisfactory
2001,Saudi Arabia,SAU,policy_on_fertility_level,raise
2001,Saudi Arabia,SAU,concern_about_adolescent_fertility,major_concern
2001,Saudi Arabia,SAU,policies_reduce_adolescent_fertility,yes
2001,Senegal,SEN,view_on_fertility_level,too_high
2001,Senegal,SEN,policy_on_fertility_level,lower
2001,Senegal,SEN,concern_about_adolescent_fertility,major_concern
2001,Senegal,SEN,policies_reduce_adolescent_fertility,yes
2001,Serbia and Montenegro,,view_on_fertility_level,satisfactory
2001,Serbia and Montenegro,,policy_on_fertility_level,maintain
2001,Serbia and Montenegro,,concern_about_adolescent_fertility,minor_concern
2001,Serbia and Montenegro,,policies_reduce_adolescent_fertility,no
2001,Seychelles,SYC,view_on_fertility_level,too_high
2001,Seychelles,SYC,policy_on_fertility_level,lower
2001,Seychelles,SYC,concern_about_adolescent_fertility,major_concern
2001,Seychelles,SYC,policies_reduce_adolescent_fertility,yes
2001,Sierra Leone,SLE,view_on_fertility_level,too_high
2001,Sierra Leone,SLE,policy_on_fertility_level,lower
2001,Sierra Leone,SLE,concern_about_adolescent_fertility,major_concern
2001,Sierra Leone,SLE,policies_reduce_adolescent_fertility,yes
2001,Singapore,SGP,view_on_fertility_level,too_low
2001,Singapore,SGP,policy_on_fertility_level,raise
2001,Singapore,SGP,concern_about_adolescent_fertility,minor_concern
2001,Singapore,SGP,policies_reduce_adolescent_fertility,yes
2001,Slovakia,SVK,view_on_fertility_level,too_low
2001,Slovakia,SVK,policy_on_fertility_level,raise
2001,Slovakia,SVK,concern_about_adolescent_fertility,not_a_concern
2001,Slovakia,SVK,policies_reduce_adolescent_fertility,no
2001,Slovenia,SVN,view_on_fertility_level,satisfactory
2001,Slovenia,SVN,policy_on_fertility_level,raise
2001,Slovenia,SVN,concern_about_adolescent_fertility,
2001,Slovenia,SVN,policies_reduce_adolescent_fertility,no
2001,Solomon Islands,SLB,view_on_fertility_level,too_high
2001,Solomon Islands,SLB,policy_on_fertility_level,lower
2001,Solomon Islands,SLB,concern_about_adolescent_fertility,
2001,Solomon Islands,SLB,policies_reduce_adolescent_fertility,
2001,Somalia,,view_on_fertility_level,satisfactory
2001,Somalia,,policy_on_fertility_level,no_intervention
2001,Somalia,,concern_about_adolescent_fertility,
2001,Somalia,,policies_reduce_adolescent_fertility,
2001,South Africa,ZAF,view_on_fertility_level,too_high
2001,South Africa,ZAF,policy_on_fertility_level,lower
2001,South Africa,ZAF,concern_about_adolescent_fertility,major_concern
2001,South Africa,ZAF,policies_reduce_adolescent_fertility,yes
2001,Spain,ESP,view_on_fertility_level,too_low
2001,Spain,ESP,policy_on_fertility_level,no_intervention
2001,Spain,ESP,concern_about_adolescent_fertility,major_concern
2001,Spain,ESP,policies_reduce_adolescent_fertility,yes
2001,Sri Lanka,LKA,view_on_fertility_level,satisfactory
2001,Sri Lanka,LKA,policy_on_fertility_level,lower
2001,Sri Lanka,LKA,concern_about_adolescent_fertility,minor_concern
2001,Sri Lanka,LKA,policies_reduce_adolescent_fertility,yes
2001,Sudan (including South Sudan),,view_on_fertility_level,too_high
2001,Sudan (including South Sudan),,policy_on_fertility_level,lower
2001,Sudan (including South Sudan),,concern_about_adolescent_fertility,not_a_concern
2001,Sudan (including South Sudan),,policies_reduce_adolescent_fertility,no
2001,Suriname,SUR,view_on_fertility_level,satisfactory
2001,Suriname,SUR,policy_on_fertility_level,no_intervention
2001,Suriname,SUR,concern_about_adolescent_fertility,major_concern
2001,Suriname,SUR,policies_reduce_adolescent_fertility,no
2001,Swaziland,SWZ,view_on_fertility_level,too_high
2001,Swaziland,SWZ,policy_on_fertility_level,lower
2001,Swaziland,SWZ,concern_about_adolescent_fertility,
2001,Swaziland,SWZ,policies_reduce_adolescent_fertility,
2001,Sweden,SWE,view_on_fertility_level,satisfactory
2001,Sweden,SWE,policy_on_fertility_level,no_intervention
2001,Sweden,SWE,concern_about_adolescent_fertility,minor_concern
2001,Sweden,SWE,policies_reduce_adolescent_fertility,yes
2001,Switzerland,CHE,view_on_fertility_level,too_low
2001,Switzerland,CHE,policy_on_fertility_level,no_intervention
2001,Switzerland,CHE,concern_about_adolescent_fertility,not_a_concern
2001,Switzerland,CHE,policies_reduce_adolescent_fertility,no
2001,Syrian Arab Republic,SYR,view_on_fertility_level,satisfactory
2001,Syrian Arab Republic,SYR,policy_on_fertility_level,no_intervention
2001,Syrian Arab Republic,SYR,concern_about_adolescent_fertility,
2001,Syrian Arab Republic,SYR,policies_reduce_adolescent_fertility,
2001,Tajikistan,TJK,view_on_fertility_level,too_high
2001,Tajikistan,TJK,policy_on_fertility_level,no_intervention
2001,Tajikistan,TJK,concern_about_adolescent_fertility,not_a_concern
2001,Tajikistan,TJK,policies_reduce_adolescent_fertility,no
2001,Thailand,THA,view_on_fertility_level,satisfactory
2001,Thailand,THA,policy_on_fertility_level,maintain
2001,Thailand,THA,concern_about_adolescent_fertility,major_concern
2001,Thailand,THA,policies_reduce_adolescent_fertility,yes
2001,The former Yugoslav Rep. of Macedonia,MKD,view_on_fertility_level,too_high
2001,The former Yugoslav Rep. of Macedonia,MKD,policy_on_fertility_level,lower
2001,The former Yugoslav Rep. of Macedonia,MKD,concern_about_adolescent_fertility,major_concern
2001,The former Yugoslav Rep. of Macedonia,MKD,policies_reduce_adolescent_fertility,yes
2001,Togo,TGO,view_on_fertility_level,satisfactory
2001,Togo,TGO,policy_on_fertility_level,maintain
2001,Togo,TGO,concern_about_adolescent_fertility,major_concern
2001,Togo,TGO,policies_reduce_adolescent_fertility,no
2001,Tonga,TON,view_on_fertility_level,satisfactory
2001,Tonga,TON,policy_on_fertility_level,maintain
2001,Tonga,TON,concern_about_adolescent_fertility,minor_concern
2001,Tonga,TON,policies_reduce_adolescent_fertility,no
2001,Trinidad and Tobago,TTO,view_on_fertility_level,too_high
2001,Trinidad and Tobago,TTO,policy_on_fertility_level,lower
2001,Trinidad and Tobago,TTO,concern_about_adolescent_fertility,major_concern
2001,Trinidad and Tobago,TTO,policies_reduce_adolescent_fertility,yes
2001,Tunisia,TUN,view_on_fertility_level,too_high
2001,Tunisia,TUN,policy_on_fertility_level,lower
2001,Tunisia,TUN,concern_about_adolescent_fertility,minor_concern
2001,Tunisia,TUN,policies_reduce_adolescent_fertility,yes
2001,Turkey,TUR,view_on_fertility_level,too_high
2001,Turkey,TUR,policy_on_fertility_level,lower
2001,Turkey,TUR,concern_about_adolescent_fertility,major_concern
2001,Turkey,TUR,policies_reduce_adolescent_fertility,yes
2001,Turkmenistan,TKM,view_on_fertility_level,satisfactory
2001,Turkmenistan,TKM,policy_on_fertility_level,no_intervention
2001,Turkmenistan,TKM,concern_about_adolescent_fertility,
2001,Turkmenistan,TKM,policies_reduce_adolescent_fertility,yes
2001,Tuvalu,TUV,view_on_fertility_level,too_high
2001,Tuvalu,TUV,policy_on_fertility_level,lower
2001,Tuvalu,TUV,concern_about_adolescent_fertility,
2001,Tuvalu,TUV,policies_reduce_adolescent_fertility,
2001,Uganda,UGA,view_on_fertility_level,too_high
2001,Uganda,UGA,policy_on_fertility_level,lower
2001,Uganda,UGA,concern_about_adolescent_fertility,major_concern
2001,Uganda,UGA,policies_reduce_adolescent_fertility,yes
2001,Ukraine,UKR,view_on_fertility_level,too_low
2001,Ukraine,UKR,policy_on_fertility_level,raise
2001,Ukraine,UKR,concern_about_adolescent_fertility,major_concern
2001,Ukraine,UKR,policies_reduce_adolescent_fertility,yes
2001,United Arab Emirates,ARE,view_on_fertility_level,too_low
2001,United Arab Emirates,ARE,policy_on_fertility_level,raise
2001,United Arab Emirates,ARE,concern_about_adolescent_fertility,
2001,United Arab Emirates,ARE,policies_reduce_adolescent_fertility,
2001,United Kingdom,GBR,view_on_fertility_level,satisfactory
2001,United Kingdom,GBR,policy_on_fertility_level,no_intervention
2001,United Kingdom,GBR,concern_about_adolescent_fertility,major_concern
2001,United Kingdom,GBR,policies_reduce_adolescent_fertility,yes
2001,United Republic of Tanzania,TZA,view_on_fertility_level,too_high
2001,United Republic of Tanzania,TZA,policy_on_fertility_level,lower
2001,United Republic of Tanzania,TZA,concern_about_adolescent_fertility,major_concern
2001,United Republic of Tanzania,TZA,policies_reduce_adolescent_fertility,yes
2001,United States of America,USA,view_on_fertility_level,satisfactory
2001,United States of America,USA,policy_on_fertility_level,no_intervention
2001,United States of America,USA,concern_about_adolescent_fertility,major_concern
2001,United States of America,USA,policies_reduce_adolescent_fertility,yes
2001,Uruguay,URY,view_on_fertility_level,too_low
2001,Uruguay,URY,policy_on_fertility_level,raise
2001,Uruguay,URY,concern_about_adolescent_fertility,
2001,Uruguay,URY,policies_reduce_adolescent_fertility,
2001,Uzbekistan,UZB,view_on_fertility_level,satisfactory
2001,Uzbekistan,UZB,policy_on_fertility_level,maintain
2001,Uzbekistan,UZB,concern_about_adolescent_fertility,
2001,Uzbekistan,UZB,policies_reduce_adolescent_fertility,yes
2001,Vanuatu,VUT,view_on_fertility_level,satisfactory
2001,Vanuatu,VUT,policy_on_fertility_level,no_intervention
2001,Vanuatu,VUT,concern_about_adolescent_fertility,
2001,Vanuatu,VUT,policies_reduce_adolescent_fertility,
2001,Venezuela (Bolivarian Republic of),,view_on_fertility_level,satisfactory
2001,Venezuela (Bolivarian Republic of),,policy_on_fertility_level,lower
2001,Venezuela (Bolivarian Republic of),,concern_about_adolescent_fertility,
2001,Venezuela (Bolivarian Republic of),,policies_reduce_adolescent_fertility,
2001,Viet Nam,VNM,view_on_fertility_level,too_high
2001,Viet Nam,VNM,policy_on_fertility_level,lower
2001,Viet Nam,VNM,concern_about_adolescent_fertility,minor_concern
2001,Viet Nam,VNM,policies_reduce_adolescent_fertility,yes
2001,Yemen,YEM,view_on_fertility_level,too_high
2001,Yemen,YEM,policy_on_fertility_level,lower
2001,Yemen,YEM,concern_about_adolescent_fertility,major_concern
2001,Yemen,YEM,policies_reduce_adolescent_fertility,yes
2001,Zambia,ZMB,view_on_fertility_level,too_high
2001,Zambia,ZMB,policy_on_fertility_level,lower
2001,Zambia,ZMB,concern_about_adolescent_fertility,major_concern
2001,Zambia,ZMB,policies_reduce_adolescent_fertility,yes
2001,Zimbabwe,ZWE,view_on_fertility_level,too_high
2001,Zimbabwe,ZWE,policy_on_fertility_level,lower
2001,Zimbabwe,ZWE,concern_about_adolescent_fertility,minor_concern
2001,Zimbabwe,ZWE,policies_reduce_adolescent_fertility,no
2001,Afghanistan,AFG,family_planning_support,direct_support
2001,Afghanistan,AFG,abortion_grounds,1
2001,Albania,ALB,family_planning_support,direct_support
2001,Albania,ALB,abortion_grounds,1|2|3|4|5|6|7
2001,Algeria,DZA,family_planning_support,direct_support
2001,Algeria,DZA,abortion_grounds,1|2|3
2001,Andorra,AND,family_planning_support,no_support
2001,Andorra,AND,abortion_grounds,1
2001,Angola,AGO,family_planning_support,direct_support
2001,Angola,AGO,abortion_grounds,1
2001,Antigua and Barbuda,ATG,family_planning_support,direct_support
2001,Antigua and Barbuda,ATG,abortion_grounds,1
2001,Argentina,ARG,family_planning_support,indirect_support
2001,Argentina,ARG,abortion_grounds,1|2|3|4
2001,Armenia,ARM,family_planning_support,direct_support
2001,Armenia,ARM,abortion_grounds,1|2|3|4|5|6|7
2001,Australia,AUS,family_planning_support,indirect_support
2001,Australia,AUS,abortion_grounds,1|2|3|4|5|6|7
2001,Austria,AUT,family_planning_support,indirect_support
2001,Austria,AUT,abortion_grounds,1|2|3|4|5|6|7
2001,Azerbaijan,AZE,family_planning_support,direct_support
2001,Azerbaijan,AZE,abortion_grounds,1|2|3|4|5|6|7
2001,Bahamas,BHS,family_planning_support,direct_support
2001,Bahamas,BHS,abortion_grounds,1|2|3
2001,Bahrain,BHR,family_planning_support,direct_support
2001,Bahrain,BHR,abortion_grounds,1|2|3|4|5|6|7
2001,Bangladesh,BGD,family_planning_support,direct_support
2001,Bangladesh,BGD,abortion_grounds,1
2001,Barbados,BRB,family_planning_support,direct_support
2001,Barbados,BRB,abortion_grounds,1|2|3|4|5|6
2001,Belarus,BLR,family_planning_support,direct_support
2001,Belarus,BLR,abortion_grounds,1|2|3|4|5|6|7
2001,Belgium,BEL,family_planning_support,direct_support
2001,Belgium,BEL,abortion_grounds,1|2|3|4|5|6|7
2001,Belize,BLZ,family_planning_support,indirect_support
2001,Belize,BLZ,abortion_grounds,1|2|3|5|6
2001,Benin,BEN,family_planning_support,direct_support
2001,Benin,BEN,abortion_grounds,1
2001,Bhutan,BTN,family_planning_support,direct_support
2001,Bhutan,BTN,abortion_grounds,1
2001,Bolivia (Plurinational State of),BOL,family_planning_support,direct_support
2001,Bolivia (Plurinational State of),BOL,abortion_grounds,1|2|3|4
2001,Bosnia and Herzegovina,BIH,family_planning_support,indirect_support
2001,Bosnia and Herzegovina,BIH,abortion_grounds,1|2|3|4|5|6|7
2001,Botswana,BWA,family_planning_support,direct_support
2001,Botswana,BWA,abortion_grounds,1|2|3|4|5
2001,Brazil,BRA,family_planning_support,direct_support
2001,Brazil,BRA,abortion_grounds,1|4
2001,Brunei Darussalam,BRN,family_planning_support,no_support
2001,Brunei Darussalam,BRN,abortion_grounds,1
2001,Bulgaria,BGR,family_planning_support,indirect_support
2001,Bulgaria,BGR,abortion_grounds,1|2|3|4|5|6|7
2001,Burkina Faso,BFA,family_planning_support,direct_support
2001,Burkina Faso,BFA,abortion_grounds,1|2|3|4|5
2001,Burundi,BDI,family_planning_support,direct_support
2001,Burundi,BDI,abortion_grounds,1|2|3
2001,Cabo Verde,CPV,family_planning_support,direct_support
2001,Cabo Verde,CPV,abortion_grounds,1|2|3|4|5|6|7
2001,Cambodia,KHM,family_planning_support,direct_support
2001,Cambodia,KHM,abortion_grounds,1|2|3|4|5|6|7
2001,Cameroon,CMR,family_planning_support,indirect_support
2001,Cameroon,CMR,abortion_grounds,1|2|3|4
2001,Canada,CAN,family_planning_support,indirect_support
2001,Canada,CAN,abortion_grounds,1|2|3|4|5|6|7
2001,Central African Republic,CAF,family_planning_support,indirect_support
2001,Central African Republic,CAF,abortion_grounds,1
2001,Chad,TCD,family_planning_support,indirect_support
2001,Chad,TCD,abortion_grounds,1
2001,Chile,CHL,family_planning_support,direct_support
2001,Chile,CHL,abortion_grounds,not_permitted
2001,China,CHN,family_planning_support,direct_support
2001,China,CHN,abortion_grounds,1|2|3|4|5|6|7
2001,Colombia,COL,family_planning_support,direct_support
2001,Colombia,COL,abortion_grounds,1
2001,Comoros,COM,family_planning_support,direct_support
2001,Comoros,COM,abortion_grounds,1|2|3
2001,Congo,,family_planning_support,direct_support
2001,Congo,,abortion_grounds,1
2001,Cook Islands,,family_planning_support,direct_support
2001,Cook Islands,,abortion_grounds,1|2|3
2001,Costa Rica,CRI,family_planning_support,direct_support
2001,Costa Rica,CRI,abortion_grounds,1|2|3
2001,Côte d'Ivoire,CIV,family_planning_support,direct_support
2001,Côte d'Ivoire,CIV,abortion_grounds,1
2001,Croatia,HRV,family_planning_support,direct_support
2001,Croatia,HRV,abortion_grounds,1|2|3|4|5|6|7
2001,Cuba,CUB,family_planning_support,direct_support
2001,Cuba,CUB,abortion_grounds,1|2|3|4|5|6|7
2001,Cyprus,CYP,family_planning_support,indirect_support
2001,Cyprus,CYP,abortion_grounds,1|2|3|4|5
2001,Czech Republic,CZE,family_planning_support,indirect_support
2001,Czech Republic,CZE,abortion_grounds,1|2|3|4|5|6|7
2001,Democratic People's Republic of Korea,PRK,family_planning_support,direct_support
2001,Democratic People's Republic of Korea,PRK,abortion_grounds,1|2|3|4|5|6|7
2001,Democratic Republic of the Congo,,family_planning_support,direct_support
2001,Democratic Republic of the Congo,,abortion_grounds,1
2001,Denmark,DNK,family_planning_support,indirect_support
2001,Denmark,DNK,abortion_grounds,1|2|3|4|5|6|7
2001,Djibouti,DJI,family_planning_support,direct_support
2001,Djibouti,DJI,abortion_grounds,1
2001,Dominica,DMA,family_planning_support,direct_support
2001,Dominica,DMA,abortion_grounds,1
2001,Dominican Republic,DOM,family_planning_support,direct_support
2001,Dominican Republic,DOM,abortion_grounds,1
2001,Ecuador,ECU,family_planning_support,direct_support
2001,Ecuador,ECU,abortion_grounds,1|2|3|4
2001,Egypt,EGY,family_planning_support,direct_support
2001,Egypt,EGY,abortion_grounds,1
2001,El Salvador,SLV,family_planning_support,direct_support
2001,El Salvador,SLV,abortion_grounds,not_permitted
2001,Equatorial Guinea,GNQ,family_planning_support,no_support
2001,Equatorial Guinea,GNQ,abortion_grounds,1|2|3
2001,Eritrea,ERI,family_planning_support,direct_support
2001,Eritrea,ERI,abortion_grounds,1|2|3
2001,Estonia,EST,family_planning_support,indirect_support
2001,Estonia,EST,abortion_grounds,1|2|3|4|5|6|7
2001,Ethiopia,ETH,family_planning_support,direct_support
2001,Ethiopia,ETH,abortion_grounds,1|2
2001,Fiji,FJI,family_planning_support,direct_support
2001,Fiji,FJI,abortion_grounds,1|2|3|6
2001,Finland,FIN,family_planning_support,direct_support
2001,Finland,FIN,abortion_grounds,1|2|3|4|5|6
2001,France,FRA,family_planning_support,indirect_support
2001,France,FRA,abortion_grounds,1|2|3|4|5|6|7
2001,Gabon,GAB,family_planning_support,no_support
2001,Gabon,GAB,abortion_grounds,1
2001,Gambia,GMB,family_planning_support,direct_support
2001,Gambia,GMB,abortion_grounds,1|2|3
2001,Georgia,GEO,family_planning_support,direct_support
2001,Georgia,GEO,abortion_grounds,1|2|3|4|5|6|7
2001,Germany,DEU,family_planning_support,no_support
2001,Germany,DEU,abortion_grounds,1|2|3|4|5|6|7
2001,Ghana,GHA,family_planning_support,direct_support
2001,Ghana,GHA,abortion_grounds,1|2|3|4|5
2001,Greece,GRC,family_planning_support,no_support
2001,Greece,GRC,abortion_grounds,1|2|3|4|5|6|7
2001,Grenada,GRD,family_planning_support,direct_support
2001,Grenada,GRD,abortion_grounds,1|2|3
2001,Guatemala,GTM,family_planning_support,direct_support
2001,Guatemala,GTM,abortion_grounds,1
2001,Guinea,GIN,family_planning_support,direct_support
2001,Guinea,GIN,abortion_grounds,1|2|3
2001,Guinea-Bissau,GNB,family_planning_support,direct_support
2001,Guinea-Bissau,GNB,abortion_grounds,1
2001,Guyana,GUY,family_planning_support,direct_support
2001,Guyana,GUY,abortion_grounds,1|2|3|4|5|6|7
2001,Haiti,HTI,family_planning_support,direct_support
2001,Haiti,HTI,abortion_grounds,1
2001,Holy See,,family_planning_support,limits
2001,Holy See,,abortion_grounds,not_permitted
2001,Honduras,HND,family_planning_support,direct_support
2001,Honduras,HND,abortion_grounds,1
2001,Hungary,HUN,family_planning_support,direct_support
2001,Hungary,HUN,abortion_grounds,1|2|3|4|5|6|7
2001,Iceland,ISL,family_planning_support,direct_support
2001,Iceland,ISL,abortion_grounds,1|2|3|4|5|6
2001,India,IND,family_planning_support,direct_support
2001,India,IND,abortion_grounds,1|2|3|4|5|6
2001,Indonesia,IDN,family_planning_support,direct_support
2001,Indonesia,IDN,abortion_grounds,1
2001,Iran (Islamic Republic of),,family_planning_support,direct_support
2001,Iran (Islamic Republic of),,abortion_grounds,1
2001,Iraq,IRQ,family_planning_support,direct_support
2001,Iraq,IRQ,abortion_grounds,
2001,Ireland,IRL,family_planning_support,direct_support
2001,Ireland,IRL,abortion_grounds,1
2001,Israel,ISR,family_planning_support,indirect_support
2001,Israel,ISR,abortion_grounds,1|2|3|4|5
2001,Italy,ITA,family_planning_support,no_support
2001,Italy,ITA,abortion_grounds,1|2|3|4|5|6|7
2001,Jamaica,JAM,family_planning_support,direct_support
2001,Jamaica,JAM,abortion_grounds,1|2|3
2001,Japan,JPN,family_planning_support,indirect_support
2001,Japan,JPN,abortion_grounds,1|2|4|6
2001,Jordan,JOR,family_planning_support,direct_support
2001,Jordan,JOR,abortion_grounds,1|2|3
2001,Kazakhstan,KAZ,family_planning_support,indirect_support
2001,Kazakhstan,KAZ,abortion_grounds,1|2|3|4|5|6|7
2001,Kenya,KEN,family_planning_support,direct_support
2001,Kenya,KEN,abortion_grounds,1|2|3
2001,Kiribati,KIR,family_planning_support,direct_support
2001,Kiribati,KIR,abortion_grounds,1
2001,Kuwait,KWT,family_planning_support,indirect_support
2001,Kuwait,KWT,abortion_grounds,1|2|3|5
2001,Kyrgyzstan,KGZ,family_planning_support,direct_support
2001,Kyrgyzstan,KGZ,abortion_grounds,1|2|3|4|5|6|7
2001,Lao People's Democratic Republic,,family_planning_support,no_support
2001,Lao People's Democratic Republic,,abortion_grounds,1
2001,Latvia,LVA,family_planning_support,indirect_support
2001,Latvia,LVA,abortion_grounds,1|2|3|4|5|6|7
2001,Lebanon,LBN,family_planning_support,indirect_support
2001,Lebanon,LBN,abortion_grounds,1
2001,Lesotho,LSO,family_planning_support,direct_support
2001,Lesotho,LSO,abortion_grounds,1
2001,Liberia,LBR,family_planning_support,direct_support
2001,Liberia,LBR,abortion_grounds,1|2|3|4|5
2001,Libya,LBY,family_planning_support,no_support
2001,Libya,LBY,abortion_grounds,1
2001,Liechtenstein,LIE,family_planning_support,direct_support
2001,Liechtenstein,LIE,abortion_grounds,1|2|3
2001,Lithuania,LTU,family_planning_support,indirect_support
2001,Lithuania,LTU,abortion_grounds,1|2|3|4|5|6|7
2001,Luxembourg,LUX,family_planning_support,indirect_support
2001,Luxembourg,LUX,abortion_grounds,1|2|3|4|5|6
2001,Madagascar,MDG,family_planning_support,direct_support
2001,Madagascar,MDG,abortion_grounds,1
2001,Malawi,MWI,family_planning_support,direct_support
2001,Malawi,MWI,abortion_grounds,1
2001,Malaysia,MYS,family_planning_support,direct_support
2001,Malaysia,MYS,abortion_grounds,1|2|3
2001,Maldives,MDV,family_planning_support,direct_support
2001,Maldives,MDV,abortion_grounds,1|2
2001,Mali,MLI,family_planning_support,direct_support
2001,Mali,MLI,abortion_grounds,1
2001,Malta,MLT,family_planning_support,indirect_support
2001,Malta,MLT,abortion_grounds,not_permitted
2001,Marshall Islands,MHL,family_planning_support,direct_support
2001,Marshall Islands,MHL,abortion_grounds,1
2001,Mauritania,MRT,family_planning_support,direct_support
2001,Mauritania,MRT,abortion_grounds,1
2001,Mauritius,MUS,family_planning_support,direct_support
2001,Mauritius,MUS,abortion_grounds,1
2001,Mexico,MEX,family_planning_support,direct_support
2001,Mexico,MEX,abortion_grounds,1|4
2001,Micronesia (Federated States of),,family_planning_support,direct_support
2001,Micronesia (Federated States of),,abortion_grounds,1
2001,Monaco,MCO,family_planning_support,no_support
2001,Monaco,MCO,abortion_grounds,1
2001,Mongolia,MNG,family_planning_support,direct_support
2001,Mongolia,MNG,abortion_grounds,1|2|3|4|5|6|7
2001,Morocco,MAR,family_planning_support,direct_support
2001,Morocco,MAR,abortion_grounds,1|2|3
2001,Mozambique,MOZ,family_planning_support,direct_support
2001,Mozambique,MOZ,abortion_grounds,1|2|3
2001,Myanmar,MMR,family_planning_support,direct_support
2001,Myanmar,MMR,abortion_grounds,1
2001,Namibia,NAM,family_planning_support,direct_support
2001,Namibia,NAM,abortion_grounds,1|2|3|4|5
2001,Nauru,NRU,family_planning_support,direct_support
2001,Nauru,NRU,abortion_grounds,1|2|3
2001,Nepal,NPL,family_planning_support,direct_support
2001,Nepal,NPL,abortion_grounds,1
2001,Netherlands,NLD,family_planning_support,indirect_support
2001,Netherlands,NLD,abortion_grounds,1|2|3|4|5|6|7
2001,New Zealand,NZL,family_planning_support,indirect_support
2001,New Zealand,NZL,abortion_grounds,1|2|3|4|5
2001,Nicaragua,NIC,family_planning_support,direct_support
2001,Nicaragua,NIC,abortion_grounds,1
2001,Niger,NER,family_planning_support,direct_support
2001,Niger,NER,abortion_grounds,1
2001,Nigeria,NGA,family_planning_support,direct_support
2001,Nigeria,NGA,abortion_grounds,1|2|3
2001,Niue,,family_planning_support,indirect_support
2001,Niue,,abortion_grounds,1|2|3
2001,Norway,NOR,family_planning_support,direct_support
2001,Norway,NOR,abortion_grounds,1|2|3|4|5|6|7
2001,Oman,OMN,family_planning_support,no_support
2001,Oman,OMN,abortion_grounds,1
2001,Pakistan,PAK,family_planning_support,direct_support
2001,Pakistan,PAK,abortion_grounds,1|2|3
2001,Palau,PLW,family_planning_support,indirect_support
2001,Palau,PLW,abortion_grounds,1
2001,Panama,PAN,family_planning_support,direct_support
2001,Panama,PAN,abortion_grounds,1|3|4
2001,Papua New Guinea,PNG,family_planning_support,direct_support
2001,Papua New Guinea,PNG,abortion_grounds,1|2|3
2001,Paraguay,PRY,family_planning_support,direct_support
2001,Paraguay,PRY,abortion_grounds,1
2001,Peru,PER,family_planning_support,direct_support
2001,Peru,PER,abortion_grounds,1|2|3
2001,Philippines,PHL,family_planning_support,direct_support
2001,Philippines,PHL,abortion_grounds,1
2001,Poland,POL,family_planning_support,direct_support
2001,Poland,POL,abortion_grounds,1|2|3|4|5
2001,Portugal,PRT,family_planning_support,direct_support
2001,Portugal,PRT,abortion_grounds,1|2|3|4|5
2001,Qatar,QAT,family_planning_support,direct_support
2001,Qatar,QAT,abortion_grounds,1|2|3|5
2001,Republic of Korea,KOR,family_planning_support,direct_support
2001,Republic of Korea,KOR,abortion_grounds,1|2|3|4|5
2001,Republic of Moldova,MDA,family_planning_support,direct_support
2001,Republic of Moldova,MDA,abortion_grounds,1|2|3|4|5|6|7
2001,Romania,ROU,family_planning_support,direct_support
2001,Romania,ROU,abortion_grounds,1|2|3|4|5|6|7
2001,Russian Federation,RUS,family_planning_support,direct_support
2001,Russian Federation,RUS,abortion_grounds,1|2|3|4|5|6|7
2001,Rwanda,RWA,family_planning_support,direct_support
2001,Rwanda,RWA,abortion_grounds,1|2|3
2001,Saint Kitts and Nevis,KNA,family_planning_support,direct_support
2001,Saint Kitts and Nevis,KNA,abortion_grounds,1|2|3
2001,Saint Lucia,LCA,family_planning_support,direct_support
2001,Saint Lucia,LCA,abortion_grounds,1|2|3
2001,Saint Vincent and the Grenadines,VCT,family_planning_support,direct_support
2001,Saint Vincent and the Grenadines,VCT,abortion_grounds,1|2|3|4|5|6
2001,Samoa,WSM,family_planning_support,direct_support
2001,Samoa,WSM,abortion_grounds,1|2|3
2001,San Marino,SMR,family_planning_support,no_support
2001,San Marino,SMR,abortion_grounds,1
2001,Sao Tome and Principe,STP,family_planning_support,direct_support
2001,Sao Tome and Principe,STP,abortion_grounds,1
2001,Saudi Arabia,SAU,family_planning_support,indirect_support
2001,Saudi Arabia,SAU,abortion_grounds,1|2|3
2001,Senegal,SEN,family_planning_support,direct_support
2001,Senegal,SEN,abortion_grounds,1
2001,Serbia and Montenegro,,family_planning_support,indirect_support
2001,Serbia and Montenegro,,abortion_grounds,1|2|3|4|5|6|7
2001,Seychelles,SYC,family_planning_support,direct_support
2001,Seychelles,SYC,abortion_grounds,1|2|3|4|5
2001,Sierra Leone,SLE,family_planning_support,indirect_support
2001,Sierra Leone,SLE,abortion_grounds,1|2|3
2001,Singapore,SGP,family_planning_support,direct_support
2001,Singapore,SGP,abortion_grounds,1|2|3|4|5|6|7
2001,Slovakia,SVK,family_planning_support,no_support
2001,Slovakia,SVK,abortion_grounds,1|2|3|4|5|6|7
2001,Slovenia,SVN,family_planning_support,direct_support
2001,Slovenia,SVN,abortion_grounds,1|2|3|4|5|6|7
2001,Solomon Islands,SLB,family_planning_support,direct_support
2001,Solomon Islands,SLB,abortion_grounds,1
2001,Somalia,,family_planning_support,indirect_support
2001,Somalia,,abortion_grounds,1
2001,South Africa,ZAF,family_planning_support,direct_support
2001,South Africa,ZAF,abortion_grounds,1|2|3|4|5|6|7
2001,Spain,ESP,family_planning_support,direct_support
2001,Spain,ESP,abortion_grounds,1|2|3|4|5
2001,Sri Lanka,LKA,family_planning_support,direct_support
2001,Sri Lanka,LKA,abortion_grounds,1
2001,Sudan (including South Sudan),,family_planning_support,direct_support
2001,Sudan (including South Sudan),,abortion_grounds,1|4
2001,Suriname,SUR,family_planning_support,direct_support
2001,Suriname,SUR,abortion_grounds,1
2001,Swaziland,SWZ,family_planning_support,direct_support
2001,Swaziland,SWZ,abortion_grounds,1
2001,Sweden,SWE,family_planning_support,direct_support
2001,Sweden,SWE,abortion_grounds,1|2|3|4|5|6|7
2001,Switzerland,CHE,family_planning_support,no_support
2001,Switzerland,CHE,abortion_grounds,1|2|3
2001,Syrian Arab Republic,SYR,family_planning_support,direct_support
2001,Syrian Arab Republic,SYR,abortion_grounds,1
2001,Tajikistan,TJK,family_planning_support,direct_support
2001,Tajikistan,TJK,abortion_grounds,1|2|3|4|5|6|7
2001,Thailand,THA,family_planning_support,direct_support
2001,Thailand,THA,abortion_grounds,1|2|3|4
2001,The former Yugoslav Rep. of Macedonia,MKD,family_planning_support,direct_support
2001,The former Yugoslav Rep. of Macedonia,MKD,abortion_grounds,1|2|3|4|5|6|7
2001,Togo,TGO,family_planning_support,direct_support
2001,Togo,TGO,abortion_grounds,1
2001,Tonga,TON,family_planning_support,direct_support
2001,Tonga,TON,abortion_grounds,1
2001,Trinidad and Tobago,TTO,family_planning_support,direct_support
2001,Trinidad and Tobago,TTO,abortion_grounds,1|2|3
2001,Tunisia,TUN,family_planning_support,direct_support
2001,Tunisia,TUN,abortion_grounds,1|2|3|4|5|6|7
2001,Turkey,TUR,family_planning_support,direct_support
2001,Turkey,TUR,abortion_grounds,1|2|3|4|5|6|7
2001,Turkmenistan,TKM,family_planning_support,no_support
2001,Turkmenistan,TKM,abortion_grounds,1|2|3|4|5|6|7
2001,Tuvalu,TUV,family_planning_support,direct_support
2001,Tuvalu,TUV,abortion_grounds,1
2001,Uganda,UGA,family_planning_support,direct_support
2001,Uganda,UGA,abortion_grounds,1|2|3
2001,Ukraine,UKR,family_planning_support,direct_support
2001,Ukraine,UKR,abortion_grounds,1|2|3|4|5|6|7
2001,United Arab Emirates,ARE,family_planning_support,no_support
2001,United Arab Emirates,ARE,abortion_grounds,1
2001,United Kingdom,GBR,family_planning_support,direct_support
2001,United Kingdom,GBR,abortion_grounds,1|2|3|5|6
2001,United Republic of Tanzania,TZA,family_planning_support,direct_support
2001,United Republic of Tanzania,TZA,abortion_grounds,1|2|3
2001,United States of America,USA,family_planning_support,direct_support
2001,United States of America,USA,abortion_grounds,1|2|3|4|5|6|7
2001,Uruguay,URY,family_planning_support,direct_support
2001,Uruguay,URY,abortion_grounds,1|2|3|4
2001,Uzbekistan,UZB,family_planning_support,direct_support
2001,Uzbekistan,UZB,abortion_grounds,1|2|3|4|5|6|7
2001,Vanuatu,VUT,family_planning_support,direct_support
2001,Vanuatu,VUT,abortion_grounds,1|2|3
2001,Venezuela (Bolivarian Republic of),,family_planning_support,direct_support
2001,Venezuela (Bolivarian Republic of),,abortion_grounds,1
2001,Viet Nam,VNM,family_planning_support,direct_support
2001,Viet Nam,VNM,abortion_grounds,1|2|3|4|5|6|7
2001,Yemen,YEM,family_planning_support,direct_support
2001,Yemen,YEM,abortion_grounds,1
2001,Zambia,ZMB,family_planning_support,direct_support
2001,Zambia,ZMB,abortion_grounds,1|2|3|5|6
2001,Zimbabwe,ZWE,family_planning_support,direct_support
2001,Zimbabwe,ZWE,abortion_grounds,1|2|4|5
2003,Afghanistan,AFG,view_on_fertility_level,satisfactory
2003,Afghanistan,AFG,policy_on_fertility_level,no_intervention
2003,Afghanistan,AFG,concern_about_adolescent_fertility,
2003,Afghanistan,AFG,policies_reduce_adolescent_fertility,
2003,Albania,ALB,view_on_fertility_level,satisfactory
2003,Albania,ALB,policy_on_fertility_level,maintain
2003,Albania,ALB,concern_about_adolescent_fertility,minor_concern
2003,Albania,ALB,policies_reduce_adolescent_fertility,yes
2003,Algeria,DZA,view_on_fertility_level,too_high
2003,Algeria,DZA,policy_on_fertility_level,lower
2003,Algeria,DZA,concern_about_adolescent_fertility,minor_concern
2003,Algeria,DZA,policies_reduce_adolescent_fertility,no
2003,Andorra,AND,view_on_fertility_level,satisfactory
2003,Andorra,AND,policy_on_fertility_level,maintain
2003,Andorra,AND,concern_about_adolescent_fertility,minor_concern
2003,Andorra,AND,policies_reduce_adolescent_fertility,yes
2003,Angola,AGO,view_on_fertility_level,satisfactory
2003,Angola,AGO,policy_on_fertility_level,maintain
2003,Angola,AGO,concern_about_adolescent_fertility,major_concern
2003,Angola,AGO,policies_reduce_adolescent_fertility,yes
2003,Antigua and Barbuda,ATG,view_on_fertility_level,satisfactory
2003,Antigua and Barbuda,ATG,policy_on_fertility_level,no_intervention
2003,Antigua and Barbuda,ATG,concern_about_adolescent_fertility,minor_concern
2003,Antigua and Barbuda,ATG,policies_reduce_adolescent_fertility,yes
2003,Argentina,ARG,view_on_fertility_level,satisfactory
2003,Argentina,ARG,policy_on_fertility_level,no_intervention
2003,Argentina,ARG,concern_about_adolescent_fertility,major_concern
2003,Argentina,ARG,policies_reduce_adolescent_fertility,yes
2003,Armenia,ARM,view_on_fertility_level,too_low
2003,Armenia,ARM,policy_on_fertility_level,raise
2003,Armenia,ARM,concern_about_adolescent_fertility,minor_concern
2003,Armenia,ARM,policies_reduce_adolescent_fertility,yes
2003,Australia,AUS,view_on_fertility_level,satisfactory
2003,Australia,AUS,policy_on_fertility_level,maintain
2003,Australia,AUS,concern_about_adolescent_fertility,minor_concern
2003,Australia,AUS,policies_reduce_adolescent_fertility,yes
2003,Austria,AUT,view_on_fertility_level,too_low
2003,Austria,AUT,policy_on_fertility_level,raise
2003,Austria,AUT,concern_about_adolescent_fertility,minor_concern
2003,Austria,AUT,policies_reduce_adolescent_fertility,no
2003,Azerbaijan,AZE,view_on_fertility_level,satisfactory
2003,Azerbaijan,AZE,policy_on_fertility_level,maintain
2003,Azerbaijan,AZE,concern_about_adolescent_fertility,minor_concern
2003,Azerbaijan,AZE,policies_reduce_adolescent_fertility,yes
2003,Bahamas,BHS,view_on_fertility_level,too_high
2003,Bahamas,BHS,policy_on_fertility_level,lower
2003,Bahamas,BHS,concern_about_adolescent_fertility,major_concern
2003,Bahamas,BHS,policies_reduce_adolescent_fertility,yes
2003,Bahrain,BHR,view_on_fertility_level,satisfactory
2003,Bahrain,BHR,policy_on_fertility_level,lower
2003,Bahrain,BHR,concern_about_adolescent_fertility,not_a_concern
2003,Bahrain,BHR,policies_reduce_adolescent_fertility,no
2003,Bangladesh,BGD,view_on_fertility_level,too_high
2003,Bangladesh,BGD,policy_on_fertility_level,lower
2003,Bangladesh,BGD,concern_about_adolescent_fertility,major_concern
2003,Bangladesh,BGD,policies_reduce_adolescent_fertility,yes
2003,Barbados,BRB,view_on_fertility_level,satisfactory
2003,Barbados,BRB,policy_on_fertility_level,no_intervention
2003,Barbados,BRB,concern_about_adolescent_fertility,minor_concern
2003,Barbados,BRB,policies_reduce_adolescent_fertility,yes
2003,Belarus,BLR,view_on_fertility_level,too_low
2003,Belarus,BLR,policy_on_fertility_level,raise
2003,Belarus,BLR,concern_about_adolescent_fertility,major_concern
2003,Belarus,BLR,policies_reduce_adolescent_fertility,yes
2003,Belgium,BEL,view_on_fertility_level,satisfactory
2003,Belgium,BEL,policy_on_fertility_level,no_intervention
2003,Belgium,BEL,concern_about_adolescent_fertility,minor_concern
2003,Belgium,BEL,policies_reduce_adolescent_fertility,yes
2003,Belize,BLZ,view_on_fertility_level,too_high
2003,Belize,BLZ,policy_on_fertility_level,no_intervention
2003,Belize,BLZ,concern_about_adolescent_fertility,major_concern
2003,Belize,BLZ,policies_reduce_adolescent_fertility,no
2003,Benin,BEN,view_on_fertility_level,satisfactory
2003,Benin,BEN,policy_on_fertility_level,no_intervention
2003,Benin,BEN,concern_about_adolescent_fertility,minor_concern
2003,Benin,BEN,policies_reduce_adolescent_fertility,no
2003,Bhutan,BTN,view_on_fertility_level,too_high
2003,Bhutan,BTN,policy_on_fertility_level,lower
2003,Bhutan,BTN,concern_about_adolescent_fertility,
2003,Bhutan,BTN,policies_reduce_adolescent_fertility,no
2003,Bolivia (Plurinational State of),BOL,view_on_fertility_level,satisfactory
2003,Bolivia (Plurinational State of),BOL,policy_on_fertility_level,no_intervention
2003,Bolivia (Plurinational State of),BOL,concern_about_adolescent_fertility,major_concern
2003,Bolivia (Plurinational State of),BOL,policies_reduce_adolescent_fertility,yes
2003,Bosnia and Herzegovina,BIH,view_on_fertility_level,too_low
2003,Bosnia and Herzegovina,BIH,policy_on_fertility_level,no_intervention
2003,Bosnia and Herzegovina,BIH,concern_about_adolescent_fertility,
2003,Bosnia and Herzegovina,BIH,policies_reduce_adolescent_fertility,no
2003,Botswana,BWA,view_on_fertility_level,too_high
2003,Botswana,BWA,policy_on_fertility_level,lower
2003,Botswana,BWA,concern_about_adolescent_fertility,major_concern
2003,Botswana,BWA,policies_reduce_adolescent_fertility,yes
2003,Brazil,BRA,view_on_fertility_level,satisfactory
2003,Brazil,BRA,policy_on_fertility_level,no_intervention
2003,Brazil,BRA,concern_about_adolescent_fertility,major_concern
2003,Brazil,BRA,policies_reduce_adolescent_fertility,yes
2003,Brunei Darussalam,BRN,view_on_fertility_level,satisfactory
2003,Brunei Darussalam,BRN,policy_on_fertility_level,no_intervention
2003,Brunei Darussalam,BRN,concern_about_adolescent_fertility,not_a_concern
2003,Brunei Darussalam,BRN,policies_reduce_adolescent_fertility,no
2003,Bulgaria,BGR,view_on_fertility_level,too_low
2003,Bulgaria,BGR,policy_on_fertility_level,raise
2003,Bulgaria,BGR,concern_about_adolescent_fertility,not_a_concern
2003,Bulgaria,BGR,policies_reduce_adolescent_fertility,no
2003,Burkina Faso,BFA,view_on_fertility_level,too_high
2003,Burkina Faso,BFA,policy_on_fertility_level,lower
2003,Burkina Faso,BFA,concern_about_adolescent_fertility,major_concern
2003,Burkina Faso,BFA,policies_reduce_adolescent_fertility,yes
2003,Burundi,BDI,view_on_fertility_level,too_high
2003,Burundi,BDI,policy_on_fertility_level,lower
2003,Burundi,BDI,concern_about_adolescent_fertility,not_a_concern
2003,Burundi,BDI,policies_reduce_adolescent_fertility,no
2003,Cabo Verde,CPV,view_on_fertility_level,too_high
2003,Cabo Verde,CPV,policy_on_fertility_level,lower
2003,Cabo Verde,CPV,concern_about_adolescent_fertility,major_concern
2003,Cabo Verde,CPV,policies_reduce_adolescent_fertility,yes
2003,Cambodia,KHM,view_on_fertility_level,too_high
2003,Cambodia,KHM,policy_on_fertility_level,lower
2003,Cambodia,KHM,concern_about_adolescent_fertility,
2003,Cambodia,KHM,policies_reduce_adolescent_fertility,
2003,Cameroon,CMR,view_on_fertility_level,too_high
2003,Cameroon,CMR,policy_on_fertility_level,lower
2003,Cameroon,CMR,concern_about_adolescent_fertility,major_concern
2003,Cameroon,CMR,policies_reduce_adolescent_fertility,yes
2003,Canada,CAN,view_on_fertility_level,satisfactory
2003,Canada,CAN,policy_on_fertility_level,no_intervention
2003,Canada,CAN,concern_about_adolescent_fertility,major_concern
2003,Canada,CAN,policies_reduce_adolescent_fertility,yes
2003,Central African Republic,CAF,view_on_fertility_level,satisfactory
2003,Central African Republic,CAF,policy_on_fertility_level,no_intervention
2003,Central African Republic,CAF,concern_about_adolescent_fertility,minor_concern
2003,Central African Republic,CAF,policies_reduce_adolescent_fertility,yes
2003,Chad,TCD,view_on_fertility_level,satisfactory
2003,Chad,TCD,policy_on_fertility_level,no_intervention
2003,Chad,TCD,concern_about_adolescent_fertility,
2003,Chad,TCD,policies_reduce_adolescent_fertility,
2003,Chile,CHL,view_on_fertility_level,satisfactory
2003,Chile,CHL,policy_on_fertility_level,no_intervention
2003,Chile,CHL,concern_about_adolescent_fertility,major_concern
2003,Chile,CHL,policies_reduce_adolescent_fertility,yes
2003,China,CHN,view_on_fertility_level,satisfactory
2003,China,CHN,policy_on_fertility_level,maintain
2003,China,CHN,concern_about_adolescent_fertility,minor_concern
2003,China,CHN,policies_reduce_adolescent_fertility,yes
2003,Colombia,COL,view_on_fertility_level,too_high
2003,Colombia,COL,policy_on_fertility_level,lower
2003,Colombia,COL,concern_about_adolescent_fertility,major_concern
2003,Colombia,COL,policies_reduce_adolescent_fertility,yes
2003,Comoros,COM,view_on_fertility_level,too_high
2003,Comoros,COM,policy_on_fertility_level,lower
2003,Comoros,COM,concern_about_adolescent_fertility,major_concern
2003,Comoros,COM,policies_reduce_adolescent_fertility,yes
2003,Congo,,view_on_fertility_level,too_high
2003,Congo,,policy_on_fertility_level,lower
2003,Congo,,concern_about_adolescent_fertility,major_concern
2003,Congo,,policies_reduce_adolescent_fertility,yes
2003,Cook Islands,,view_on_fertility_level,satisfactory
2003,Cook Islands,,policy_on_fertility_level,maintain
2003,Cook Islands,,concern_about_adolescent_fertility,major_concern
2003,Cook Islands,,policies_reduce_adolescent_fertility,yes
2003,Costa Rica,CRI,view_on_fertility_level,satisfactory
2003,Costa Rica,CRI,policy_on_fertility_level,lower
2003,Costa Rica,CRI,concern_about_adolescent_fertility,major_concern
2003,Costa Rica,CRI,policies_reduce_adolescent_fertility,yes
2003,Côte d'Ivoire,CIV,view_on_fertility_level,too_high
2003,Côte d'Ivoire,CIV,policy_on_fertility_level,lower
2003,Côte d'Ivoire,CIV,concern_about_adolescent_fertility,
2003,Côte d'Ivoire,CIV,policies_reduce_adolescent_fertility,
2003,Croatia,HRV,view_on_fertility_level,too_low
2003,Croatia,HRV,policy_on_fertility_level,raise
2003,Croatia,HRV,concern_about_adolescent_fertility,minor_concern
2003,Croatia,HRV,policies_reduce_adolescent_fertility,yes
2003,Cuba,CUB,view_on_fertility_level,satisfactory
2003,Cuba,CUB,policy_on_fertility_level,no_intervention
2003,Cuba,CUB,concern_about_adolescent_fertility,major_concern
2003,Cuba,CUB,policies_reduce_adolescent_fertility,yes
2003,Cyprus,CYP,view_on_fertility_level,too_low
2003,Cyprus,CYP,policy_on_fertility_level,raise
2003,Cyprus,CYP,concern_about_adolescent_fertility,major_concern
2003,Cyprus,CYP,policies_reduce_adolescent_fertility,yes
2003,Czech Republic,CZE,view_on_fertility_level,too_low
2003,Czech Republic,CZE,policy_on_fertility_level,raise
2003,Czech Republic,CZE,concern_about_adolescent_fertility,not_a_concern
2003,Czech Republic,CZE,policies_reduce_adolescent_fertility,no
2003,Democratic People's Republic of Korea,PRK,view_on_fertility_level,satisfactory
2003,Democratic People's Republic of Korea,PRK,policy_on_fertility_level,maintain
2003,Democratic People's Republic of Korea,PRK,concern_about_adolescent_fertility,
2003,Democratic People's Republic of Korea,PRK,policies_reduce_adolescent_fertility,
2003,Democratic Republic of the Congo,,view_on_fertility_level,satisfactory
2003,Democratic Republic of the Congo,,policy_on_fertility_level,no_intervention
2003,Democratic Republic of the Congo,,concern_about_adolescent_fertility,minor_concern
2003,Democratic Republic of the Congo,,policies_reduce_adolescent_fertility,yes
2003,Denmark,DNK,view_on_fertility_level,satisfactory
2003,Denmark,DNK,policy_on_fertility_level,no_intervention
2003,Denmark,DNK,concern_about_adolescent_fertility,minor_concern
2003,Denmark,DNK,policies_reduce_adolescent_fertility,yes
2003,Djibouti,DJI,view_on_fertility_level,too_high
2003,Djibouti,DJI,policy_on_fertility_level,no_intervention
2003,Djibouti,DJI,concern_about_adolescent_fertility,not_a_concern
2003,Djibouti,DJI,policies_reduce_adolescent_fertility,no
2003,Dominica,DMA,view_on_fertility_level,satisfactory
2003,Dominica,DMA,policy_on_fertility_level,no_intervention
2003,Dominica,DMA,concern_about_adolescent_fertility,not_a_concern
2003,Dominica,DMA,policies_reduce_adolescent_fertility,no
2003,Dominican Republic,DOM,view_on_fertility_level,too_high
2003,Dominican Republic,DOM,policy_on_fertility_level,lower
2003,Dominican Republic,DOM,concern_about_adolescent_fertility,major_concern
2003,Dominican Republic,DOM,policies_reduce_adolescent_fertility,yes
2003,Ecuador,ECU,view_on_fertility_level,too_high
2003,Ecuador,ECU,policy_on_fertility_level,lower
2003,Ecuador,ECU,concern_about_adolescent_fertility,major_concern
2003,Ecuador,ECU,policies_reduce_adolescent_fertility,yes
2003,Egypt,EGY,view_on_fertility_level,too_high
2003,Egypt,EGY,policy_on_fertility_level,lower
2003,Egypt,EGY,concern_about_adolescent_fertility,major_concern
2003,Egypt,EGY,policies_reduce_adolescent_fertility,yes
2003,El Salvador,SLV,view_on_fertility_level,too_high
2003,El Salvador,SLV,policy_on_fertility_level,lower
2003,El Salvador,SLV,concern_about_adolescent_fertility,major_concern
2003,El Salvador,SLV,policies_reduce_adolescent_fertility,yes
2003,Equatorial Guinea,GNQ,view_on_fertility_level,satisfactory
2003,Equatorial Guinea,GNQ,policy_on_fertility_level,maintain
2003,Equatorial Guinea,GNQ,concern_about_adolescent_fertility,major_concern
2003,Equatorial Guinea,GNQ,policies_reduce_adolescent_fertility,
2003,Eritrea,ERI,view_on_fertility_level,too_high
2003,Eritrea,ERI,policy_on_fertility_level,lower
2003,Eritrea,ERI,concern_about_adolescent_fertility,
2003,Eritrea,ERI,policies_reduce_adolescent_fertility,yes
2003,Estonia,EST,view_on_fertility_level,too_low
2003,Estonia,EST,policy_on_fertility_level,raise
2003,Estonia,EST,concern_about_adolescent_fertility,not_a_concern
2003,Estonia,EST,policies_reduce_adolescent_fertility,no
2003,Ethiopia,ETH,view_on_fertility_level,too_high
2003,Ethiopia,ETH,policy_on_fertility_level,lower
2003,Ethiopia,ETH,concern_about_adolescent_fertility,major_concern
2003,Ethiopia,ETH,policies_reduce_adolescent_fertility,yes
2003,Fiji,FJI,view_on_fertility_level,satisfactory
2003,Fiji,FJI,policy_on_fertility_level,lower
2003,Fiji,FJI,concern_about_adolescent_fertility,minor_concern
2003,Fiji,FJI,policies_reduce_adolescent_fertility,yes
2003,Finland,FIN,view_on_fertility_level,satisfactory
2003,Finland,FIN,policy_on_fertility_level,no_intervention
2003,Finland,FIN,concern_about_adolescent_fertility,minor_concern
2003,Finland,FIN,policies_reduce_adolescent_fertility,no
2003,France,FRA,view_on_fertility_level,too_low
2003,France,FRA,policy_on_fertility_level,raise
2003,France,FRA,concern_about_adolescent_fertility,major_concern
2003,France,FRA,policies_reduce_adolescent_fertility,yes
2003,Gabon,GAB,view_on_fertility_level,too_low
2003,Gabon,GAB,policy_on_fertility_level,raise
2003,Gabon,GAB,concern_about_adolescent_fertility,
2003,Gabon,GAB,policies_reduce_adolescent_fertility,
2003,Gambia,GMB,view_on_fertility_level,too_high
2003,Gambia,GMB,policy_on_fertility_level,lower
2003,Gambia,GMB,concern_about_adolescent_fertility,minor_concern
2003,Gambia,GMB,policies_reduce_adolescent_fertility,yes
2003,Georgia,GEO,view_on_fertility_level,too_low
2003,Georgia,GEO,policy_on_fertility_level,raise
2003,Georgia,GEO,concern_about_adolescent_fertility,minor_concern
2003,Georgia,GEO,policies_reduce_adolescent_fertility,yes
2003,Germany,DEU,view_on_fertility_level,too_low
2003,Germany,DEU,policy_on_fertility_level,no_intervention
2003,Germany,DEU,concern_about_adolescent_fertility,major_concern
2003,Germany,DEU,policies_reduce_adolescent_fertility,yes
2003,Ghana,GHA,view_on_fertility_level,too_high
2003,Ghana,GHA,policy_on_fertility_level,lower
2003,Ghana,GHA,concern_about_adolescent_fertility,major_concern
2003,Ghana,GHA,policies_reduce_adolescent_fertility,yes
2003,Greece,GRC,view_on_fertility_level,too_low
2003,Greece,GRC,policy_on_fertility_level,raise
2003,Greece,GRC,concern_about_adolescent_fertility,minor_concern
2003,Greece,GRC,policies_reduce_adolescent_fertility,yes
2003,Grenada,GRD,view_on_fertility_level,too_high
2003,Grenada,GRD,policy_on_fertility_level,lower
2003,Grenada,GRD,concern_about_adolescent_fertility,major_concern
2003,Grenada,GRD,policies_reduce_adolescent_fertility,yes
2003,Guatemala,GTM,view_on_fertility_level,too_high
2003,Guatemala,GTM,policy_on_fertility_level,lower
2003,Guatemala,GTM,concern_about_adolescent_fertility,major_concern
2003,Guatemala,GTM,policies_reduce_adolescent_fertility,yes
2003,Guinea,GIN,view_on_fertility_level,too_high
2003,Guinea,GIN,policy_on_fertility_level,lower
2003,Guinea,GIN,concern_about_adolescent_fertility,major_concern
2003,Guinea,GIN,policies_reduce_adolescent_fertility,yes
2003,Guinea-Bissau,GNB,view_on_fertility_level,too_high
2003,Guinea-Bissau,GNB,policy_on_fertility_level,no_intervention
2003,Guinea-Bissau,GNB,concern_about_adolescent_fertility,major_concern
2003,Guinea-Bissau,GNB,policies_reduce_adolescent_fertility,yes
2003,Guyana,GUY,view_on_fertility_level,satisfactory
2003,Guyana,GUY,policy_on_fertility_level,no_intervention
2003,Guyana,GUY,concern_about_adolescent_fertility,
2003,Guyana,GUY,policies_reduce_adolescent_fertility,yes
2003,Haiti,HTI,view_on_fertility_level,too_high
2003,Haiti,HTI,policy_on_fertility_level,lower
2003,Haiti,HTI,concern_about_adolescent_fertility,
2003,Haiti,HTI,policies_reduce_adolescent_fertility,
2003,Holy See,,view_on_fertility_level,satisfactory
2003,Holy See,,policy_on_fertility_level,no_intervention
2003,Holy See,,concern_about_adolescent_fertility,
2003,Holy See,,policies_reduce_adolescent_fertility,
2003,Honduras,HND,view_on_fertility_level,too_high
2003,Honduras,HND,policy_on_fertility_level,lower
2003,Honduras,HND,concern_about_adolescent_fertility,minor_concern
2003,Honduras,HND,policies_reduce_adolescent_fertility,yes
2003,Hungary,HUN,view_on_fertility_level,too_low
2003,Hungary,HUN,policy_on_fertility_level,raise
2003,Hungary,HUN,concern_about_adolescent_fertility,minor_concern
2003,Hungary,HUN,policies_reduce_adolescent_fertility,yes
2003,Iceland,ISL,view_on_fertility_level,satisfactory
2003,Iceland,ISL,policy_on_fertility_level,maintain
2003,Iceland,ISL,concern_about_adolescent_fertility,
2003,Iceland,ISL,policies_reduce_adolescent_fertility,no
2003,India,IND,view_on_fertility_level,too_high
2003,India,IND,policy_on_fertility_level,lower
2003,India,IND,concern_about_adolescent_fertility,major_concern
2003,India,IND,policies_reduce_adolescent_fertility,yes
2003,Indonesia,IDN,view_on_fertility_level,too_high
2003,Indonesia,IDN,policy_on_fertility_level,lower
2003,Indonesia,IDN,concern_about_adolescent_fertility,major_concern
2003,Indonesia,IDN,policies_reduce_adolescent_fertility,yes
2003,Iran (Islamic Republic of),,view_on_fertility_level,too_high
2003,Iran (Islamic Republic of),,policy_on_fertility_level,lower
2003,Iran (Islamic Republic of),,concern_about_adolescent_fertility,major_concern
2003,Iran (Islamic Republic of),,policies_reduce_adolescent_fertility,yes
2003,Iraq,IRQ,view_on_fertility_level,satisfactory
2003,Iraq,IRQ,policy_on_fertility_level,no_intervention
2003,Iraq,IRQ,concern_about_adolescent_fertility,not_a_concern
2003,Iraq,IRQ,policies_reduce_adolescent_fertility,no
2003,Ireland,IRL,view_on_fertility_level,satisfactory
2003,Ireland,IRL,policy_on_fertility_level,maintain
2003,Ireland,IRL,concern_about_adolescent_fertility,minor_concern
2003,Ireland,IRL,policies_reduce_adolescent_fertility,yes
2003,Israel,ISR,view_on_fertility_level,too_low
2003,Israel,ISR,policy_on_fertility_level,raise
2003,Israel,ISR,concern_about_adolescent_fertility,minor_concern
2003,Israel,ISR,policies_reduce_adolescent_fertility,yes
2003,Italy,ITA,view_on_fertility_level,too_low
2003,Italy,ITA,policy_on_fertility_level,no_intervention
2003,Italy,ITA,concern_about_adolescent_fertility,not_a_concern
2003,Italy,ITA,policies_reduce_adolescent_fertility,no
2003,Jamaica,JAM,view_on_fertility_level,too_high
2003,Jamaica,JAM,policy_on_fertility_level,lower
2003,Jamaica,JAM,concern_about_adolescent_fertility,major_concern
2003,Jamaica,JAM,policies_reduce_adolescent_fertility,yes
2003,Japan,JPN,view_on_fertility_level,too_low
2003,Japan,JPN,policy_on_fertility_level,raise
2003,Japan,JPN,concern_about_adolescent_fertility,minor_concern
2003,Japan,JPN,policies_reduce_adolescent_fertility,yes
2003,Jordan,JOR,view_on_fertility_level,too_high
2003,Jordan,JOR,policy_on_fertility_level,lower
2003,Jordan,JOR,concern_about_adolescent_fertility,not_a_concern
2003,Jordan,JOR,policies_reduce_adolescent_fertility,no
2003,Kazakhstan,KAZ,view_on_fertility_level,too_low
2003,Kazakhstan,KAZ,policy_on_fertility_level,raise
2003,Kazakhstan,KAZ,concern_about_adolescent_fertility,major_concern
2003,Kazakhstan,KAZ,policies_reduce_adolescent_fertility,yes
2003,Kenya,KEN,view_on_fertility_level,too_high
2003,Kenya,KEN,policy_on_fertility_level,lower
2003,Kenya,KEN,concern_about_adolescent_fertility,major_concern
2003,Kenya,KEN,policies_reduce_adolescent_fertility,yes
2003,Kiribati,KIR,view_on_fertility_level,too_high
2003,Kiribati,KIR,policy_on_fertility_level,lower
2003,Kiribati,KIR,concern_about_adolescent_fertility,minor_concern
2003,Kiribati,KIR,policies_reduce_adolescent_fertility,yes
2003,Kuwait,KWT,view_on_fertility_level,satisfactory
2003,Kuwait,KWT,policy_on_fertility_level,no_intervention
2003,Kuwait,KWT,concern_about_adolescent_fertility,not_a_concern
2003,Kuwait,KWT,policies_reduce_adolescent_fertility,no
2003,Kyrgyzstan,KGZ,view_on_fertility_level,satisfactory
2003,Kyrgyzstan,KGZ,policy_on_fertility_level,no_intervention
2003,Kyrgyzstan,KGZ,concern_about_adolescent_fertility,minor_concern
2003,Kyrgyzstan,KGZ,policies_reduce_adolescent_fertility,yes
2003,Lao People's Democratic Republic,,view_on_fertility_level,too_high
2003,Lao People's Democratic Republic,,policy_on_fertility_level,lower
2003,Lao People's Democratic Republic,,concern_about_adolescent_fertility,minor_concern
2003,Lao People's Democratic Republic,,policies_reduce_adolescent_fertility,yes
2003,Latvia,LVA,view_on_fertility_level,too_low
2003,Latvia,LVA,policy_on_fertility_level,raise
2003,Latvia,LVA,concern_about_adolescent_fertility,major_concern
2003,Latvia,LVA,policies_reduce_adolescent_fertility,yes
2003,Lebanon,LBN,view_on_fertility_level,satisfactory
2003,Lebanon,LBN,policy_on_fertility_level,lower
2003,Lebanon,LBN,concern_about_adolescent_fertility,
2003,Lebanon,LBN,policies_reduce_adolescent_fertility,no
2003,Lesotho,LSO,view_on_fertility_level,too_high
2003,Lesotho,LSO,policy_on_fertility_level,lower
2003,Lesotho,LSO,concern_about_adolescent_fertility,major_concern
2003,Lesotho,LSO,policies_reduce_adolescent_fertility,yes
2003,Liberia,LBR,view_on_fertility_level,too_high
2003,Liberia,LBR,policy_on_fertility_level,lower
2003,Liberia,LBR,concern_about_adolescent_fertility,major_concern
2003,Liberia,LBR,policies_reduce_adolescent_fertility,yes
2003,Libya,LBY,view_on_fertility_level,satisfactory
2003,Libya,LBY,policy_on_fertility_level,no_intervention
2003,Libya,LBY,concern_about_adolescent_fertility,
2003,Libya,LBY,policies_reduce_adolescent_fertility,
2003,Liechtenstein,LIE,view_on_fertility_level,satisfactory
2003,Liechtenstein,LIE,policy_on_fertility_level,no_intervention
2003,Liechtenstein,LIE,concern_about_adolescent_fertility,
2003,Liechtenstein,LIE,policies_reduce_adolescent_fertility,
2003,Lithuania,LTU,view_on_fertility_level,too_low
2003,Lithuania,LTU,policy_on_fertility_level,raise
2003,Lithuania,LTU,concern_about_adolescent_fertility,major_concern
2003,Lithuania,LTU,policies_reduce_adolescent_fertility,yes
2003,Luxembourg,LUX,view_on_fertility_level,too_low
2003,Luxembourg,LUX,policy_on_fertility_level,raise
2003,Luxembourg,LUX,concern_about_adolescent_fertility,minor_concern
2003,Luxembourg,LUX,policies_reduce_adolescent_fertility,yes
2003,Madagascar,MDG,view_on_fertility_level,too_high
2003,Madagascar,MDG,policy_on_fertility_level,lower
2003,Madagascar,MDG,concern_about_adolescent_fertility,major_concern
2003,Madagascar,MDG,policies_reduce_adolescent_fertility,yes
2003,Malawi,MWI,view_on_fertility_level,too_high
2003,Malawi,MWI,policy_on_fertility_level,lower
2003,Malawi,MWI,concern_about_adolescent_fertility,major_concern
2003,Malawi,MWI,policies_reduce_adolescent_fertility,yes
2003,Malaysia,MYS,view_on_fertility_level,satisfactory
2003,Malaysia,MYS,policy_on_fertility_level,no_intervention
2003,Malaysia,MYS,concern_about_adolescent_fertility,major_concern
2003,Malaysia,MYS,policies_reduce_adolescent_fertility,yes
2003,Maldives,MDV,view_on_fertility_level,too_high
2003,Maldives,MDV,policy_on_fertility_level,lower
2003,Maldives,MDV,concern_about_adolescent_fertility,major_concern
2003,Maldives,MDV,policies_reduce_adolescent_fertility,yes
2003,Mali,MLI,view_on_fertility_level,too_high
2003,Mali,MLI,policy_on_fertility_level,lower
2003,Mali,MLI,concern_about_adolescent_fertility,minor_concern
2003,Mali,MLI,policies_reduce_adolescent_fertility,yes
2003,Malta,MLT,view_on_fertility_level,satisfactory
2003,Malta,MLT,policy_on_fertility_level,no_intervention
2003,Malta,MLT,concern_about_adolescent_fertility,minor_concern
2003,Malta,MLT,policies_reduce_adolescent_fertility,yes
2003,Marshall Islands,MHL,view_on_fertility_level,too_high
2003,Marshall Islands,MHL,policy_on_fertility_level,lower
2003,Marshall Islands,MHL,concern_about_adolescent_fertility,major_concern
2003,Marshall Islands,MHL,policies_reduce_adolescent_fertility,yes
2003,Mauritania,MRT,view_on_fertility_level,satisfactory
2003,Mauritania,MRT,policy_on_fertility_level,no_intervention
2003,Mauritania,MRT,concern_about_adolescent_fertility,not_a_concern
2003,Mauritania,MRT,policies_reduce_adolescent_fertility,no
2003,Mauritius,MUS,view_on_fertility_level,satisfactory
2003,Mauritius,MUS,policy_on_fertility_level,no_intervention
2003,Mauritius,MUS,concern_about_adolescent_fertility,major_concern
2003,Mauritius,MUS,policies_reduce_adolescent_fertility,yes
2003,Mexico,MEX,view_on_fertility_level,too_high
2003,Mexico,MEX,policy_on_fertility_level,lower
2003,Mexico,MEX,concern_about_adolescent_fertility,major_concern
2003,Mexico,MEX,policies_reduce_adolescent_fertility,yes
2003,Micronesia (Federated States of),,view_on_fertility_level,too_high
2003,Micronesia (Federated States of),,policy_on_fertility_level,lower
2003,Micronesia (Federated States of),,concern_about_adolescent_fertility,major_concern
2003,Micronesia (Federated States of),,policies_reduce_adolescent_fertility,yes
2003,Monaco,MCO,view_on_fertility_level,satisfactory
2003,Monaco,MCO,policy_on_fertility_level,no_intervention
2003,Monaco,MCO,concern_about_adolescent_fertility,
2003,Monaco,MCO,policies_reduce_adolescent_fertility,
2003,Mongolia,MNG,view_on_fertility_level,satisfactory
2003,Mongolia,MNG,policy_on_fertility_level,no_intervention
2003,Mongolia,MNG,concern_about_adolescent_fertility,minor_concern
2003,Mongolia,MNG,policies_reduce_adolescent_fertility,yes
2003,Morocco,MAR,view_on_fertility_level,too_high
2003,Morocco,MAR,policy_on_fertility_level,lower
2003,Morocco,MAR,concern_about_adolescent_fertility,minor_concern
2003,Morocco,MAR,policies_reduce_adolescent_fertility,yes
2003,Mozambique,MOZ,view_on_fertility_level,too_high
2003,Mozambique,MOZ,policy_on_fertility_level,lower
2003,Mozambique,MOZ,concern_about_adolescent_fertility,major_concern
2003,Mozambique,MOZ,policies_reduce_adolescent_fertility,yes
2003,Myanmar,MMR,view_on_fertility_level,satisfactory
2003,Myanmar,MMR,policy_on_fertility_level,maintain
2003,Myanmar,MMR,concern_about_adolescent_fertility,major_concern
2003,Myanmar,MMR,policies_reduce_adolescent_fertility,yes
2003,Namibia,NAM,view_on_fertility_level,too_high
2003,Namibia,NAM,policy_on_fertility_level,lower
2003,Namibia,NAM,concern_about_adolescent_fertility,major_concern
2003,Namibia,NAM,policies_reduce_adolescent_fertility,yes
2003,Nauru,NRU,view_on_fertility_level,satisfactory
2003,Nauru,NRU,policy_on_fertility_level,maintain
2003,Nauru,NRU,concern_about_adolescent_fertility,
2003,Nauru,NRU,policies_reduce_adolescent_fertility,
2003,Nepal,NPL,view_on_fertility_level,too_high
2003,Nepal,NPL,policy_on_fertility_level,lower
2003,Nepal,NPL,concern_about_adolescent_fertility,minor_concern
2003,Nepal,NPL,policies_reduce_adolescent_fertility,yes
2003,Netherlands,NLD,view_on_fertility_level,satisfactory
2003,Netherlands,NLD,policy_on_fertility_level,no_intervention
2003,Netherlands,NLD,concern_about_adolescent_fertility,not_a_concern
2003,Netherlands,NLD,policies_reduce_adolescent_fertility,no
2003,New Zealand,NZL,view_on_fertility_level,satisfactory
2003,New Zealand,NZL,policy_on_fertility_level,no_intervention
2003,New Zealand,NZL,concern_about_adolescent_fertility,major_concern
2003,New Zealand,NZL,policies_reduce_adolescent_fertility,yes
2003,Nicaragua,NIC,view_on_fertility_level,too_high
2003,Nicaragua,NIC,policy_on_fertility_level,lower
2003,Nicaragua,NIC,concern_about_adolescent_fertility,major_concern
2003,Nicaragua,NIC,policies_reduce_adolescent_fertility,yes
2003,Niger,NER,view_on_fertility_level,too_high
2003,Niger,NER,policy_on_fertility_level,lower
2003,Niger,NER,concern_about_adolescent_fertility,major_concern
2003,Niger,NER,policies_reduce_adolescent_fertility,yes
2003,Nigeria,NGA,view_on_fertility_level,too_high
2003,Nigeria,NGA,policy_on_fertility_level,lower
2003,Nigeria,NGA,concern_about_adolescent_fertility,
2003,Nigeria,NGA,policies_reduce_adolescent_fertility,
2003,Niue,,view_on_fertility_level,too_low
2003,Niue,,policy_on_fertility_level,raise
2003,Niue,,concern_about_adolescent_fertility,major_concern
2003,Niue,,policies_reduce_adolescent_fertility,yes
2003,Norway,NOR,view_on_fertility_level,too_low
2003,Norway,NOR,policy_on_fertility_level,no_intervention
2003,Norway,NOR,concern_about_adolescent_fertility,minor_concern
2003,Norway,NOR,policies_reduce_adolescent_fertility,yes
2003,Oman,OMN,view_on_fertility_level,too_high
2003,Oman,OMN,policy_on_fertility_level,lower
2003,Oman,OMN,concern_about_adolescent_fertility,
2003,Oman,OMN,policies_reduce_adolescent_fertility,
2003,Pakistan,PAK,view_on_fertility_level,too_high
2003,Pakistan,PAK,policy_on_fertility_level,lower
2003,Pakistan,PAK,concern_about_adolescent_fertility,not_a_concern
2003,Pakistan,PAK,policies_reduce_adolescent_fertility,yes
2003,Palau,PLW,view_on_fertility_level,satisfactory
2003,Palau,PLW,policy_on_fertility_level,no_intervention
2003,Palau,PLW,concern_about_adolescent_fertility,minor_concern
2003,Palau,PLW,policies_reduce_adolescent_fertility,no
2003,Panama,PAN,view_on_fertility_level,satisfactory
2003,Panama,PAN,policy_on_fertility_level,maintain
2003,Panama,PAN,concern_about_adolescent_fertility,major_concern
2003,Panama,PAN,policies_reduce_adolescent_fertility,yes
2003,Papua New Guinea,PNG,view_on_fertility_level,too_high
2003,Papua New Guinea,PNG,policy_on_fertility_level,lower
2003,Papua New Guinea,PNG,concern_about_adolescent_fertility,major_concern
2003,Papua New Guinea,PNG,policies_reduce_adolescent_fertility,yes
2003,Paraguay,PRY,view_on_fertility_level,too_high
2003,Paraguay,PRY,policy_on_fertility_level,no_intervention
2003,Paraguay,PRY,concern_about_adolescent_fertility,major_concern
2003,Paraguay,PRY,policies_reduce_adolescent_fertility,yes
2003,Peru,PER,view_on_fertility_level,too_high
2003,Peru,PER,policy_on_fertility_level,maintain
2003,Peru,PER,concern_about_adolescent_fertility,minor_concern
2003,Peru,PER,policies_reduce_adolescent_fertility,yes
2003,Philippines,PHL,view_on_fertility_level,too_high
2003,Philippines,PHL,policy_on_fertility_level,lower
2003,Philippines,PHL,concern_about_adolescent_fertility,major_concern
2003,Philippines,PHL,policies_reduce_adolescent_fertility,yes
2003,Poland,POL,view_on_fertility_level,too_low
2003,Poland,POL,policy_on_fertility_level,raise
2003,Poland,POL,concern_about_adolescent_fertility,minor_concern
2003,Poland,POL,policies_reduce_adolescent_fertility,yes
2003,Portugal,PRT,view_on_fertility_level,too_low
2003,Portugal,PRT,policy_on_fertility_level,no_intervention
2003,Portugal,PRT,concern_about_adolescent_fertility,major_concern
2003,Portugal,PRT,policies_reduce_adolescent_fertility,yes
2003,Qatar,QAT,view_on_fertility_level,satisfactory
2003,Qatar,QAT,policy_on_fertility_level,maintain
2003,Qatar,QAT,concern_about_adolescent_fertility,
2003,Qatar,QAT,policies_reduce_adolescent_fertility,no
2003,Republic of Korea,KOR,view_on_fertility_level,too_low
2003,Republic of Korea,KOR,policy_on_fertility_level,raise
2003,Republic of Korea,KOR,concern_about_adolescent_fertility,minor_concern
2003,Republic of Korea,KOR,policies_reduce_adolescent_fertility,yes
2003,Republic of Moldova,MDA,view_on_fertility_level,too_low
2003,Republic of Moldova,MDA,policy_on_fertility_level,raise
2003,Republic of Moldova,MDA,concern_about_adolescent_fertility,not_a_concern
2003,Republic of Moldova,MDA,policies_reduce_adolescent_fertility,no
2003,Romania,ROU,view_on_fertility_level,too_low
2003,Romania,ROU,policy_on_fertility_level,raise
2003,Romania,ROU,concern_about_adolescent_fertility,minor_concern
2003,Romania,ROU,policies_reduce_adolescent_fertility,yes
2003,Russian Federation,RUS,view_on_fertility_level,too_low
2003,Russian Federation,RUS,policy_on_fertility_level,raise
2003,Russian Federation,RUS,concern_about_adolescent_fertility,major_concern
2003,Russian Federation,RUS,policies_reduce_adolescent_fertility,yes
2003,Rwanda,RWA,view_on_fertility_level,too_high
2003,Rwanda,RWA,policy_on_fertility_level,lower
2003,Rwanda,RWA,concern_about_adolescent_fertility,minor_concern
2003,Rwanda,RWA,policies_reduce_adolescent_fertility,yes
2003,Saint Kitts and Nevis,KNA,view_on_fertility_level,too_high
2003,Saint Kitts and Nevis,KNA,policy_on_fertility_level,lower
2003,Saint Kitts and Nevis,KNA,concern_about_adolescent_fertility,minor_concern
2003,Saint Kitts and Nevis,KNA,policies_reduce_adolescent_fertility,yes
2003,Saint Lucia,LCA,view_on_fertility_level,too_high
2003,Saint Lucia,LCA,policy_on_fertility_level,lower
2003,Saint Lucia,LCA,concern_about_adolescent_fertility,major_concern
2003,Saint Lucia,LCA,policies_reduce_adolescent_fertility,yes
2003,Saint Vincent and the Grenadines,VCT,view_on_fertility_level,too_high
2003,Saint Vincent and the Grenadines,VCT,policy_on_fertility_level,lower
2003,Saint Vincent and the Grenadines,VCT,concern_about_adolescent_fertility,major_concern
2003,Saint Vincent and the Grenadines,VCT,policies_reduce_adolescent_fertility,yes
2003,Samoa,WSM,view_on_fertility_level,too_high
2003,Samoa,WSM,policy_on_fertility_level,lower
2003,Samoa,WSM,concern_about_adolescent_fertility,minor_concern
2003,Samoa,WSM,policies_reduce_adolescent_fertility,yes
2003,San Marino,SMR,view_on_fertility_level,satisfactory
2003,San Marino,SMR,policy_on_fertility_level,no_intervention
2003,San Marino,SMR,concern_about_adolescent_fertility,not_a_concern
2003,San Marino,SMR,policies_reduce_adolescent_fertility,no
2003,Sao Tome and Principe,STP,view_on_fertility_level,too_high
2003,Sao Tome and Principe,STP,policy_on_fertility_level,no_intervention
2003,Sao Tome and Principe,STP,concern_about_adolescent_fertility,not_a_concern
2003,Sao Tome and Principe,STP,policies_reduce_adolescent_fertility,
2003,Saudi Arabia,SAU,view_on_fertility_level,satisfactory
2003,Saudi Arabia,SAU,policy_on_fertility_level,raise
2003,Saudi Arabia,SAU,concern_about_adolescent_fertility,major_concern
2003,Saudi Arabia,SAU,policies_reduce_adolescent_fertility,yes
2003,Senegal,SEN,view_on_fertility_level,too_high
2003,Senegal,SEN,policy_on_fertility_level,lower
2003,Senegal,SEN,concern_about_adolescent_fertility,major_concern
2003,Senegal,SEN,policies_reduce_adolescent_fertility,yes
2003,Serbia and Montenegro,,view_on_fertility_level,too_low
2003,Serbia and Montenegro,,policy_on_fertility_level,raise
2003,Serbia and Montenegro,,concern_about_adolescent_fertility,minor_concern
2003,Serbia and Montenegro,,policies_reduce_adolescent_fertility,no
2003,Seychelles,SYC,view_on_fertility_level,too_high
2003,Seychelles,SYC,policy_on_fertility_level,lower
2003,Seychelles,SYC,concern_about_adolescent_fertility,major_concern
2003,Seychelles,SYC,policies_reduce_adolescent_fertility,yes
2003,Sierra Leone,SLE,view_on_fertility_level,too_high
2003,Sierra Leone,SLE,policy_on_fertility_level,lower
2003,Sierra Leone,SLE,concern_about_adolescent_fertility,major_concern
2003,Sierra Leone,SLE,policies_reduce_adolescent_fertility,yes
2003,Singapore,SGP,view_on_fertility_level,too_low
2003,Singapore,SGP,policy_on_fertility_level,raise
2003,Singapore,SGP,concern_about_adolescent_fertility,minor_concern
2003,Singapore,SGP,policies_reduce_adolescent_fertility,yes
2003,Slovakia,SVK,view_on_fertility_level,too_low
2003,Slovakia,SVK,policy_on_fertility_level,raise
2003,Slovakia,SVK,concern_about_adolescent_fertility,not_a_concern
2003,Slovakia,SVK,policies_reduce_adolescent_fertility,no
2003,Slovenia,SVN,view_on_fertility_level,too_low
2003,Slovenia,SVN,policy_on_fertility_level,raise
2003,Slovenia,SVN,concern_about_adolescent_fertility,minor_concern
2003,Slovenia,SVN,policies_reduce_adolescent_fertility,no
2003,Solomon Islands,SLB,view_on_fertility_level,too_high
2003,Solomon Islands,SLB,policy_on_fertility_level,lower
2003,Solomon Islands,SLB,concern_about_adolescent_fertility,
2003,Solomon Islands,SLB,policies_reduce_adolescent_fertility,
2003,Somalia,,view_on_fertility_level,satisfactory
2003,Somalia,,policy_on_fertility_level,no_intervention
2003,Somalia,,concern_about_adolescent_fertility,
2003,Somalia,,policies_reduce_adolescent_fertility,
2003,South Africa,ZAF,view_on_fertility_level,too_high
2003,South Africa,ZAF,policy_on_fertility_level,lower
2003,South Africa,ZAF,concern_about_adolescent_fertility,major_concern
2003,South Africa,ZAF,policies_reduce_adolescent_fertility,yes
2003,Spain,ESP,view_on_fertility_level,too_low
2003,Spain,ESP,policy_on_fertility_level,no_intervention
2003,Spain,ESP,concern_about_adolescent_fertility,major_concern
2003,Spain,ESP,policies_reduce_adolescent_fertility,yes
2003,Sri Lanka,LKA,view_on_fertility_level,satisfactory
2003,Sri Lanka,LKA,policy_on_fertility_level,lower
2003,Sri Lanka,LKA,concern_about_adolescent_fertility,minor_concern
2003,Sri Lanka,LKA,policies_reduce_adolescent_fertility,yes
2003,Sudan (including South Sudan),,view_on_fertility_level,too_high
2003,Sudan (including South Sudan),,policy_on_fertility_level,lower
2003,Sudan (including South Sudan),,concern_about_adolescent_fertility,not_a_concern
2003,Sudan (including South Sudan),,policies_reduce_adolescent_fertility,no
2003,Suriname,SUR,view_on_fertility_level,satisfactory
2003,Suriname,SUR,policy_on_fertility_level,no_intervention
2003,Suriname,SUR,concern_about_adolescent_fertility,major_concern
2003,Suriname,SUR,policies_reduce_adolescent_fertility,yes
2003,Swaziland,SWZ,view_on_fertility_level,too_high
2003,Swaziland,SWZ,policy_on_fertility_level,lower
2003,Swaziland,SWZ,concern_about_adolescent_fertility,
2003,Swaziland,SWZ,policies_reduce_adolescent_fertility,
2003,Sweden,SWE,view_on_fertility_level,satisfactory
2003,Sweden,SWE,policy_on_fertility_level,no_intervention
2003,Sweden,SWE,concern_about_adolescent_fertility,minor_concern
2003,Sweden,SWE,policies_reduce_adolescent_fertility,yes
2003,Switzerland,CHE,view_on_fertility_level,too_low
2003,Switzerland,CHE,policy_on_fertility_level,no_intervention
2003,Switzerland,CHE,concern_about_adolescent_fertility,
2003,Switzerland,CHE,policies_reduce_adolescent_fertility,
2003,Syrian Arab Republic,SYR,view_on_fertility_level,satisfactory
2003,Syrian Arab Republic,SYR,policy_on_fertility_level,no_intervention
2003,Syrian Arab Republic,SYR,concern_about_adolescent_fertility,
2003,Syrian Arab Republic,SYR,policies_reduce_adolescent_fertility,
2003,Tajikistan,TJK,view_on_fertility_level,too_high
2003,Tajikistan,TJK,policy_on_fertility_level,lower
2003,Tajikistan,TJK,concern_about_adolescent_fertility,minor_concern
2003,Tajikistan,TJK,policies_reduce_adolescent_fertility,yes
2003,Thailand,THA,view_on_fertility_level,satisfactory
2003,Thailand,THA,policy_on_fertility_level,maintain
2003,Thailand,THA,concern_about_adolescent_fertility,major_concern
2003,Thailand,THA,policies_reduce_adolescent_fertility,yes
2003,The former Yugoslav Rep. of Macedonia,MKD,view_on_fertility_level,satisfactory
2003,The former Yugoslav Rep. of Macedonia,MKD,policy_on_fertility_level,no_intervention
2003,The former Yugoslav Rep. of Macedonia,MKD,concern_about_adolescent_fertility,major_concern
2003,The former Yugoslav Rep. of Macedonia,MKD,policies_reduce_adolescent_fertility,yes
2003,Timor-Leste,TLS,view_on_fertility_level,satisfactory
2003,Timor-Leste,TLS,policy_on_fertility_level,no_intervention
2003,Timor-Leste,TLS,concern_about_adolescent_fertility,
2003,Timor-Leste,TLS,policies_reduce_adolescent_fertility,
2003,Togo,TGO,view_on_fertility_level,satisfactory
2003,Togo,TGO,policy_on_fertility_level,maintain
2003,Togo,TGO,concern_about_adolescent_fertility,major_concern
2003,Togo,TGO,policies_reduce_adolescent_fertility,yes
2003,Tonga,TON,view_on_fertility_level,satisfactory
2003,Tonga,TON,policy_on_fertility_level,maintain
2003,Tonga,TON,concern_about_adolescent_fertility,minor_concern
2003,Tonga,TON,policies_reduce_adolescent_fertility,no
2003,Trinidad and Tobago,TTO,view_on_fertility_level,satisfactory
2003,Trinidad and Tobago,TTO,policy_on_fertility_level,maintain
2003,Trinidad and Tobago,TTO,concern_about_adolescent_fertility,major_concern
2003,Trinidad and Tobago,TTO,policies_reduce_adolescent_fertility,yes
2003,Tunisia,TUN,view_on_fertility_level,too_high
2003,Tunisia,TUN,policy_on_fertility_level,lower
2003,Tunisia,TUN,concern_about_adolescent_fertility,minor_concern
2003,Tunisia,TUN,policies_reduce_adolescent_fertility,yes
2003,Turkey,TUR,view_on_fertility_level,too_high
2003,Turkey,TUR,policy_on_fertility_level,lower
2003,Turkey,TUR,concern_about_adolescent_fertility,major_concern
2003,Turkey,TUR,policies_reduce_adolescent_fertility,yes
2003,Turkmenistan,TKM,view_on_fertility_level,satisfactory
2003,Turkmenistan,TKM,policy_on_fertility_level,no_intervention
2003,Turkmenistan,TKM,concern_about_adolescent_fertility,
2003,Turkmenistan,TKM,policies_reduce_adolescent_fertility,
2003,Tuvalu,TUV,view_on_fertility_level,too_high
2003,Tuvalu,TUV,policy_on_fertility_level,lower
2003,Tuvalu,TUV,concern_about_adolescent_fertility,major_concern
2003,Tuvalu,TUV,policies_reduce_adolescent_fertility,
2003,Uganda,UGA,view_on_fertility_level,too_high
2003,Uganda,UGA,policy_on_fertility_level,lower
2003,Uganda,UGA,concern_about_adolescent_fertility,major_concern
2003,Uganda,UGA,policies_reduce_adolescent_fertility,yes
2003,Ukraine,UKR,view_on_fertility_level,too_low
2003,Ukraine,UKR,policy_on_fertility_level,raise
2003,Ukraine,UKR,concern_about_adolescent_fertility,major_concern
2003,Ukraine,UKR,policies_reduce_adolescent_fertility,yes
2003,United Arab Emirates,ARE,view_on_fertility_level,too_low
2003,United Arab Emirates,ARE,policy_on_fertility_level,raise
2003,United Arab Emirates,ARE,concern_about_adolescent_fertility,
2003,United Arab Emirates,ARE,policies_reduce_adolescent_fertility,
2003,United Kingdom,GBR,view_on_fertility_level,satisfactory
2003,United Kingdom,GBR,policy_on_fertility_level,no_intervention
2003,United Kingdom,GBR,concern_about_adolescent_fertility,major_concern
2003,United Kingdom,GBR,policies_reduce_adolescent_fertility,yes
2003,United Republic of Tanzania,TZA,view_on_fertility_level,too_high
2003,United Republic of Tanzania,TZA,policy_on_fertility_level,lower
2003,United Republic of Tanzania,TZA,concern_about_adolescent_fertility,major_concern
2003,United Republic of Tanzania,TZA,policies_reduce_adolescent_fertility,yes
2003,United States of America,USA,view_on_fertility_level,satisfactory
2003,United States of America,USA,policy_on_fertility_level,no_intervention
2003,United States of America,USA,concern_about_adolescent_fertility,major_concern
2003,United States of America,USA,policies_reduce_adolescent_fertility,yes
2003,Uruguay,URY,view_on_fertility_level,too_low
2003,Uruguay,URY,policy_on_fertility_level,raise
2003,Uruguay,URY,concern_about_adolescent_fertility,
2003,Uruguay,URY,policies_reduce_adolescent_fertility,
2003,Uzbekistan,UZB,view_on_fertility_level,satisfactory
2003,Uzbekistan,UZB,policy_on_fertility_level,maintain
2003,Uzbekistan,UZB,concern_about_adolescent_fertility,minor_concern
2003,Uzbekistan,UZB,policies_reduce_adolescent_fertility,yes
2003,Vanuatu,VUT,view_on_fertility_level,too_high
2003,Vanuatu,VUT,policy_on_fertility_level,no_intervention
2003,Vanuatu,VUT,concern_about_adolescent_fertility,major_concern
2003,Vanuatu,VUT,policies_reduce_adolescent_fertility,
2003,Venezuela (Bolivarian Republic of),,view_on_fertility_level,satisfactory
2003,Venezuela (Bolivarian Republic of),,policy_on_fertility_level,lower
2003,Venezuela (Bolivarian Republic of),,concern_about_adolescent_fertility,major_concern
2003,Venezuela (Bolivarian Republic of),,policies_reduce_adolescent_fertility,yes
2003,Viet Nam,VNM,view_on_fertility_level,too_high
2003,Viet Nam,VNM,policy_on_fertility_level,lower
2003,Viet Nam,VNM,concern_about_adolescent_fertility,minor_concern
2003,Viet Nam,VNM,policies_reduce_adolescent_fertility,yes
2003,Yemen,YEM,view_on_fertility_level,too_high
2003,Yemen,YEM,policy_on_fertility_level,lower
2003,Yemen,YEM,concern_about_adolescent_fertility,major_concern
2003,Yemen,YEM,policies_reduce_adolescent_fertility,yes
2003,Zambia,ZMB,view_on_fertility_level,too_high
2003,Zambia,ZMB,policy_on_fertility_level,lower
2003,Zambia,ZMB,concern_about_adolescent_fertility,major_concern
2003,Zambia,ZMB,policies_reduce_adolescent_fertility,yes
2003,Zimbabwe,ZWE,view_on_fertility_level,too_high
2003,Zimbabwe,ZWE,policy_on_fertility_level,lower
2003,Zimbabwe,ZWE,concern_about_adolescent_fertility,minor_concern
2003,Zimbabwe,ZWE,policies_reduce_adolescent_fertility,no
2003,Afghanistan,AFG,family_planning_support,indirect_support
2003,Afghanistan,AFG,abortion_grounds,1
2003,Albania,ALB,family_planning_support,direct_support
2003,Albania,ALB,abortion_grounds,1|2|3|4|5|6|7
2003,Algeria,DZA,family_planning_support,direct_support
2003,Algeria,DZA,abortion_grounds,1|2|3
2003,Andorra,AND,family_planning_support,no_support
2003,Andorra,AND,abortion_grounds,1
2003,Angola,AGO,family_planning_support,direct_support
2003,Angola,AGO,abortion_grounds,1
2003,Antigua and Barbuda,ATG,family_planning_support,direct_support
2003,Antigua and Barbuda,ATG,abortion_grounds,1
2003,Argentina,ARG,family_planning_support,direct_support
2003,Argentina,ARG,abortion_grounds,1|2|3|4
2003,Armenia,ARM,family_planning_support,direct_support
2003,Armenia,ARM,abortion_grounds,1|2|3|4|5|6|7
2003,Australia,AUS,family_planning_support,indirect_support
2003,Australia,AUS,abortion_grounds,1|2|3|4|5|6|7
2003,Austria,AUT,family_planning_support,indirect_support
2003,Austria,AUT,abortion_grounds,1|2|3|4|5|6|7
2003,Azerbaijan,AZE,family_planning_support,direct_support
2003,Azerbaijan,AZE,abortion_grounds,1|2|3|4|5|6|7
2003,Bahamas,BHS,family_planning_support,direct_support
2003,Bahamas,BHS,abortion_grounds,1|2|3
2003,Bahrain,BHR,family_planning_support,direct_support
2003,Bahrain,BHR,abortion_grounds,1|2|3|4|5|6|7
2003,Bangladesh,BGD,family_planning_support,direct_support
2003,Bangladesh,BGD,abortion_grounds,1
2003,Barbados,BRB,family_planning_support,direct_support
2003,Barbados,BRB,abortion_grounds,1|2|3|4|5|6
2003,Belarus,BLR,family_planning_support,direct_support
2003,Belarus,BLR,abortion_grounds,1|2|3|4|5|6|7
2003,Belgium,BEL,family_planning_support,direct_support
2003,Belgium,BEL,abortion_grounds,1|2|3|4|5|6|7
2003,Belize,BLZ,family_planning_support,indirect_support
2003,Belize,BLZ,abortion_grounds,1|2|3|5|6
2003,Benin,BEN,family_planning_support,direct_support
2003,Benin,BEN,abortion_grounds,1
2003,Bhutan,BTN,family_planning_support,direct_support
2003,Bhutan,BTN,abortion_grounds,1
2003,Bolivia (Plurinational State of),BOL,family_planning_support,direct_support
2003,Bolivia (Plurinational State of),BOL,abortion_grounds,1|2|3|4
2003,Bosnia and Herzegovina,BIH,family_planning_support,indirect_support
2003,Bosnia and Herzegovina,BIH,abortion_grounds,1|2|3|4|5|6|7
2003,Botswana,BWA,family_planning_support,direct_support
2003,Botswana,BWA,abortion_grounds,1|2|3|4|5
2003,Brazil,BRA,family_planning_support,direct_support
2003,Brazil,BRA,abortion_grounds,1|4
2003,Brunei Darussalam,BRN,family_planning_support,no_support
2003,Brunei Darussalam,BRN,abortion_grounds,1
2003,Bulgaria,BGR,family_planning_support,indirect_support
2003,Bulgaria,BGR,abortion_grounds,1|2|3|4|5|6|7
2003,Burkina Faso,BFA,family_planning_support,direct_support
2003,Burkina Faso,BFA,abortion_grounds,1|2|3|4|5
2003,Burundi,BDI,family_planning_support,direct_support
2003,Burundi,BDI,abortion_grounds,1|2|3
2003,Cabo Verde,CPV,family_planning_support,direct_support
2003,Cabo Verde,CPV,abortion_grounds,1|2|3|4|5|6|7
2003,Cambodia,KHM,family_planning_support,direct_support
2003,Cambodia,KHM,abortion_grounds,1|2|3|4|5|6|7
2003,Cameroon,CMR,family_planning_support,indirect_support
2003,Cameroon,CMR,abortion_grounds,1|2|3|4
2003,Canada,CAN,family_planning_support,indirect_support
2003,Canada,CAN,abortion_grounds,1|2|3|4|5|6|7
2003,Central African Republic,CAF,family_planning_support,indirect_support
2003,Central African Republic,CAF,abortion_grounds,1
2003,Chad,TCD,family_planning_support,direct_support
2003,Chad,TCD,abortion_grounds,1
2003,Chile,CHL,family_planning_support,direct_support
2003,Chile,CHL,abortion_grounds,not_permitted
2003,China,CHN,family_planning_support,direct_support
2003,China,CHN,abortion_grounds,1|2|3|4|5|6|7
2003,Colombia,COL,family_planning_support,direct_support
2003,Colombia,COL,abortion_grounds,1
2003,Comoros,COM,family_planning_support,direct_support
2003,Comoros,COM,abortion_grounds,1|2|3
2003,Congo,,family_planning_support,direct_support
2003,Congo,,abortion_grounds,1
2003,Cook Islands,,family_planning_support,direct_support
2003,Cook Islands,,abortion_grounds,1|2|3
2003,Costa Rica,CRI,family_planning_support,direct_support
2003,Costa Rica,CRI,abortion_grounds,1|2|3
2003,Côte d'Ivoire,CIV,family_planning_support,direct_support
2003,Côte d'Ivoire,CIV,abortion_grounds,1
2003,Croatia,HRV,family_planning_support,direct_support
2003,Croatia,HRV,abortion_grounds,1|2|3|4|5|6|7
2003,Cuba,CUB,family_planning_support,direct_support
2003,Cuba,CUB,abortion_grounds,1|2|3|4|5|6|7
2003,Cyprus,CYP,family_planning_support,indirect_support
2003,Cyprus,CYP,abortion_grounds,1|2|3|4|5
2003,Czech Republic,CZE,family_planning_support,indirect_support
2003,Czech Republic,CZE,abortion_grounds,1|2|3|4|5|6|7
2003,Democratic People's Republic of Korea,PRK,family_planning_support,direct_support
2003,Democratic People's Republic of Korea,PRK,abortion_grounds,1|2|3|4|5|6|7
2003,Democratic Republic of the Congo,,family_planning_support,direct_support
2003,Democratic Republic of the Congo,,abortion_grounds,1
2003,Denmark,DNK,family_planning_support,indirect_support
2003,Denmark,DNK,abortion_grounds,1|2|3|4|5|6|7
2003,Djibouti,DJI,family_planning_support,direct_support
2003,Djibouti,DJI,abortion_grounds,1
2003,Dominica,DMA,family_planning_support,direct_support
2003,Dominica,DMA,abortion_grounds,1
2003,Dominican Republic,DOM,family_planning_support,direct_support
2003,Dominican Republic,DOM,abortion_grounds,1
2003,Ecuador,ECU,family_planning_support,direct_support
2003,Ecuador,ECU,abortion_grounds,1|2|3|4
2003,Egypt,EGY,family_planning_support,direct_support
2003,Egypt,EGY,abortion_grounds,1
2003,El Salvador,SLV,family_planning_support,direct_support
2003,El Salvador,SLV,abortion_grounds,not_permitted
2003,Equatorial Guinea,GNQ,family_planning_support,no_support
2003,Equatorial Guinea,GNQ,abortion_grounds,1|2|3
2003,Eritrea,ERI,family_planning_support,direct_support
2003,Eritrea,ERI,abortion_grounds,1|2|3
2003,Estonia,EST,family_planning_support,indirect_support
2003,Estonia,EST,abortion_grounds,1|2|3|4|5|6|7
2003,Ethiopia,ETH,family_planning_support,direct_support
2003,Ethiopia,ETH,abortion_grounds,1|2
2003,Fiji,FJI,family_planning_support,direct_support
2003,Fiji,FJI,abortion_grounds,1|2|3|6
2003,Finland,FIN,family_planning_support,direct_support
2003,Finland,FIN,abortion_grounds,1|2|3|4|5|6
2003,France,FRA,family_planning_support,indirect_support
2003,France,FRA,abortion_grounds,1|2|3|4|5|6|7
2003,Gabon,GAB,family_planning_support,no_support
2003,Gabon,GAB,abortion_grounds,1
2003,Gambia,GMB,family_planning_support,direct_support
2003,Gambia,GMB,abortion_grounds,1|2|3
2003,Georgia,GEO,family_planning_support,direct_support
2003,Georgia,GEO,abortion_grounds,1|2|3|4|5|6|7
2003,Germany,DEU,family_planning_support,no_support
2003,Germany,DEU,abortion_grounds,1|2|3|4|5|6|7
2003,Ghana,GHA,family_planning_support,direct_support
2003,Ghana,GHA,abortion_grounds,1|2|3|4|5
2003,Greece,GRC,family_planning_support,direct_support
2003,Greece,GRC,abortion_grounds,1|2|3|4|5|6|7
2003,Grenada,GRD,family_planning_support,direct_support
2003,Grenada,GRD,abortion_grounds,1|2|3
2003,Guatemala,GTM,family_planning_support,direct_support
2003,Guatemala,GTM,abortion_grounds,1
2003,Guinea,GIN,family_planning_support,direct_support
2003,Guinea,GIN,abortion_grounds,1|2|3
2003,Guinea-Bissau,GNB,family_planning_support,indirect_support
2003,Guinea-Bissau,GNB,abortion_grounds,1
2003,Guyana,GUY,family_planning_support,direct_support
2003,Guyana,GUY,abortion_grounds,1|2|3|4|5|6|7
2003,Haiti,HTI,family_planning_support,direct_support
2003,Haiti,HTI,abortion_grounds,1
2003,Holy See,,family_planning_support,limits
2003,Holy See,,abortion_grounds,not_permitted
2003,Honduras,HND,family_planning_support,direct_support
2003,Honduras,HND,abortion_grounds,1
2003,Hungary,HUN,family_planning_support,direct_support
2003,Hungary,HUN,abortion_grounds,1|2|3|4|5|6|7
2003,Iceland,ISL,family_planning_support,direct_support
2003,Iceland,ISL,abortion_grounds,1|2|3|4|5|6
2003,India,IND,family_planning_support,direct_support
2003,India,IND,abortion_grounds,1|2|3|4|5|6
2003,Indonesia,IDN,family_planning_support,direct_support
2003,Indonesia,IDN,abortion_grounds,1
2003,Iran (Islamic Republic of),,family_planning_support,direct_support
2003,Iran (Islamic Republic of),,abortion_grounds,1
2003,Iraq,IRQ,family_planning_support,direct_support
2003,Iraq,IRQ,abortion_grounds,1
2003,Ireland,IRL,family_planning_support,direct_support
2003,Ireland,IRL,abortion_grounds,1
2003,Israel,ISR,family_planning_support,indirect_support
2003,Israel,ISR,abortion_grounds,1|2|3|4|5
2003,Italy,ITA,family_planning_support,indirect_support
2003,Italy,ITA,abortion_grounds,1|2|3|4|5|6|7
2003,Jamaica,JAM,family_planning_support,direct_support
2003,Jamaica,JAM,abortion_grounds,1|2|3
2003,Japan,JPN,family_planning_support,indirect_support
2003,Japan,JPN,abortion_grounds,1|2|4|6
2003,Jordan,JOR,family_planning_support,direct_support
2003,Jordan,JOR,abortion_grounds,1|2|3
2003,Kazakhstan,KAZ,family_planning_support,indirect_support
2003,Kazakhstan,KAZ,abortion_grounds,1|2|3|4|5|6|7
2003,Kenya,KEN,family_planning_support,direct_support
2003,Kenya,KEN,abortion_grounds,1|2|3
2003,Kiribati,KIR,family_planning_support,direct_support
2003,Kiribati,KIR,abortion_grounds,1
2003,Kuwait,KWT,family_planning_support,indirect_support
2003,Kuwait,KWT,abortion_grounds,1|2|3|5
2003,Kyrgyzstan,KGZ,family_planning_support,direct_support
2003,Kyrgyzstan,KGZ,abortion_grounds,1|2|3|4|5|6|7
2003,Lao People's Democratic Republic,,family_planning_support,direct_support
2003,Lao People's Democratic Republic,,abortion_grounds,1
2003,Latvia,LVA,family_planning_support,indirect_support
2003,Latvia,LVA,abortion_grounds,1|2|3|4|5|6|7
2003,Lebanon,LBN,family_planning_support,indirect_support
2003,Lebanon,LBN,abortion_grounds,1
2003,Lesotho,LSO,family_planning_support,direct_support
2003,Lesotho,LSO,abortion_grounds,1
2003,Liberia,LBR,family_planning_support,direct_support
2003,Liberia,LBR,abortion_grounds,1|2|3|4|5
2003,Libya,LBY,family_planning_support,no_support
2003,Libya,LBY,abortion_grounds,1
2003,Liechtenstein,LIE,family_planning_support,direct_support
2003,Liechtenstein,LIE,abortion_grounds,1|2|3
2003,Lithuania,LTU,family_planning_support,indirect_support
2003,Lithuania,LTU,abortion_grounds,1|2|3|4|5|6|7
2003,Luxembourg,LUX,family_planning_support,indirect_support
2003,Luxembourg,LUX,abortion_grounds,1|2|3|4|5|6
2003,Madagascar,MDG,family_planning_support,direct_support
2003,Madagascar,MDG,abortion_grounds,1
2003,Malawi,MWI,family_planning_support,direct_support
2003,Malawi,MWI,abortion_grounds,1
2003,Malaysia,MYS,family_planning_support,direct_support
2003,Malaysia,MYS,abortion_grounds,1|2|3
2003,Maldives,MDV,family_planning_support,direct_support
2003,Maldives,MDV,abortion_grounds,1|2
2003,Mali,MLI,family_planning_support,direct_support
2003,Mali,MLI,abortion_grounds,1
2003,Malta,MLT,family_planning_support,indirect_support
2003,Malta,MLT,abortion_grounds,not_permitted
2003,Marshall Islands,MHL,family_planning_support,direct_support
2003,Marshall Islands,MHL,abortion_grounds,1
2003,Mauritania,MRT,family_planning_support,direct_support
2003,Mauritania,MRT,abortion_grounds,1
2003,Mauritius,MUS,family_planning_support,direct_support
2003,Mauritius,MUS,abortion_grounds,1
2003,Mexico,MEX,family_planning_support,direct_support
2003,Mexico,MEX,abortion_grounds,1|4
2003,Micronesia (Federated States of),,family_planning_support,direct_support
2003,Micronesia (Federated States of),,abortion_grounds,1
2003,Monaco,MCO,family_planning_support,no_support
2003,Monaco,MCO,abortion_grounds,1
2003,Mongolia,MNG,family_planning_support,direct_support
2003,Mongolia,MNG,abortion_grounds,1|2|3|4|5|6|7
2003,Morocco,MAR,family_planning_support,direct_support
2003,Morocco,MAR,abortion_grounds,1|2|3
2003,Mozambique,MOZ,family_planning_support,direct_support
2003,Mozambique,MOZ,abortion_grounds,1|2|3
2003,Myanmar,MMR,family_planning_support,direct_support
2003,Myanmar,MMR,abortion_grounds,1
2003,Namibia,NAM,family_planning_support,direct_support
2003,Namibia,NAM,abortion_grounds,1|2|3|4|5
2003,Nauru,NRU,family_planning_support,direct_support
2003,Nauru,NRU,abortion_grounds,1|2|3
2003,Nepal,NPL,family_planning_support,direct_support
2003,Nepal,NPL,abortion_grounds,1|2|3|4|5|6|7
2003,Netherlands,NLD,family_planning_support,indirect_support
2003,Netherlands,NLD,abortion_grounds,1|2|3|4|5|6|7
2003,New Zealand,NZL,family_planning_support,indirect_support
2003,New Zealand,NZL,abortion_grounds,1|2|3|4|5
2003,Nicaragua,NIC,family_planning_support,direct_support
2003,Nicaragua,NIC,abortion_grounds,1
2003,Niger,NER,family_planning_support,direct_support
2003,Niger,NER,abortion_grounds,1
2003,Nigeria,NGA,family_planning_support,direct_support
2003,Nigeria,NGA,abortion_grounds,1|2|3
2003,Niue,,family_planning_support,indirect_support
2003,Niue,,abortion_grounds,1|2|3
2003,Norway,NOR,family_planning_support,direct_support
2003,Norway,NOR,abortion_grounds,1|2|3|4|5|6|7
2003,Oman,OMN,family_planning_support,no_support
2003,Oman,OMN,abortion_grounds,1
2003,Pakistan,PAK,family_planning_support,direct_support
2003,Pakistan,PAK,abortion_grounds,1|2|3
2003,Palau,PLW,family_planning_support,indirect_support
2003,Palau,PLW,abortion_grounds,1
2003,Panama,PAN,family_planning_support,direct_support
2003,Panama,PAN,abortion_grounds,1|3|4
2003,Papua New Guinea,PNG,family_planning_support,direct_support
2003,Papua New Guinea,PNG,abortion_grounds,1|2|3
2003,Paraguay,PRY,family_planning_support,direct_support
2003,Paraguay,PRY,abortion_grounds,1
2003,Peru,PER,family_planning_support,direct_support
2003,Peru,PER,abortion_grounds,1|2|3
2003,Philippines,PHL,family_planning_support,direct_support
2003,Philippines,PHL,abortion_grounds,1
2003,Poland,POL,family_planning_support,direct_support
2003,Poland,POL,abortion_grounds,1|2|3|4|5
2003,Portugal,PRT,family_planning_support,direct_support
2003,Portugal,PRT,abortion_grounds,1|2|3|4|5
2003,Qatar,QAT,family_planning_support,direct_support
2003,Qatar,QAT,abortion_grounds,1|2|3|5
2003,Republic of Korea,KOR,family_planning_support,direct_support
2003,Republic of Korea,KOR,abortion_grounds,1|2|3|4|5
2003,Republic of Moldova,MDA,family_planning_support,direct_support
2003,Republic of Moldova,MDA,abortion_grounds,1|2|3|4|5|6|7
2003,Romania,ROU,family_planning_support,direct_support
2003,Romania,ROU,abortion_grounds,1|2|3|4|5|6|7
2003,Russian Federation,RUS,family_planning_support,direct_support
2003,Russian Federation,RUS,abortion_grounds,1|2|3|4|5|6|7
2003,Rwanda,RWA,family_planning_support,direct_support
2003,Rwanda,RWA,abortion_grounds,1|2|3
2003,Saint Kitts and Nevis,KNA,family_planning_support,direct_support
2003,Saint Kitts and Nevis,KNA,abortion_grounds,1|2|3|4
2003,Saint Lucia,LCA,family_planning_support,direct_support
2003,Saint Lucia,LCA,abortion_grounds,1|2|3|4
2003,Saint Vincent and the Grenadines,VCT,family_planning_support,direct_support
2003,Saint Vincent and the Grenadines,VCT,abortion_grounds,1|2|3|4|5|6
2003,Samoa,WSM,family_planning_support,direct_support
2003,Samoa,WSM,abortion_grounds,1|2|3
2003,San Marino,SMR,family_planning_support,no_support
2003,San Marino,SMR,abortion_grounds,1
2003,Sao Tome and Principe,STP,family_planning_support,direct_support
2003,Sao Tome and Principe,STP,abortion_grounds,1
2003,Saudi Arabia,SAU,family_planning_support,indirect_support
2003,Saudi Arabia,SAU,abortion_grounds,1|2|3
2003,Senegal,SEN,family_planning_support,direct_support
2003,Senegal,SEN,abortion_grounds,1
2003,Serbia and Montenegro,,family_planning_support,indirect_support
2003,Serbia and Montenegro,,abortion_grounds,1|2|3|4|5|6|7
2003,Seychelles,SYC,family_planning_support,direct_support
2003,Seychelles,SYC,abortion_grounds,1|2|3|4|5
2003,Sierra Leone,SLE,family_planning_support,indirect_support
2003,Sierra Leone,SLE,abortion_grounds,1|2|3
2003,Singapore,SGP,family_planning_support,direct_support
2003,Singapore,SGP,abortion_grounds,1|2|3|4|5|6|7
2003,Slovakia,SVK,family_planning_support,no_support
2003,Slovakia,SVK,abortion_grounds,1|2|3|4|5|6|7
2003,Slovenia,SVN,family_planning_support,direct_support
2003,Slovenia,SVN,abortion_grounds,1|2|3|4|5|6|7
2003,Solomon Islands,SLB,family_planning_support,direct_support
2003,Solomon Islands,SLB,abortion_grounds,1
2003,Somalia,,family_planning_support,indirect_support
2003,Somalia,,abortion_grounds,1
2003,South Africa,ZAF,family_planning_support,direct_support
2003,South Africa,ZAF,abortion_grounds,1|2|3|4|5|6|7
2003,Spain,ESP,family_planning_support,direct_support
2003,Spain,ESP,abortion_grounds,1|2|3|4|5
2003,Sri Lanka,LKA,family_planning_support,direct_support
2003,Sri Lanka,LKA,abortion_grounds,1
2003,Sudan (including South Sudan),,family_planning_support,direct_support
2003,Sudan (including South Sudan),,abortion_grounds,1|4
2003,Suriname,SUR,family_planning_support,direct_support
2003,Suriname,SUR,abortion_grounds,1
2003,Swaziland,SWZ,family_planning_support,direct_support
2003,Swaziland,SWZ,abortion_grounds,1
2003,Sweden,SWE,family_planning_support,direct_support
2003,Sweden,SWE,abortion_grounds,1|2|3|4|5|6|7
2003,Switzerland,CHE,family_planning_support,no_support
2003,Switzerland,CHE,abortion_grounds,1|2|3|4|5|6|7
2003,Syrian Arab Republic,SYR,family_planning_support,direct_support
2003,Syrian Arab Republic,SYR,abortion_grounds,1
2003,Tajikistan,TJK,family_planning_support,direct_support
2003,Tajikistan,TJK,abortion_grounds,1|2|3|4|5|6|7
2003,Thailand,THA,family_planning_support,direct_support
2003,Thailand,THA,abortion_grounds,1|2|3|4
2003,The former Yugoslav Rep. of Macedonia,MKD,family_planning_support,direct_support
2003,The former Yugoslav Rep. of Macedonia,MKD,abortion_grounds,1|2|3|4|5|6|7
2003,Timor-Leste,TLS,family_planning_support,direct_support
2003,Timor-Leste,TLS,abortion_grounds,
2003,Togo,TGO,family_planning_support,direct_support
2003,Togo,TGO,abortion_grounds,1
2003,Tonga,TON,family_planning_support,direct_support
2003,Tonga,TON,abortion_grounds,1
2003,Trinidad and Tobago,TTO,family_planning_support,direct_support
2003,Trinidad and Tobago,TTO,abortion_grounds,1|2|3
2003,Tunisia,TUN,family_planning_support,direct_support
2003,Tunisia,TUN,abortion_grounds,1|2|3|4|5|6|7
2003,Turkey,TUR,family_planning_support,direct_support
2003,Turkey,TUR,abortion_grounds,1|2|3|4|5|6|7
2003,Turkmenistan,TKM,family_planning_support,no_support
2003,Turkmenistan,TKM,abortion_grounds,1|2|3|4|5|6|7
2003,Tuvalu,TUV,family_planning_support,direct_support
2003,Tuvalu,TUV,abortion_grounds,1
2003,Uganda,UGA,family_planning_support,direct_support
2003,Uganda,UGA,abortion_grounds,1|2|3
2003,Ukraine,UKR,family_planning_support,direct_support
2003,Ukraine,UKR,abortion_grounds,1|2|3|4|5|6|7
2003,United Arab Emirates,ARE,family_planning_support,no_support
2003,United Arab Emirates,ARE,abortion_grounds,1
2003,United Kingdom,GBR,family_planning_support,direct_support
2003,United Kingdom,GBR,abortion_grounds,1|2|3|5|6
2003,United Republic of Tanzania,TZA,family_planning_support,direct_support
2003,United Republic of Tanzania,TZA,abortion_grounds,1|2|3
2003,United States of America,USA,family_planning_support,direct_support
2003,United States of America,USA,abortion_grounds,1|2|3|4|5|6|7
2003,Uruguay,URY,family_planning_support,direct_support
2003,Uruguay,URY,abortion_grounds,1|2|3|4
2003,Uzbekistan,UZB,family_planning_support,direct_support
2003,Uzbekistan,UZB,abortion_grounds,1|2|3|4|5|6|7
2003,Vanuatu,VUT,family_planning_support,direct_support
2003,Vanuatu,VUT,abortion_grounds,1|2|3
2003,Venezuela (Bolivarian Republic of),,family_planning_support,direct_support
2003,Venezuela (Bolivarian Republic of),,abortion_grounds,1
2003,Viet Nam,VNM,family_planning_support,direct_support
2003,Viet Nam,VNM,abortion_grounds,1|2|3|4|5|6|7
2003,Yemen,YEM,family_planning_support,direct_support
2003,Yemen,YEM,abortion_grounds,1
2003,Zambia,ZMB,family_planning_support,direct_support
2003,Zambia,ZMB,abortion_grounds,1|2|3|5|6
2003,Zimbabwe,ZWE,family_planning_support,direct_support
2003,Zimbabwe,ZWE,abortion_grounds,1|2|4|5
2005,Afghanistan,AFG,view_on_fertility_level,too_high
2005,Afghanistan,AFG,policy_on_fertility_level,no_intervention
2005,Afghanistan,AFG,concern_about_adolescent_fertility,major_concern
2005,Afghanistan,AFG,policies_reduce_adolescent_fertility,
2005,Albania,ALB,view_on_fertility_level,satisfactory
2005,Albania,ALB,policy_on_fertility_level,maintain
2005,Albania,ALB,concern_about_adolescent_fertility,minor_concern
2005,Albania,ALB,policies_reduce_adolescent_fertility,
2005,Algeria,DZA,view_on_fertility_level,too_high
2005,Algeria,DZA,policy_on_fertility_level,lower
2005,Algeria,DZA,concern_about_adolescent_fertility,minor_concern
2005,Algeria,DZA,policies_reduce_adolescent_fertility,no
2005,Andorra,AND,view_on_fertility_level,satisfactory
2005,Andorra,AND,policy_on_fertility_level,maintain
2005,Andorra,AND,concern_about_adolescent_fertility,minor_concern
2005,Andorra,AND,policies_reduce_adolescent_fertility,yes
2005,Angola,AGO,view_on_fertility_level,too_high
2005,Angola,AGO,policy_on_fertility_level,maintain
2005,Angola,AGO,concern_about_adolescent_fertility,major_concern
2005,Angola,AGO,policies_reduce_adolescent_fertility,yes
2005,Antigua and Barbuda,ATG,view_on_fertility_level,satisfactory
2005,Antigua and Barbuda,ATG,policy_on_fertility_level,no_intervention
2005,Antigua and Barbuda,ATG,concern_about_adolescent_fertility,minor_concern
2005,Antigua and Barbuda,ATG,policies_reduce_adolescent_fertility,yes
2005,Argentina,ARG,view_on_fertility_level,satisfactory
2005,Argentina,ARG,policy_on_fertility_level,no_intervention
2005,Argentina,ARG,concern_about_adolescent_fertility,major_concern
2005,Argentina,ARG,policies_reduce_adolescent_fertility,yes
2005,Armenia,ARM,view_on_fertility_level,too_low
2005,Armenia,ARM,policy_on_fertility_level,raise
2005,Armenia,ARM,concern_about_adolescent_fertility,minor_concern
2005,Armenia,ARM,policies_reduce_adolescent_fertility,yes
2005,Australia,AUS,view_on_fertility_level,too_low
2005,Australia,AUS,policy_on_fertility_level,raise
2005,Australia,AUS,concern_about_adolescent_fertility,minor_concern
2005,Australia,AUS,policies_reduce_adolescent_fertility,yes
2005,Austria,AUT,view_on_fertility_level,too_low
2005,Austria,AUT,policy_on_fertility_level,raise
2005,Austria,AUT,concern_about_adolescent_fertility,minor_concern
2005,Austria,AUT,policies_reduce_adolescent_fertility,no
2005,Azerbaijan,AZE,view_on_fertility_level,satisfactory
2005,Azerbaijan,AZE,policy_on_fertility_level,maintain
2005,Azerbaijan,AZE,concern_about_adolescent_fertility,major_concern
2005,Azerbaijan,AZE,policies_reduce_adolescent_fertility,no
2005,Bahamas,BHS,view_on_fertility_level,satisfactory
2005,Bahamas,BHS,policy_on_fertility_level,no_intervention
2005,Bahamas,BHS,concern_about_adolescent_fertility,major_concern
2005,Bahamas,BHS,policies_reduce_adolescent_fertility,yes
2005,Bahrain,BHR,view_on_fertility_level,too_high
2005,Bahrain,BHR,policy_on_fertility_level,lower
2005,Bahrain,BHR,concern_about_adolescent_fertility,not_a_concern
2005,Bahrain,BHR,policies_reduce_adolescent_fertility,no
2005,Bangladesh,BGD,view_on_fertility_level,too_high
2005,Bangladesh,BGD,policy_on_fertility_level,lower
2005,Bangladesh,BGD,concern_about_adolescent_fertility,major_concern
2005,Bangladesh,BGD,policies_reduce_adolescent_fertility,yes
2005,Barbados,BRB,view_on_fertility_level,too_low
2005,Barbados,BRB,policy_on_fertility_level,raise
2005,Barbados,BRB,concern_about_adolescent_fertility,major_concern
2005,Barbados,BRB,policies_reduce_adolescent_fertility,yes
2005,Belarus,BLR,view_on_fertility_level,too_low
2005,Belarus,BLR,policy_on_fertility_level,raise
2005,Belarus,BLR,concern_about_adolescent_fertility,major_concern
2005,Belarus,BLR,policies_reduce_adolescent_fertility,no
2005,Belgium,BEL,view_on_fertility_level,satisfactory
2005,Belgium,BEL,policy_on_fertility_level,no_intervention
2005,Belgium,BEL,concern_about_adolescent_fertility,minor_concern
2005,Belgium,BEL,policies_reduce_adolescent_fertility,yes
2005,Belize,BLZ,view_on_fertility_level,too_high
2005,Belize,BLZ,policy_on_fertility_level,no_intervention
2005,Belize,BLZ,concern_about_adolescent_fertility,major_concern
2005,Belize,BLZ,policies_reduce_adolescent_fertility,yes
2005,Benin,BEN,view_on_fertility_level,too_high
2005,Benin,BEN,policy_on_fertility_level,lower
2005,Benin,BEN,concern_about_adolescent_fertility,major_concern
2005,Benin,BEN,policies_reduce_adolescent_fertility,yes
2005,Bhutan,BTN,view_on_fertility_level,too_high
2005,Bhutan,BTN,policy_on_fertility_level,lower
2005,Bhutan,BTN,concern_about_adolescent_fertility,
2005,Bhutan,BTN,policies_reduce_adolescent_fertility,no
2005,Bolivia (Plurinational State of),BOL,view_on_fertility_level,satisfactory
2005,Bolivia (Plurinational State of),BOL,policy_on_fertility_level,no_intervention
2005,Bolivia (Plurinational State of),BOL,concern_about_adolescent_fertility,major_concern
2005,Bolivia (Plurinational State of),BOL,policies_reduce_adolescent_fertility,yes
2005,Bosnia and Herzegovina,BIH,view_on_fertility_level,too_low
2005,Bosnia and Herzegovina,BIH,policy_on_fertility_level,no_intervention
2005,Bosnia and Herzegovina,BIH,concern_about_adolescent_fertility,
2005,Bosnia and Herzegovina,BIH,policies_reduce_adolescent_fertility,no
2005,Botswana,BWA,view_on_fertility_level,too_high
2005,Botswana,BWA,policy_on_fertility_level,lower
2005,Botswana,BWA,concern_about_adolescent_fertility,major_concern
2005,Botswana,BWA,policies_reduce_adolescent_fertility,yes
2005,Brazil,BRA,view_on_fertility_level,satisfactory
2005,Brazil,BRA,policy_on_fertility_level,no_intervention
2005,Brazil,BRA,concern_about_adolescent_fertility,major_concern
2005,Brazil,BRA,policies_reduce_adolescent_fertility,yes
2005,Brunei Darussalam,BRN,view_on_fertility_level,satisfactory
2005,Brunei Darussalam,BRN,policy_on_fertility_level,no_intervention
2005,Brunei Darussalam,BRN,concern_about_adolescent_fertility,not_a_concern
2005,Brunei Darussalam,BRN,policies_reduce_adolescent_fertility,no
2005,Bulgaria,BGR,view_on_fertility_level,too_low
2005,Bulgaria,BGR,policy_on_fertility_level,raise
2005,Bulgaria,BGR,concern_about_adolescent_fertility,major_concern
2005,Bulgaria,BGR,policies_reduce_adolescent_fertility,no
2005,Burkina Faso,BFA,view_on_fertility_level,too_high
2005,Burkina Faso,BFA,policy_on_fertility_level,lower
2005,Burkina Faso,BFA,concern_about_adolescent_fertility,major_concern
2005,Burkina Faso,BFA,policies_reduce_adolescent_fertility,yes
2005,Burundi,BDI,view_on_fertility_level,too_high
2005,Burundi,BDI,policy_on_fertility_level,lower
2005,Burundi,BDI,concern_about_adolescent_fertility,not_a_concern
2005,Burundi,BDI,policies_reduce_adolescent_fertility,no
2005,Cabo Verde,CPV,view_on_fertility_level,too_high
2005,Cabo Verde,CPV,policy_on_fertility_level,lower
2005,Cabo Verde,CPV,concern_about_adolescent_fertility,major_concern
2005,Cabo Verde,CPV,policies_reduce_adolescent_fertility,yes
2005,Cambodia,KHM,view_on_fertility_level,too_high
2005,Cambodia,KHM,policy_on_fertility_level,lower
2005,Cambodia,KHM,concern_about_adolescent_fertility,not_a_concern
2005,Cambodia,KHM,policies_reduce_adolescent_fertility,no
2005,Cameroon,CMR,view_on_fertility_level,too_high
2005,Cameroon,CMR,policy_on_fertility_level,lower
2005,Cameroon,CMR,concern_about_adolescent_fertility,major_concern
2005,Cameroon,CMR,policies_reduce_adolescent_fertility,yes
2005,Canada,CAN,view_on_fertility_level,too_low
2005,Canada,CAN,policy_on_fertility_level,no_intervention
2005,Canada,CAN,concern_about_adolescent_fertility,major_concern
2005,Canada,CAN,policies_reduce_adolescent_fertility,yes
2005,Central African Republic,CAF,view_on_fertility_level,satisfactory
2005,Central African Republic,CAF,policy_on_fertility_level,no_intervention
2005,Central African Republic,CAF,concern_about_adolescent_fertility,minor_concern
2005,Central African Republic,CAF,policies_reduce_adolescent_fertility,yes
2005,Chad,TCD,view_on_fertility_level,satisfactory
2005,Chad,TCD,policy_on_fertility_level,no_intervention
2005,Chad,TCD,concern_about_adolescent_fertility,minor_concern
2005,Chad,TCD,policies_reduce_adolescent_fertility,yes
2005,Chile,CHL,view_on_fertility_level,satisfactory
2005,Chile,CHL,policy_on_fertility_level,no_intervention
2005,Chile,CHL,concern_about_adolescent_fertility,major_concern
2005,Chile,CHL,policies_reduce_adolescent_fertility,yes
2005,China,CHN,view_on_fertility_level,satisfactory
2005,China,CHN,policy_on_fertility_level,maintain
2005,China,CHN,concern_about_adolescent_fertility,minor_concern
2005,China,CHN,policies_reduce_adolescent_fertility,no
2005,Colombia,COL,view_on_fertility_level,too_high
2005,Colombia,COL,policy_on_fertility_level,lower
2005,Colombia,COL,concern_about_adolescent_fertility,major_concern
2005,Colombia,COL,policies_reduce_adolescent_fertility,yes
2005,Comoros,COM,view_on_fertility_level,too_high
2005,Comoros,COM,policy_on_fertility_level,lower
2005,Comoros,COM,concern_about_adolescent_fertility,major_concern
2005,Comoros,COM,policies_reduce_adolescent_fertility,yes
2005,Congo,,view_on_fertility_level,too_high
2005,Congo,,policy_on_fertility_level,lower
2005,Congo,,concern_about_adolescent_fertility,major_concern
2005,Congo,,policies_reduce_adolescent_fertility,yes
2005,Cook Islands,,view_on_fertility_level,too_low
2005,Cook Islands,,policy_on_fertility_level,raise
2005,Cook Islands,,concern_about_adolescent_fertility,major_concern
2005,Cook Islands,,policies_reduce_adolescent_fertility,no
2005,Costa Rica,CRI,view_on_fertility_level,satisfactory
2005,Costa Rica,CRI,policy_on_fertility_level,lower
2005,Costa Rica,CRI,concern_about_adolescent_fertility,major_concern
2005,Costa Rica,CRI,policies_reduce_adolescent_fertility,yes
2005,Côte d'Ivoire,CIV,view_on_fertility_level,too_high
2005,Côte d'Ivoire,CIV,policy_on_fertility_level,lower
2005,Côte d'Ivoire,CIV,concern_about_adolescent_fertility,major_concern
2005,Côte d'Ivoire,CIV,policies_reduce_adolescent_fertility,yes
2005,Croatia,HRV,view_on_fertility_level,too_low
2005,Croatia,HRV,policy_on_fertility_level,raise
2005,Croatia,HRV,concern_about_adolescent_fertility,minor_concern
2005,Croatia,HRV,policies_reduce_adolescent_fertility,yes
2005,Cuba,CUB,view_on_fertility_level,satisfactory
2005,Cuba,CUB,policy_on_fertility_level,no_intervention
2005,Cuba,CUB,concern_about_adolescent_fertility,major_concern
2005,Cuba,CUB,policies_reduce_adolescent_fertility,yes
2005,Cyprus,CYP,view_on_fertility_level,too_low
2005,Cyprus,CYP,policy_on_fertility_level,raise
2005,Cyprus,CYP,concern_about_adolescent_fertility,minor_concern
2005,Cyprus,CYP,policies_reduce_adolescent_fertility,yes
2005,Czech Republic,CZE,view_on_fertility_level,too_low
2005,Czech Republic,CZE,policy_on_fertility_level,raise
2005,Czech Republic,CZE,concern_about_adolescent_fertility,not_a_concern
2005,Czech Republic,CZE,policies_reduce_adolescent_fertility,no
2005,Democratic People's Republic of Korea,PRK,view_on_fertility_level,too_low
2005,Democratic People's Republic of Korea,PRK,policy_on_fertility_level,no_intervention
2005,Democratic People's Republic of Korea,PRK,concern_about_adolescent_fertility,not_a_concern
2005,Democratic People's Republic of Korea,PRK,policies_reduce_adolescent_fertility,no
2005,Democratic Republic of the Congo,,view_on_fertility_level,satisfactory
2005,Democratic Republic of the Congo,,policy_on_fertility_level,no_intervention
2005,Democratic Republic of the Congo,,concern_about_adolescent_fertility,minor_concern
2005,Democratic Republic of the Congo,,policies_reduce_adolescent_fertility,yes
2005,Denmark,DNK,view_on_fertility_level,satisfactory
2005,Denmark,DNK,policy_on_fertility_level,no_intervention
2005,Denmark,DNK,concern_about_adolescent_fertility,minor_concern
2005,Denmark,DNK,policies_reduce_adolescent_fertility,yes
2005,Djibouti,DJI,view_on_fertility_level,too_high
2005,Djibouti,DJI,policy_on_fertility_level,no_intervention
2005,Djibouti,DJI,concern_about_adolescent_fertility,not_a_concern
2005,Djibouti,DJI,policies_reduce_adolescent_fertility,no
2005,Dominica,DMA,view_on_fertility_level,satisfactory
2005,Dominica,DMA,policy_on_fertility_level,no_intervention
2005,Dominica,DMA,concern_about_adolescent_fertility,major_concern
2005,Dominica,DMA,policies_reduce_adolescent_fertility,yes
2005,Dominican Republic,DOM,view_on_fertility_level,too_high
2005,Dominican Republic,DOM,policy_on_fertility_level,lower
2005,Dominican Republic,DOM,concern_about_adolescent_fertility,major_concern
2005,Dominican Republic,DOM,policies_reduce_adolescent_fertility,yes
2005,Ecuador,ECU,view_on_fertility_level,satisfactory
2005,Ecuador,ECU,policy_on_fertility_level,maintain
2005,Ecuador,ECU,concern_about_adolescent_fertility,major_concern
2005,Ecuador,ECU,policies_reduce_adolescent_fertility,yes
2005,Egypt,EGY,view_on_fertility_level,too_high
2005,Egypt,EGY,policy_on_fertility_level,lower
2005,Egypt,EGY,concern_about_adolescent_fertility,minor_concern
2005,Egypt,EGY,policies_reduce_adolescent_fertility,yes
2005,El Salvador,SLV,view_on_fertility_level,satisfactory
2005,El Salvador,SLV,policy_on_fertility_level,no_intervention
2005,El Salvador,SLV,concern_about_adolescent_fertility,major_concern
2005,El Salvador,SLV,policies_reduce_adolescent_fertility,yes
2005,Equatorial Guinea,GNQ,view_on_fertility_level,satisfactory
2005,Equatorial Guinea,GNQ,policy_on_fertility_level,maintain
2005,Equatorial Guinea,GNQ,concern_about_adolescent_fertility,major_concern
2005,Equatorial Guinea,GNQ,policies_reduce_adolescent_fertility,yes
2005,Eritrea,ERI,view_on_fertility_level,too_high
2005,Eritrea,ERI,policy_on_fertility_level,lower
2005,Eritrea,ERI,concern_about_adolescent_fertility,minor_concern
2005,Eritrea,ERI,policies_reduce_adolescent_fertility,yes
2005,Estonia,EST,view_on_fertility_level,too_low
2005,Estonia,EST,policy_on_fertility_level,raise
2005,Estonia,EST,concern_about_adolescent_fertility,minor_concern
2005,Estonia,EST,policies_reduce_adolescent_fertility,yes
2005,Ethiopia,ETH,view_on_fertility_level,too_high
2005,Ethiopia,ETH,policy_on_fertility_level,lower
2005,Ethiopia,ETH,concern_about_adolescent_fertility,major_concern
2005,Ethiopia,ETH,policies_reduce_adolescent_fertility,no
2005,Fiji,FJI,view_on_fertility_level,satisfactory
2005,Fiji,FJI,policy_on_fertility_level,lower
2005,Fiji,FJI,concern_about_adolescent_fertility,minor_concern
2005,Fiji,FJI,policies_reduce_adolescent_fertility,yes
2005,Finland,FIN,view_on_fertility_level,too_low
2005,Finland,FIN,policy_on_fertility_level,raise
2005,Finland,FIN,concern_about_adolescent_fertility,minor_concern
2005,Finland,FIN,policies_reduce_adolescent_fertility,yes
2005,France,FRA,view_on_fertility_level,too_low
2005,France,FRA,policy_on_fertility_level,raise
2005,France,FRA,concern_about_adolescent_fertility,minor_concern
2005,France,FRA,policies_reduce_adolescent_fertility,yes
2005,Gabon,GAB,view_on_fertility_level,too_low
2005,Gabon,GAB,policy_on_fertility_level,raise
2005,Gabon,GAB,concern_about_adolescent_fertility,minor_concern
2005,Gabon,GAB,policies_reduce_adolescent_fertility,yes
2005,Gambia,GMB,view_on_fertility_level,too_high
2005,Gambia,GMB,policy_on_fertility_level,lower
2005,Gambia,GMB,concern_about_adolescent_fertility,major_concern
2005,Gambia,GMB,policies_reduce_adolescent_fertility,yes
2005,Georgia,GEO,view_on_fertility_level,too_low
2005,Georgia,GEO,policy_on_fertility_level,raise
2005,Georgia,GEO,concern_about_adolescent_fertility,minor_concern
2005,Georgia,GEO,policies_reduce_adolescent_fertility,yes
2005,Germany,DEU,view_on_fertility_level,too_low
2005,Germany,DEU,policy_on_fertility_level,no_intervention
2005,Germany,DEU,concern_about_adolescent_fertility,major_concern
2005,Germany,DEU,policies_reduce_adolescent_fertility,yes
2005,Ghana,GHA,view_on_fertility_level,too_high
2005,Ghana,GHA,policy_on_fertility_level,lower
2005,Ghana,GHA,concern_about_adolescent_fertility,major_concern
2005,Ghana,GHA,policies_reduce_adolescent_fertility,yes
2005,Greece,GRC,view_on_fertility_level,too_low
2005,Greece,GRC,policy_on_fertility_level,raise
2005,Greece,GRC,concern_about_adolescent_fertility,major_concern
2005,Greece,GRC,policies_reduce_adolescent_fertility,yes
2005,Grenada,GRD,view_on_fertility_level,too_high
2005,Grenada,GRD,policy_on_fertility_level,lower
2005,Grenada,GRD,concern_about_adolescent_fertility,major_concern
2005,Grenada,GRD,policies_reduce_adolescent_fertility,yes
2005,Guatemala,GTM,view_on_fertility_level,too_high
2005,Guatemala,GTM,policy_on_fertility_level,lower
2005,Guatemala,GTM,concern_about_adolescent_fertility,major_concern
2005,Guatemala,GTM,policies_reduce_adolescent_fertility,yes
2005,Guinea,GIN,view_on_fertility_level,too_high
2005,Guinea,GIN,policy_on_fertility_level,lower
2005,Guinea,GIN,concern_about_adolescent_fertility,minor_concern
2005,Guinea,GIN,policies_reduce_adolescent_fertility,no
2005,Guinea-Bissau,GNB,view_on_fertility_level,too_high
2005,Guinea-Bissau,GNB,policy_on_fertility_level,no_intervention
2005,Guinea-Bissau,GNB,concern_about_adolescent_fertility,major_concern
2005,Guinea-Bissau,GNB,policies_reduce_adolescent_fertility,yes
2005,Guyana,GUY,view_on_fertility_level,satisfactory
2005,Guyana,GUY,policy_on_fertility_level,no_intervention
2005,Guyana,GUY,concern_about_adolescent_fertility,major_concern
2005,Guyana,GUY,policies_reduce_adolescent_fertility,yes
2005,Haiti,HTI,view_on_fertility_level,too_high
2005,Haiti,HTI,policy_on_fertility_level,lower
2005,Haiti,HTI,concern_about_adolescent_fertility,minor_concern
2005,Haiti,HTI,policies_reduce_adolescent_fertility,
2005,Holy See,,view_on_fertility_level,satisfactory
2005,Holy See,,policy_on_fertility_level,no_intervention
2005,Holy See,,concern_about_adolescent_fertility,
2005,Holy See,,policies_reduce_adolescent_fertility,
2005,Honduras,HND,view_on_fertility_level,too_high
2005,Honduras,HND,policy_on_fertility_level,lower
2005,Honduras,HND,concern_about_adolescent_fertility,major_concern
2005,Honduras,HND,policies_reduce_adolescent_fertility,yes
2005,Hungary,HUN,view_on_fertility_level,too_low
2005,Hungary,HUN,policy_on_fertility_level,raise
2005,Hungary,HUN,concern_about_adolescent_fertility,minor_concern
2005,Hungary,HUN,policies_reduce_adolescent_fertility,no
2005,Iceland,ISL,view_on_fertility_level,satisfactory
2005,Iceland,ISL,policy_on_fertility_level,maintain
2005,Iceland,ISL,concern_about_adolescent_fertility,
2005,Iceland,ISL,policies_reduce_adolescent_fertility,no
2005,India,IND,view_on_fertility_level,too_high
2005,India,IND,policy_on_fertility_level,lower
2005,India,IND,concern_about_adolescent_fertility,major_concern
2005,India,IND,policies_reduce_adolescent_fertility,yes
2005,Indonesia,IDN,view_on_fertility_level,too_high
2005,Indonesia,IDN,policy_on_fertility_level,lower
2005,Indonesia,IDN,concern_about_adolescent_fertility,major_concern
2005,Indonesia,IDN,policies_reduce_adolescent_fertility,yes
2005,Iran (Islamic Republic of),,view_on_fertility_level,too_high
2005,Iran (Islamic Republic of),,policy_on_fertility_level,lower
2005,Iran (Islamic Republic of),,concern_about_adolescent_fertility,major_concern
2005,Iran (Islamic Republic of),,policies_reduce_adolescent_fertility,yes
2005,Iraq,IRQ,view_on_fertility_level,satisfactory
2005,Iraq,IRQ,policy_on_fertility_level,no_intervention
2005,Iraq,IRQ,concern_about_adolescent_fertility,minor_concern
2005,Iraq,IRQ,policies_reduce_adolescent_fertility,no
2005,Ireland,IRL,view_on_fertility_level,satisfactory
2005,Ireland,IRL,policy_on_fertility_level,maintain
2005,Ireland,IRL,concern_about_adolescent_fertility,major_concern
2005,Ireland,IRL,policies_reduce_adolescent_fertility,yes
2005,Israel,ISR,view_on_fertility_level,too_low
2005,Israel,ISR,policy_on_fertility_level,raise
2005,Israel,ISR,concern_about_adolescent_fertility,not_a_concern
2005,Israel,ISR,policies_reduce_adolescent_fertility,yes
2005,Italy,ITA,view_on_fertility_level,too_low
2005,Italy,ITA,policy_on_fertility_level,raise
2005,Italy,ITA,concern_about_adolescent_fertility,not_a_concern
2005,Italy,ITA,policies_reduce_adolescent_fertility,no
2005,Jamaica,JAM,view_on_fertility_level,too_high
2005,Jamaica,JAM,policy_on_fertility_level,lower
2005,Jamaica,JAM,concern_about_adolescent_fertility,major_concern
2005,Jamaica,JAM,policies_reduce_adolescent_fertility,yes
2005,Japan,JPN,view_on_fertility_level,too_low
2005,Japan,JPN,policy_on_fertility_level,raise
2005,Japan,JPN,concern_about_adolescent_fertility,minor_concern
2005,Japan,JPN,policies_reduce_adolescent_fertility,no
2005,Jordan,JOR,view_on_fertility_level,too_high
2005,Jordan,JOR,policy_on_fertility_level,lower
2005,Jordan,JOR,concern_about_adolescent_fertility,not_a_concern
2005,Jordan,JOR,policies_reduce_adolescent_fertility,no
2005,Kazakhstan,KAZ,view_on_fertility_level,too_low
2005,Kazakhstan,KAZ,policy_on_fertility_level,raise
2005,Kazakhstan,KAZ,concern_about_adolescent_fertility,major_concern
2005,Kazakhstan,KAZ,policies_reduce_adolescent_fertility,yes
2005,Kenya,KEN,view_on_fertility_level,too_high
2005,Kenya,KEN,policy_on_fertility_level,lower
2005,Kenya,KEN,concern_about_adolescent_fertility,major_concern
2005,Kenya,KEN,policies_reduce_adolescent_fertility,yes
2005,Kiribati,KIR,view_on_fertility_level,too_high
2005,Kiribati,KIR,policy_on_fertility_level,lower
2005,Kiribati,KIR,concern_about_adolescent_fertility,minor_concern
2005,Kiribati,KIR,policies_reduce_adolescent_fertility,yes
2005,Kuwait,KWT,view_on_fertility_level,too_low
2005,Kuwait,KWT,policy_on_fertility_level,raise
2005,Kuwait,KWT,concern_about_adolescent_fertility,minor_concern
2005,Kuwait,KWT,policies_reduce_adolescent_fertility,yes
2005,Kyrgyzstan,KGZ,view_on_fertility_level,satisfactory
2005,Kyrgyzstan,KGZ,policy_on_fertility_level,maintain
2005,Kyrgyzstan,KGZ,concern_about_adolescent_fertility,major_concern
2005,Kyrgyzstan,KGZ,policies_reduce_adolescent_fertility,yes
2005,Lao People's Democratic Republic,,view_on_fertility_level,too_high
2005,Lao People's Democratic Republic,,policy_on_fertility_level,lower
2005,Lao People's Democratic Republic,,concern_about_adolescent_fertility,minor_concern
2005,Lao People's Democratic Republic,,policies_reduce_adolescent_fertility,yes
2005,Latvia,LVA,view_on_fertility_level,too_low
2005,Latvia,LVA,policy_on_fertility_level,raise
2005,Latvia,LVA,concern_about_adolescent_fertility,major_concern
2005,Latvia,LVA,policies_reduce_adolescent_fertility,yes
2005,Lebanon,LBN,view_on_fertility_level,too_high
2005,Lebanon,LBN,policy_on_fertility_level,lower
2005,Lebanon,LBN,concern_about_adolescent_fertility,minor_concern
2005,Lebanon,LBN,policies_reduce_adolescent_fertility,yes
2005,Lesotho,LSO,view_on_fertility_level,too_high
2005,Lesotho,LSO,policy_on_fertility_level,lower
2005,Lesotho,LSO,concern_about_adolescent_fertility,major_concern
2005,Lesotho,LSO,policies_reduce_adolescent_fertility,yes
2005,Liberia,LBR,view_on_fertility_level,too_high
2005,Liberia,LBR,policy_on_fertility_level,lower
2005,Liberia,LBR,concern_about_adolescent_fertility,major_concern
2005,Liberia,LBR,policies_reduce_adolescent_fertility,yes
2005,Libya,LBY,view_on_fertility_level,satisfactory
2005,Libya,LBY,policy_on_fertility_level,no_intervention
2005,Libya,LBY,concern_about_adolescent_fertility,minor_concern
2005,Libya,LBY,policies_reduce_adolescent_fertility,yes
2005,Liechtenstein,LIE,view_on_fertility_level,too_low
2005,Liechtenstein,LIE,policy_on_fertility_level,no_intervention
2005,Liechtenstein,LIE,concern_about_adolescent_fertility,not_a_concern
2005,Liechtenstein,LIE,policies_reduce_adolescent_fertility,no
2005,Lithuania,LTU,view_on_fertility_level,too_low
2005,Lithuania,LTU,policy_on_fertility_level,raise
2005,Lithuania,LTU,concern_about_adolescent_fertility,major_concern
2005,Lithuania,LTU,policies_reduce_adolescent_fertility,yes
2005,Luxembourg,LUX,view_on_fertility_level,satisfactory
2005,Luxembourg,LUX,policy_on_fertility_level,maintain
2005,Luxembourg,LUX,concern_about_adolescent_fertility,
2005,Luxembourg,LUX,policies_reduce_adolescent_fertility,
2005,Madagascar,MDG,view_on_fertility_level,too_high
2005,Madagascar,MDG,policy_on_fertility_level,lower
2005,Madagascar,MDG,concern_about_adolescent_fertility,major_concern
2005,Madagascar,MDG,policies_reduce_adolescent_fertility,yes
2005,Malawi,MWI,view_on_fertility_level,too_high
2005,Malawi,MWI,policy_on_fertility_level,lower
2005,Malawi,MWI,concern_about_adolescent_fertility,major_concern
2005,Malawi,MWI,policies_reduce_adolescent_fertility,yes
2005,Malaysia,MYS,view_on_fertility_level,satisfactory
2005,Malaysia,MYS,policy_on_fertility_level,no_intervention
2005,Malaysia,MYS,concern_about_adolescent_fertility,major_concern
2005,Malaysia,MYS,policies_reduce_adolescent_fertility,yes
2005,Maldives,MDV,view_on_fertility_level,too_high
2005,Maldives,MDV,policy_on_fertility_level,lower
2005,Maldives,MDV,concern_about_adolescent_fertility,major_concern
2005,Maldives,MDV,policies_reduce_adolescent_fertility,yes
2005,Mali,MLI,view_on_fertility_level,too_high
2005,Mali,MLI,policy_on_fertility_level,lower
2005,Mali,MLI,concern_about_adolescent_fertility,minor_concern
2005,Mali,MLI,policies_reduce_adolescent_fertility,no
2005,Malta,MLT,view_on_fertility_level,too_low
2005,Malta,MLT,policy_on_fertility_level,no_intervention
2005,Malta,MLT,concern_about_adolescent_fertility,minor_concern
2005,Malta,MLT,policies_reduce_adolescent_fertility,yes
2005,Marshall Islands,MHL,view_on_fertility_level,too_high
2005,Marshall Islands,MHL,policy_on_fertility_level,lower
2005,Marshall Islands,MHL,concern_about_adolescent_fertility,major_concern
2005,Marshall Islands,MHL,policies_reduce_adolescent_fertility,yes
2005,Mauritania,MRT,view_on_fertility_level,too_high
2005,Mauritania,MRT,policy_on_fertility_level,lower
2005,Mauritania,MRT,concern_about_adolescent_fertility,minor_concern
2005,Mauritania,MRT,policies_reduce_adolescent_fertility,no
2005,Mauritius,MUS,view_on_fertility_level,satisfactory
2005,Mauritius,MUS,policy_on_fertility_level,maintain
2005,Mauritius,MUS,concern_about_adolescent_fertility,major_concern
2005,Mauritius,MUS,policies_reduce_adolescent_fertility,yes
2005,Mexico,MEX,view_on_fertility_level,satisfactory
2005,Mexico,MEX,policy_on_fertility_level,lower
2005,Mexico,MEX,concern_about_adolescent_fertility,major_concern
2005,Mexico,MEX,policies_reduce_adolescent_fertility,yes
2005,Micronesia (Federated States of),,view_on_fertility_level,too_high
2005,Micronesia (Federated States of),,policy_on_fertility_level,lower
2005,Micronesia (Federated States of),,concern_about_adolescent_fertility,major_concern
2005,Micronesia (Federated States of),,policies_reduce_adolescent_fertility,yes
2005,Monaco,MCO,view_on_fertility_level,satisfactory
2005,Monaco,MCO,policy_on_fertility_level,maintain
2005,Monaco,MCO,concern_about_adolescent_fertility,not_a_concern
2005,Monaco,MCO,policies_reduce_adolescent_fertility,no
2005,Mongolia,MNG,view_on_fertility_level,too_low
2005,Mongolia,MNG,policy_on_fertility_level,raise
2005,Mongolia,MNG,concern_about_adolescent_fertility,major_concern
2005,Mongolia,MNG,policies_reduce_adolescent_fertility,yes
2005,Morocco,MAR,view_on_fertility_level,satisfactory
2005,Morocco,MAR,policy_on_fertility_level,lower
2005,Morocco,MAR,concern_about_adolescent_fertility,minor_concern
2005,Morocco,MAR,policies_reduce_adolescent_fertility,yes
2005,Mozambique,MOZ,view_on_fertility_level,too_high
2005,Mozambique,MOZ,policy_on_fertility_level,lower
2005,Mozambique,MOZ,concern_about_adolescent_fertility,major_concern
2005,Mozambique,MOZ,policies_reduce_adolescent_fertility,yes
2005,Myanmar,MMR,view_on_fertility_level,satisfactory
2005,Myanmar,MMR,policy_on_fertility_level,maintain
2005,Myanmar,MMR,concern_about_adolescent_fertility,major_concern
2005,Myanmar,MMR,policies_reduce_adolescent_fertility,yes
2005,Namibia,NAM,view_on_fertility_level,satisfactory
2005,Namibia,NAM,policy_on_fertility_level,lower
2005,Namibia,NAM,concern_about_adolescent_fertility,major_concern
2005,Namibia,NAM,policies_reduce_adolescent_fertility,yes
2005,Nauru,NRU,view_on_fertility_level,satisfactory
2005,Nauru,NRU,policy_on_fertility_level,maintain
2005,Nauru,NRU,concern_about_adolescent_fertility,
2005,Nauru,NRU,policies_reduce_adolescent_fertility,
2005,Nepal,NPL,view_on_fertility_level,too_high
2005,Nepal,NPL,policy_on_fertility_level,lower
2005,Nepal,NPL,concern_about_adolescent_fertility,major_concern
2005,Nepal,NPL,policies_reduce_adolescent_fertility,yes
2005,Netherlands,NLD,view_on_fertility_level,satisfactory
2005,Netherlands,NLD,policy_on_fertility_level,no_intervention
2005,Netherlands,NLD,concern_about_adolescent_fertility,major_concern
2005,Netherlands,NLD,policies_reduce_adolescent_fertility,yes
2005,New Zealand,NZL,view_on_fertility_level,satisfactory
2005,New Zealand,NZL,policy_on_fertility_level,maintain
2005,New Zealand,NZL,concern_about_adolescent_fertility,major_concern
2005,New Zealand,NZL,policies_reduce_adolescent_fertility,yes
2005,Nicaragua,NIC,view_on_fertility_level,too_high
2005,Nicaragua,NIC,policy_on_fertility_level,lower
2005,Nicaragua,NIC,concern_about_adolescent_fertility,major_concern
2005,Nicaragua,NIC,policies_reduce_adolescent_fertility,yes
2005,Niger,NER,view_on_fertility_level,too_high
2005,Niger,NER,policy_on_fertility_level,lower
2005,Niger,NER,concern_about_adolescent_fertility,major_concern
2005,Niger,NER,policies_reduce_adolescent_fertility,yes
2005,Nigeria,NGA,view_on_fertility_level,too_high
2005,Nigeria,NGA,policy_on_fertility_level,lower
2005,Nigeria,NGA,concern_about_adolescent_fertility,major_concern
2005,Nigeria,NGA,policies_reduce_adolescent_fertility,
2005,Niue,,view_on_fertility_level,too_low
2005,Niue,,policy_on_fertility_level,raise
2005,Niue,,concern_about_adolescent_fertility,major_concern
2005,Niue,,policies_reduce_adolescent_fertility,yes
2005,Norway,NOR,view_on_fertility_level,satisfactory
2005,Norway,NOR,policy_on_fertility_level,maintain
2005,Norway,NOR,concern_about_adolescent_fertility,minor_concern
2005,Norway,NOR,policies_reduce_adolescent_fertility,yes
2005,Oman,OMN,view_on_fertility_level,too_high
2005,Oman,OMN,policy_on_fertility_level,lower
2005,Oman,OMN,concern_about_adolescent_fertility,minor_concern
2005,Oman,OMN,policies_reduce_adolescent_fertility,yes
2005,Pakistan,PAK,view_on_fertility_level,too_high
2005,Pakistan,PAK,policy_on_fertility_level,lower
2005,Pakistan,PAK,concern_about_adolescent_fertility,major_concern
2005,Pakistan,PAK,policies_reduce_adolescent_fertility,yes
2005,Palau,PLW,view_on_fertility_level,satisfactory
2005,Palau,PLW,policy_on_fertility_level,no_intervention
2005,Palau,PLW,concern_about_adolescent_fertility,minor_concern
2005,Palau,PLW,policies_reduce_adolescent_fertility,no
2005,Panama,PAN,view_on_fertility_level,satisfactory
2005,Panama,PAN,policy_on_fertility_level,maintain
2005,Panama,PAN,concern_about_adolescent_fertility,major_concern
2005,Panama,PAN,policies_reduce_adolescent_fertility,yes
2005,Papua New Guinea,PNG,view_on_fertility_level,too_high
2005,Papua New Guinea,PNG,policy_on_fertility_level,lower
2005,Papua New Guinea,PNG,concern_about_adolescent_fertility,major_concern
2005,Papua New Guinea,PNG,policies_reduce_adolescent_fertility,yes
2005,Paraguay,PRY,view_on_fertility_level,too_high
2005,Paraguay,PRY,policy_on_fertility_level,no_intervention
2005,Paraguay,PRY,concern_about_adolescent_fertility,major_concern
2005,Paraguay,PRY,policies_reduce_adolescent_fertility,
2005,Peru,PER,view_on_fertility_level,too_high
2005,Peru,PER,policy_on_fertility_level,lower
2005,Peru,PER,concern_about_adolescent_fertility,major_concern
2005,Peru,PER,policies_reduce_adolescent_fertility,yes
2005,Philippines,PHL,view_on_fertility_level,too_high
2005,Philippines,PHL,policy_on_fertility_level,lower
2005,Philippines,PHL,concern_about_adolescent_fertility,major_concern
2005,Philippines,PHL,policies_reduce_adolescent_fertility,yes
2005,Poland,POL,view_on_fertility_level,too_low
2005,Poland,POL,policy_on_fertility_level,no_intervention
2005,Poland,POL,concern_about_adolescent_fertility,major_concern
2005,Poland,POL,policies_reduce_adolescent_fertility,no
2005,Portugal,PRT,view_on_fertility_level,too_low
2005,Portugal,PRT,policy_on_fertility_level,raise
2005,Portugal,PRT,concern_about_adolescent_fertility,major_concern
2005,Portugal,PRT,policies_reduce_adolescent_fertility,yes
2005,Qatar,QAT,view_on_fertility_level,satisfactory
2005,Qatar,QAT,policy_on_fertility_level,maintain
2005,Qatar,QAT,concern_about_adolescent_fertility,
2005,Qatar,QAT,policies_reduce_adolescent_fertility,no
2005,Republic of Korea,KOR,view_on_fertility_level,too_low
2005,Republic of Korea,KOR,policy_on_fertility_level,raise
2005,Republic of Korea,KOR,concern_about_adolescent_fertility,major_concern
2005,Republic of Korea,KOR,policies_reduce_adolescent_fertility,yes
2005,Republic of Moldova,MDA,view_on_fertility_level,too_low
2005,Republic of Moldova,MDA,policy_on_fertility_level,raise
2005,Republic of Moldova,MDA,concern_about_adolescent_fertility,not_a_concern
2005,Republic of Moldova,MDA,policies_reduce_adolescent_fertility,no
2005,Romania,ROU,view_on_fertility_level,too_low
2005,Romania,ROU,policy_on_fertility_level,raise
2005,Romania,ROU,concern_about_adolescent_fertility,minor_concern
2005,Romania,ROU,policies_reduce_adolescent_fertility,yes
2005,Russian Federation,RUS,view_on_fertility_level,too_low
2005,Russian Federation,RUS,policy_on_fertility_level,raise
2005,Russian Federation,RUS,concern_about_adolescent_fertility,major_concern
2005,Russian Federation,RUS,policies_reduce_adolescent_fertility,no
2005,Rwanda,RWA,view_on_fertility_level,too_high
2005,Rwanda,RWA,policy_on_fertility_level,lower
2005,Rwanda,RWA,concern_about_adolescent_fertility,major_concern
2005,Rwanda,RWA,policies_reduce_adolescent_fertility,yes
2005,Saint Kitts and Nevis,KNA,view_on_fertility_level,satisfactory
2005,Saint Kitts and Nevis,KNA,policy_on_fertility_level,no_intervention
2005,Saint Kitts and Nevis,KNA,concern_about_adolescent_fertility,minor_concern
2005,Saint Kitts and Nevis,KNA,policies_reduce_adolescent_fertility,yes
2005,Saint Lucia,LCA,view_on_fertility_level,too_high
2005,Saint Lucia,LCA,policy_on_fertility_level,lower
2005,Saint Lucia,LCA,concern_about_adolescent_fertility,major_concern
2005,Saint Lucia,LCA,policies_reduce_adolescent_fertility,yes
2005,Saint Vincent and the Grenadines,VCT,view_on_fertility_level,satisfactory
2005,Saint Vincent and the Grenadines,VCT,policy_on_fertility_level,maintain
2005,Saint Vincent and the Grenadines,VCT,concern_about_adolescent_fertility,major_concern
2005,Saint Vincent and the Grenadines,VCT,policies_reduce_adolescent_fertility,yes
2005,Samoa,WSM,view_on_fertility_level,too_high
2005,Samoa,WSM,policy_on_fertility_level,lower
2005,Samoa,WSM,concern_about_adolescent_fertility,major_concern
2005,Samoa,WSM,policies_reduce_adolescent_fertility,yes
2005,San Marino,SMR,view_on_fertility_level,satisfactory
2005,San Marino,SMR,policy_on_fertility_level,no_intervention
2005,San Marino,SMR,concern_about_adolescent_fertility,not_a_concern
2005,San Marino,SMR,policies_reduce_adolescent_fertility,no
2005,Sao Tome and Principe,STP,view_on_fertility_level,too_high
2005,Sao Tome and Principe,STP,policy_on_fertility_level,no_intervention
2005,Sao Tome and Principe,STP,concern_about_adolescent_fertility,not_a_concern
2005,Sao Tome and Principe,STP,policies_reduce_adolescent_fertility,
2005,Saudi Arabia,SAU,view_on_fertility_level,satisfactory
2005,Saudi Arabia,SAU,policy_on_fertility_level,raise
2005,Saudi Arabia,SAU,concern_about_adolescent_fertility,major_concern
2005,Saudi Arabia,SAU,policies_reduce_adolescent_fertility,yes
2005,Senegal,SEN,view_on_fertility_level,too_high
2005,Senegal,SEN,policy_on_fertility_level,lower
2005,Senegal,SEN,concern_about_adolescent_fertility,major_concern
2005,Senegal,SEN,policies_reduce_adolescent_fertility,yes
2005,Serbia and Montenegro,,view_on_fertility_level,too_low
2005,Serbia and Montenegro,,policy_on_fertility_level,raise
2005,Serbia and Montenegro,,concern_about_adolescent_fertility,minor_concern
2005,Serbia and Montenegro,,policies_reduce_adolescent_fertility,no
2005,Seychelles,SYC,view_on_fertility_level,satisfactory
2005,Seychelles,SYC,policy_on_fertility_level,no_intervention
2005,Seychelles,SYC,concern_about_adolescent_fertility,major_concern
2005,Seychelles,SYC,policies_reduce_adolescent_fertility,yes
2005,Sierra Leone,SLE,view_on_fertility_level,too_high
2005,Sierra Leone,SLE,policy_on_fertility_level,lower
2005,Sierra Leone,SLE,concern_about_adolescent_fertility,major_concern
2005,Sierra Leone,SLE,policies_reduce_adolescent_fertility,yes
2005,Singapore,SGP,view_on_fertility_level,too_low
2005,Singapore,SGP,policy_on_fertility_level,raise
2005,Singapore,SGP,concern_about_adolescent_fertility,minor_concern
2005,Singapore,SGP,policies_reduce_adolescent_fertility,yes
2005,Slovakia,SVK,view_on_fertility_level,too_low
2005,Slovakia,SVK,policy_on_fertility_level,raise
2005,Slovakia,SVK,concern_about_adolescent_fertility,not_a_concern
2005,Slovakia,SVK,policies_reduce_adolescent_fertility,no
2005,Slovenia,SVN,view_on_fertility_level,too_low
2005,Slovenia,SVN,policy_on_fertility_level,raise
2005,Slovenia,SVN,concern_about_adolescent_fertility,minor_concern
2005,Slovenia,SVN,policies_reduce_adolescent_fertility,yes
2005,Solomon Islands,SLB,view_on_fertility_level,too_high
2005,Solomon Islands,SLB,policy_on_fertility_level,lower
2005,Solomon Islands,SLB,concern_about_adolescent_fertility,minor_concern
2005,Solomon Islands,SLB,policies_reduce_adolescent_fertility,yes
2005,Somalia,,view_on_fertility_level,satisfactory
2005,Somalia,,policy_on_fertility_level,no_intervention
2005,Somalia,,concern_about_adolescent_fertility,
2005,Somalia,,policies_reduce_adolescent_fertility,
2005,South Africa,ZAF,view_on_fertility_level,satisfactory
2005,South Africa,ZAF,policy_on_fertility_level,maintain
2005,South Africa,ZAF,concern_about_adolescent_fertility,major_concern
2005,South Africa,ZAF,policies_reduce_adolescent_fertility,yes
2005,Spain,ESP,view_on_fertility_level,too_low
2005,Spain,ESP,policy_on_fertility_level,raise
2005,Spain,ESP,concern_about_adolescent_fertility,minor_concern
2005,Spain,ESP,policies_reduce_adolescent_fertility,yes
2005,Sri Lanka,LKA,view_on_fertility_level,satisfactory
2005,Sri Lanka,LKA,policy_on_fertility_level,maintain
2005,Sri Lanka,LKA,concern_about_adolescent_fertility,minor_concern
2005,Sri Lanka,LKA,policies_reduce_adolescent_fertility,yes
2005,Sudan (including South Sudan),,view_on_fertility_level,too_high
2005,Sudan (including South Sudan),,policy_on_fertility_level,lower
2005,Sudan (including South Sudan),,concern_about_adolescent_fertility,not_a_concern
2005,Sudan (including South Sudan),,policies_reduce_adolescent_fertility,no
2005,Suriname,SUR,view_on_fertility_level,satisfactory
2005,Suriname,SUR,policy_on_fertility_level,maintain
2005,Suriname,SUR,concern_about_adolescent_fertility,major_concern
2005,Suriname,SUR,policies_reduce_adolescent_fertility,yes
2005,Swaziland,SWZ,view_on_fertility_level,too_high
2005,Swaziland,SWZ,policy_on_fertility_level,lower
2005,Swaziland,SWZ,concern_about_adolescent_fertility,minor_concern
2005,Swaziland,SWZ,policies_reduce_adolescent_fertility,yes
2005,Sweden,SWE,view_on_fertility_level,satisfactory
2005,Sweden,SWE,policy_on_fertility_level,no_intervention
2005,Sweden,SWE,concern_about_adolescent_fertility,minor_concern
2005,Sweden,SWE,policies_reduce_adolescent_fertility,yes
2005,Switzerland,CHE,view_on_fertility_level,too_low
2005,Switzerland,CHE,policy_on_fertility_level,no_intervention
2005,Switzerland,CHE,concern_about_adolescent_fertility,
2005,Switzerland,CHE,policies_reduce_adolescent_fertility,no
2005,Syrian Arab Republic,SYR,view_on_fertility_level,satisfactory
2005,Syrian Arab Republic,SYR,policy_on_fertility_level,no_intervention
2005,Syrian Arab Republic,SYR,concern_about_adolescent_fertility,
2005,Syrian Arab Republic,SYR,policies_reduce_adolescent_fertility,
2005,Tajikistan,TJK,view_on_fertility_level,too_high
2005,Tajikistan,TJK,policy_on_fertility_level,lower
2005,Tajikistan,TJK,concern_about_adolescent_fertility,minor_concern
2005,Tajikistan,TJK,policies_reduce_adolescent_fertility,yes
2005,Thailand,THA,view_on_fertility_level,satisfactory
2005,Thailand,THA,policy_on_fertility_level,maintain
2005,Thailand,THA,concern_about_adolescent_fertility,major_concern
2005,Thailand,THA,policies_reduce_adolescent_fertility,yes
2005,The former Yugoslav Rep. of Macedonia,MKD,view_on_fertility_level,satisfactory
2005,The former Yugoslav Rep. of Macedonia,MKD,policy_on_fertility_level,no_intervention
2005,The former Yugoslav Rep. of Macedonia,MKD,concern_about_adolescent_fertility,
2005,The former Yugoslav Rep. of Macedonia,MKD,policies_reduce_adolescent_fertility,
2005,Timor-Leste,TLS,view_on_fertility_level,too_high
2005,Timor-Leste,TLS,policy_on_fertility_level,no_intervention
2005,Timor-Leste,TLS,concern_about_adolescent_fertility,
2005,Timor-Leste,TLS,policies_reduce_adolescent_fertility,
2005,Togo,TGO,view_on_fertility_level,too_high
2005,Togo,TGO,policy_on_fertility_level,lower
2005,Togo,TGO,concern_about_adolescent_fertility,minor_concern
2005,Togo,TGO,policies_reduce_adolescent_fertility,yes
2005,Tonga,TON,view_on_fertility_level,satisfactory
2005,Tonga,TON,policy_on_fertility_level,maintain
2005,Tonga,TON,concern_about_adolescent_fertility,minor_concern
2005,Tonga,TON,policies_reduce_adolescent_fertility,no
2005,Trinidad and Tobago,TTO,view_on_fertility_level,satisfactory
2005,Trinidad and Tobago,TTO,policy_on_fertility_level,maintain
2005,Trinidad and Tobago,TTO,concern_about_adolescent_fertility,major_concern
2005,Trinidad and Tobago,TTO,policies_reduce_adolescent_fertility,yes
2005,Tunisia,TUN,view_on_fertility_level,satisfactory
2005,Tunisia,TUN,policy_on_fertility_level,lower
2005,Tunisia,TUN,concern_about_adolescent_fertility,not_a_concern
2005,Tunisia,TUN,policies_reduce_adolescent_fertility,no
2005,Turkey,TUR,view_on_fertility_level,satisfactory
2005,Turkey,TUR,policy_on_fertility_level,maintain
2005,Turkey,TUR,concern_about_adolescent_fertility,minor_concern
2005,Turkey,TUR,policies_reduce_adolescent_fertility,yes
2005,Turkmenistan,TKM,view_on_fertility_level,satisfactory
2005,Turkmenistan,TKM,policy_on_fertility_level,maintain
2005,Turkmenistan,TKM,concern_about_adolescent_fertility,
2005,Turkmenistan,TKM,policies_reduce_adolescent_fertility,
2005,Tuvalu,TUV,view_on_fertility_level,too_high
2005,Tuvalu,TUV,policy_on_fertility_level,lower
2005,Tuvalu,TUV,concern_about_adolescent_fertility,major_concern
2005,Tuvalu,TUV,policies_reduce_adolescent_fertility,yes
2005,Uganda,UGA,view_on_fertility_level,too_high
2005,Uganda,UGA,policy_on_fertility_level,lower
2005,Uganda,UGA,concern_about_adolescent_fertility,major_concern
2005,Uganda,UGA,policies_reduce_adolescent_fertility,yes
2005,Ukraine,UKR,view_on_fertility_level,too_low
2005,Ukraine,UKR,policy_on_fertility_level,raise
2005,Ukraine,UKR,concern_about_adolescent_fertility,major_concern
2005,Ukraine,UKR,policies_reduce_adolescent_fertility,yes
2005,United Arab Emirates,ARE,view_on_fertility_level,satisfactory
2005,United Arab Emirates,ARE,policy_on_fertility_level,maintain
2005,United Arab Emirates,ARE,concern_about_adolescent_fertility,not_a_concern
2005,United Arab Emirates,ARE,policies_reduce_adolescent_fertility,no
2005,United Kingdom,GBR,view_on_fertility_level,satisfactory
2005,United Kingdom,GBR,policy_on_fertility_level,no_intervention
2005,United Kingdom,GBR,concern_about_adolescent_fertility,major_concern
2005,United Kingdom,GBR,policies_reduce_adolescent_fertility,yes
2005,United Republic of Tanzania,TZA,view_on_fertility_level,too_high
2005,United Republic of Tanzania,TZA,policy_on_fertility_level,lower
2005,United Republic of Tanzania,TZA,concern_about_adolescent_fertility,major_concern
2005,United Republic of Tanzania,TZA,policies_reduce_adolescent_fertility,yes
2005,United States of America,USA,view_on_fertility_level,satisfactory
2005,United States of America,USA,policy_on_fertility_level,no_intervention
2005,United States of America,USA,concern_about_adolescent_fertility,major_concern
2005,United States of America,USA,policies_reduce_adolescent_fertility,yes
2005,Uruguay,URY,view_on_fertility_level,too_low
2005,Uruguay,URY,policy_on_fertility_level,no_intervention
2005,Uruguay,URY,concern_about_adolescent_fertility,major_concern
2005,Uruguay,URY,policies_reduce_adolescent_fertility,yes
2005,Uzbekistan,UZB,view_on_fertility_level,satisfactory
2005,Uzbekistan,UZB,policy_on_fertility_level,maintain
2005,Uzbekistan,UZB,concern_about_adolescent_fertility,minor_concern
2005,Uzbekistan,UZB,policies_reduce_adolescent_fertility,yes
2005,Vanuatu,VUT,view_on_fertility_level,too_high
2005,Vanuatu,VUT,policy_on_fertility_level,lower
2005,Vanuatu,VUT,concern_about_adolescent_fertility,major_concern
2005,Vanuatu,VUT,policies_reduce_adolescent_fertility,yes
2005,Venezuela (Bolivarian Republic of),,view_on_fertility_level,satisfactory
2005,Venezuela (Bolivarian Republic of),,policy_on_fertility_level,lower
2005,Venezuela (Bolivarian Republic of),,concern_about_adolescent_fertility,major_concern
2005,Venezuela (Bolivarian Republic of),,policies_reduce_adolescent_fertility,yes
2005,Viet Nam,VNM,view_on_fertility_level,satisfactory
2005,Viet Nam,VNM,policy_on_fertility_level,maintain
2005,Viet Nam,VNM,concern_about_adolescent_fertility,major_concern
2005,Viet Nam,VNM,policies_reduce_adolescent_fertility,yes
2005,Yemen,YEM,view_on_fertility_level,too_high
2005,Yemen,YEM,policy_on_fertility_level,lower
2005,Yemen,YEM,concern_about_adolescent_fertility,major_concern
2005,Yemen,YEM,policies_reduce_adolescent_fertility,yes
2005,Zambia,ZMB,view_on_fertility_level,too_high
2005,Zambia,ZMB,policy_on_fertility_level,lower
2005,Zambia,ZMB,concern_about_adolescent_fertility,major_concern
2005,Zambia,ZMB,policies_reduce_adolescent_fertility,yes
2005,Zimbabwe,ZWE,view_on_fertility_level,too_high
2005,Zimbabwe,ZWE,policy_on_fertility_level,lower
2005,Zimbabwe,ZWE,concern_about_adolescent_fertility,minor_concern
2005,Zimbabwe,ZWE,policies_reduce_adolescent_fertility,no
2005,Afghanistan,AFG,family_planning_support,direct_support
2005,Afghanistan,AFG,abortion_grounds,1
2005,Albania,ALB,family_planning_support,direct_support
2005,Albania,ALB,abortion_grounds,1|2|3|4|5|6|7
2005,Algeria,DZA,family_planning_support,direct_support
2005,Algeria,DZA,abortion_grounds,1|2|3
2005,Andorra,AND,family_planning_support,no_support
2005,Andorra,AND,abortion_grounds,1
2005,Angola,AGO,family_planning_support,direct_support
2005,Angola,AGO,abortion_grounds,1
2005,Antigua and Barbuda,ATG,family_planning_support,direct_support
2005,Antigua and Barbuda,ATG,abortion_grounds,1
2005,Argentina,ARG,family_planning_support,direct_support
2005,Argentina,ARG,abortion_grounds,1|2|3|4
2005,Armenia,ARM,family_planning_support,indirect_support
2005,Armenia,ARM,abortion_grounds,1|2|3|4|5|6|7
2005,Australia,AUS,family_planning_support,indirect_support
2005,Australia,AUS,abortion_grounds,1|2|3|4|5|6|7
2005,Austria,AUT,family_planning_support,no_support
2005,Austria,AUT,abortion_grounds,1|2|3|4|5|6|7
2005,Azerbaijan,AZE,family_planning_support,direct_support
2005,Azerbaijan,AZE,abortion_grounds,1|2|3|4|5|6|7
2005,Bahamas,BHS,family_planning_support,direct_support
2005,Bahamas,BHS,abortion_grounds,1|2|3
2005,Bahrain,BHR,family_planning_support,direct_support
2005,Bahrain,BHR,abortion_grounds,1|2|3|4|5|6|7
2005,Bangladesh,BGD,family_planning_support,direct_support
2005,Bangladesh,BGD,abortion_grounds,1
2005,Barbados,BRB,family_planning_support,direct_support
2005,Barbados,BRB,abortion_grounds,1|2|3|4|5|6
2005,Belarus,BLR,family_planning_support,direct_support
2005,Belarus,BLR,abortion_grounds,1|2|3|4|5|6|7
2005,Belgium,BEL,family_planning_support,direct_support
2005,Belgium,BEL,abortion_grounds,1|2|3|4|5|6|7
2005,Belize,BLZ,family_planning_support,indirect_support
2005,Belize,BLZ,abortion_grounds,1|2|3|5|6
2005,Benin,BEN,family_planning_support,direct_support
2005,Benin,BEN,abortion_grounds,1|2|3|4|5
2005,Bhutan,BTN,family_planning_support,direct_support
2005,Bhutan,BTN,abortion_grounds,1
2005,Bolivia (Plurinational State of),BOL,family_planning_support,direct_support
2005,Bolivia (Plurinational State of),BOL,abortion_grounds,1|2|3|4
2005,Bosnia and Herzegovina,BIH,family_planning_support,indirect_support
2005,Bosnia and Herzegovina,BIH,abortion_grounds,1|2|3|4|5|6|7
2005,Botswana,BWA,family_planning_support,direct_support
2005,Botswana,BWA,abortion_grounds,1|2|3|4|5
2005,Brazil,BRA,family_planning_support,direct_support
2005,Brazil,BRA,abortion_grounds,1|4
2005,Brunei Darussalam,BRN,family_planning_support,no_support
2005,Brunei Darussalam,BRN,abortion_grounds,1
2005,Bulgaria,BGR,family_planning_support,indirect_support
2005,Bulgaria,BGR,abortion_grounds,1|2|3|4|5|6|7
2005,Burkina Faso,BFA,family_planning_support,direct_support
2005,Burkina Faso,BFA,abortion_grounds,1|2|3|4|5
2005,Burundi,BDI,family_planning_support,direct_support
2005,Burundi,BDI,abortion_grounds,1|2|3
2005,Cabo Verde,CPV,family_planning_support,direct_support
2005,Cabo Verde,CPV,abortion_grounds,1|2|3|4|5|6|7
2005,Cambodia,KHM,family_planning_support,direct_support
2005,Cambodia,KHM,abortion_grounds,1|2|3|4|5|6|7
2005,Cameroon,CMR,family_planning_support,indirect_support
2005,Cameroon,CMR,abortion_grounds,1|2|3|4
2005,Canada,CAN,family_planning_support,indirect_support
2005,Canada,CAN,abortion_grounds,1|2|3|4|5|6|7
2005,Central African Republic,CAF,family_planning_support,indirect_support
2005,Central African Republic,CAF,abortion_grounds,1
2005,Chad,TCD,family_planning_support,direct_support
2005,Chad,TCD,abortion_grounds,1|2|5
2005,Chile,CHL,family_planning_support,direct_support
2005,Chile,CHL,abortion_grounds,not_permitted
2005,China,CHN,family_planning_support,direct_support
2005,China,CHN,abortion_grounds,1|2|3|4|5|6|7
2005,Colombia,COL,family_planning_support,direct_support
2005,Colombia,COL,abortion_grounds,1
2005,Comoros,COM,family_planning_support,direct_support
2005,Comoros,COM,abortion_grounds,1|2|3
2005,Congo,,family_planning_support,direct_support
2005,Congo,,abortion_grounds,1
2005,Cook Islands,,family_planning_support,direct_support
2005,Cook Islands,,abortion_grounds,1|2|3|4
2005,Costa Rica,CRI,family_planning_support,direct_support
2005,Costa Rica,CRI,abortion_grounds,1|2|3
2005,Côte d'Ivoire,CIV,family_planning_support,direct_support
2005,Côte d'Ivoire,CIV,abortion_grounds,1
2005,Croatia,HRV,family_planning_support,direct_support
2005,Croatia,HRV,abortion_grounds,1|2|3|4|5|6|7
2005,Cuba,CUB,family_planning_support,direct_support
2005,Cuba,CUB,abortion_grounds,1|2|3|4|5|6|7
2005,Cyprus,CYP,family_planning_support,direct_support
2005,Cyprus,CYP,abortion_grounds,1|2|3|4|5
2005,Czech Republic,CZE,family_planning_support,indirect_support
2005,Czech Republic,CZE,abortion_grounds,1|2|3|4|5|6|7
2005,Democratic People's Republic of Korea,PRK,family_planning_support,direct_support
2005,Democratic People's Republic of Korea,PRK,abortion_grounds,1|2|3|4|5|6|7
2005,Democratic Republic of the Congo,,family_planning_support,direct_support
2005,Democratic Republic of the Congo,,abortion_grounds,1
2005,Denmark,DNK,family_planning_support,indirect_support
2005,Denmark,DNK,abortion_grounds,1|2|3|4|5|6|7
2005,Djibouti,DJI,family_planning_support,direct_support
2005,Djibouti,DJI,abortion_grounds,1
2005,Dominica,DMA,family_planning_support,direct_support
2005,Dominica,DMA,abortion_grounds,1
2005,Dominican Republic,DOM,family_planning_support,direct_support
2005,Dominican Republic,DOM,abortion_grounds,1
2005,Ecuador,ECU,family_planning_support,direct_support
2005,Ecuador,ECU,abortion_grounds,1|2|3|4
2005,Egypt,EGY,family_planning_support,direct_support
2005,Egypt,EGY,abortion_grounds,1
2005,El Salvador,SLV,family_planning_support,direct_support
2005,El Salvador,SLV,abortion_grounds,not_permitted
2005,Equatorial Guinea,GNQ,family_planning_support,no_support
2005,Equatorial Guinea,GNQ,abortion_grounds,1|2|3
2005,Eritrea,ERI,family_planning_support,direct_support
2005,Eritrea,ERI,abortion_grounds,1|2|3
2005,Estonia,EST,family_planning_support,indirect_support
2005,Estonia,EST,abortion_grounds,1|2|3|4|5|6|7
2005,Ethiopia,ETH,family_planning_support,direct_support
2005,Ethiopia,ETH,abortion_grounds,1|2|3|4|5
2005,Fiji,FJI,family_planning_support,direct_support
2005,Fiji,FJI,abortion_grounds,1|2|3|6
2005,Finland,FIN,family_planning_support,direct_support
2005,Finland,FIN,abortion_grounds,1|2|3|4|5|6
2005,France,FRA,family_planning_support,indirect_support
2005,France,FRA,abortion_grounds,1|2|3|4|5|6|7
2005,Gabon,GAB,family_planning_support,no_support
2005,Gabon,GAB,abortion_grounds,1
2005,Gambia,GMB,family_planning_support,direct_support
2005,Gambia,GMB,abortion_grounds,1|2|3
2005,Georgia,GEO,family_planning_support,direct_support
2005,Georgia,GEO,abortion_grounds,1|2|3|4|5|6|7
2005,Germany,DEU,family_planning_support,no_support
2005,Germany,DEU,abortion_grounds,1|2|3|4|5|6|7
2005,Ghana,GHA,family_planning_support,direct_support
2005,Ghana,GHA,abortion_grounds,1|2|3|4|5
2005,Greece,GRC,family_planning_support,indirect_support
2005,Greece,GRC,abortion_grounds,1|2|3|4|5|6|7
2005,Grenada,GRD,family_planning_support,direct_support
2005,Grenada,GRD,abortion_grounds,1|2|3
2005,Guatemala,GTM,family_planning_support,direct_support
2005,Guatemala,GTM,abortion_grounds,1
2005,Guinea,GIN,family_planning_support,indirect_support
2005,Guinea,GIN,abortion_grounds,1|2|3
2005,Guinea-Bissau,GNB,family_planning_support,indirect_support
2005,Guinea-Bissau,GNB,abortion_grounds,1
2005,Guyana,GUY,family_planning_support,direct_support
2005,Guyana,GUY,abortion_grounds,1|2|3|4|5|6|7
2005,Haiti,HTI,family_planning_support,direct_support
2005,Haiti,HTI,abortion_grounds,1
2005,Holy See,,family_planning_support,limits
2005,Holy See,,abortion_grounds,not_permitted
2005,Honduras,HND,family_planning_support,direct_support
2005,Honduras,HND,abortion_grounds,1
2005,Hungary,HUN,family_planning_support,indirect_support
2005,Hungary,HUN,abortion_grounds,1|2|3|4|5|6|7
2005,Iceland,ISL,family_planning_support,direct_support
2005,Iceland,ISL,abortion_grounds,1|2|3|4|5|6
2005,India,IND,family_planning_support,direct_support
2005,India,IND,abortion_grounds,1|2|3|4|5|6
2005,Indonesia,IDN,family_planning_support,direct_support
2005,Indonesia,IDN,abortion_grounds,1
2005,Iran (Islamic Republic of),,family_planning_support,direct_support
2005,Iran (Islamic Republic of),,abortion_grounds,1
2005,Iraq,IRQ,family_planning_support,direct_support
2005,Iraq,IRQ,abortion_grounds,1
2005,Ireland,IRL,family_planning_support,direct_support
2005,Ireland,IRL,abortion_grounds,1
2005,Israel,ISR,family_planning_support,indirect_support
2005,Israel,ISR,abortion_grounds,1|2|3|4|5
2005,Italy,ITA,family_planning_support,indirect_support
2005,Italy,ITA,abortion_grounds,1|2|3|4|5|6|7
2005,Jamaica,JAM,family_planning_support,direct_support
2005,Jamaica,JAM,abortion_grounds,1|2|3
2005,Japan,JPN,family_planning_support,indirect_support
2005,Japan,JPN,abortion_grounds,1|2|4|6
2005,Jordan,JOR,family_planning_support,direct_support
2005,Jordan,JOR,abortion_grounds,1|2|3|5
2005,Kazakhstan,KAZ,family_planning_support,indirect_support
2005,Kazakhstan,KAZ,abortion_grounds,1|2|3|4|5|6|7
2005,Kenya,KEN,family_planning_support,direct_support
2005,Kenya,KEN,abortion_grounds,1|2|3
2005,Kiribati,KIR,family_planning_support,direct_support
2005,Kiribati,KIR,abortion_grounds,1
2005,Kuwait,KWT,family_planning_support,direct_support
2005,Kuwait,KWT,abortion_grounds,1|2|3|5
2005,Kyrgyzstan,KGZ,family_planning_support,direct_support
2005,Kyrgyzstan,KGZ,abortion_grounds,1|2|3|4|5|6|7
2005,Lao People's Democratic Republic,,family_planning_support,direct_support
2005,Lao People's Democratic Republic,,abortion_grounds,1|2
2005,Latvia,LVA,family_planning_support,no_support
2005,Latvia,LVA,abortion_grounds,1|2|3|4|5|6|7
2005,Lebanon,LBN,family_planning_support,direct_support
2005,Lebanon,LBN,abortion_grounds,1
2005,Lesotho,LSO,family_planning_support,direct_support
2005,Lesotho,LSO,abortion_grounds,1
2005,Liberia,LBR,family_planning_support,direct_support
2005,Liberia,LBR,abortion_grounds,1|2|3|4|5
2005,Libya,LBY,family_planning_support,no_support
2005,Libya,LBY,abortion_grounds,1
2005,Liechtenstein,LIE,family_planning_support,no_support
2005,Liechtenstein,LIE,abortion_grounds,1|2|3
2005,Lithuania,LTU,family_planning_support,indirect_support
2005,Lithuania,LTU,abortion_grounds,1|2|3|4|5|6|7
2005,Luxembourg,LUX,family_planning_support,indirect_support
2005,Luxembourg,LUX,abortion_grounds,1|2|3|4|5|6
2005,Madagascar,MDG,family_planning_support,direct_support
2005,Madagascar,MDG,abortion_grounds,1
2005,Malawi,MWI,family_planning_support,direct_support
2005,Malawi,MWI,abortion_grounds,1
2005,Malaysia,MYS,family_planning_support,direct_support
2005,Malaysia,MYS,abortion_grounds,1|2|3
2005,Maldives,MDV,family_planning_support,direct_support
2005,Maldives,MDV,abortion_grounds,1|2
2005,Mali,MLI,family_planning_support,direct_support
2005,Mali,MLI,abortion_grounds,1|4
2005,Malta,MLT,family_planning_support,no_support
2005,Malta,MLT,abortion_grounds,not_permitted
2005,Marshall Islands,MHL,family_planning_support,direct_support
2005,Marshall Islands,MHL,abortion_grounds,1
2005,Mauritania,MRT,family_planning_support,direct_support
2005,Mauritania,MRT,abortion_grounds,1
2005,Mauritius,MUS,family_planning_support,direct_support
2005,Mauritius,MUS,abortion_grounds,1
2005,Mexico,MEX,family_planning_support,direct_support
2005,Mexico,MEX,abortion_grounds,1|4
2005,Micronesia (Federated States of),,family_planning_support,direct_support
2005,Micronesia (Federated States of),,abortion_grounds,1
2005,Monaco,MCO,family_planning_support,no_support
2005,Monaco,MCO,abortion_grounds,1
2005,Mongolia,MNG,family_planning_support,direct_support
2005,Mongolia,MNG,abortion_grounds,1|2|3|4|5|6|7
2005,Morocco,MAR,family_planning_support,direct_support
2005,Morocco,MAR,abortion_grounds,1|2|3
2005,Mozambique,MOZ,family_planning_support,direct_support
2005,Mozambique,MOZ,abortion_grounds,1|2|3
2005,Myanmar,MMR,family_planning_support,direct_support
2005,Myanmar,MMR,abortion_grounds,1
2005,Namibia,NAM,family_planning_support,direct_support
2005,Namibia,NAM,abortion_grounds,1|2|3|4|5
2005,Nauru,NRU,family_planning_support,direct_support
2005,Nauru,NRU,abortion_grounds,1|2|3
2005,Nepal,NPL,family_planning_support,direct_support
2005,Nepal,NPL,abortion_grounds,1|2|3|4|5|6|7
2005,Netherlands,NLD,family_planning_support,indirect_support
2005,Netherlands,NLD,abortion_grounds,1|2|3|4|5|6|7
2005,New Zealand,NZL,family_planning_support,direct_support
2005,New Zealand,NZL,abortion_grounds,1|2|3|4|5
2005,Nicaragua,NIC,family_planning_support,direct_support
2005,Nicaragua,NIC,abortion_grounds,1
2005,Niger,NER,family_planning_support,direct_support
2005,Niger,NER,abortion_grounds,1
2005,Nigeria,NGA,family_planning_support,direct_support
2005,Nigeria,NGA,abortion_grounds,1|2|3
2005,Niue,,family_planning_support,indirect_support
2005,Niue,,abortion_grounds,1|2|3
2005,Norway,NOR,family_planning_support,direct_support
2005,Norway,NOR,abortion_grounds,1|2|3|4|5|6|7
2005,Oman,OMN,family_planning_support,direct_support
2005,Oman,OMN,abortion_grounds,1
2005,Pakistan,PAK,family_planning_support,direct_support
2005,Pakistan,PAK,abortion_grounds,1|2|3
2005,Palau,PLW,family_planning_support,indirect_support
2005,Palau,PLW,abortion_grounds,1
2005,Panama,PAN,family_planning_support,direct_support
2005,Panama,PAN,abortion_grounds,1|3|4
2005,Papua New Guinea,PNG,family_planning_support,direct_support
2005,Papua New Guinea,PNG,abortion_grounds,1|2|3
2005,Paraguay,PRY,family_planning_support,direct_support
2005,Paraguay,PRY,abortion_grounds,1
2005,Peru,PER,family_planning_support,direct_support
2005,Peru,PER,abortion_grounds,1|2|3
2005,Philippines,PHL,family_planning_support,direct_support
2005,Philippines,PHL,abortion_grounds,1
2005,Poland,POL,family_planning_support,indirect_support
2005,Poland,POL,abortion_grounds,1|2|3|4|5
2005,Portugal,PRT,family_planning_support,direct_support
2005,Portugal,PRT,abortion_grounds,1|2|3|4|5
2005,Qatar,QAT,family_planning_support,direct_support
2005,Qatar,QAT,abortion_grounds,1|2|3|5
2005,Republic of Korea,KOR,family_planning_support,direct_support
2005,Republic of Korea,KOR,abortion_grounds,1|2|3|4|5
2005,Republic of Moldova,MDA,family_planning_support,direct_support
2005,Republic of Moldova,MDA,abortion_grounds,1|2|3|4|5|6|7
2005,Romania,ROU,family_planning_support,direct_support
2005,Romania,ROU,abortion_grounds,1|2|3|4|5|6|7
2005,Russian Federation,RUS,family_planning_support,indirect_support
2005,Russian Federation,RUS,abortion_grounds,1|2|3|4|5|6|7
2005,Rwanda,RWA,family_planning_support,direct_support
2005,Rwanda,RWA,abortion_grounds,1|2|3
2005,Saint Kitts and Nevis,KNA,family_planning_support,direct_support
2005,Saint Kitts and Nevis,KNA,abortion_grounds,1|2|3|4
2005,Saint Lucia,LCA,family_planning_support,direct_support
2005,Saint Lucia,LCA,abortion_grounds,1|2|3|4
2005,Saint Vincent and the Grenadines,VCT,family_planning_support,direct_support
2005,Saint Vincent and the Grenadines,VCT,abortion_grounds,1|2|3|4|5|6
2005,Samoa,WSM,family_planning_support,direct_support
2005,Samoa,WSM,abortion_grounds,1|2|3
2005,San Marino,SMR,family_planning_support,no_support
2005,San Marino,SMR,abortion_grounds,1
2005,Sao Tome and Principe,STP,family_planning_support,direct_support
2005,Sao Tome and Principe,STP,abortion_grounds,1
2005,Saudi Arabia,SAU,family_planning_support,indirect_support
2005,Saudi Arabia,SAU,abortion_grounds,1|2|3
2005,Senegal,SEN,family_planning_support,direct_support
2005,Senegal,SEN,abortion_grounds,1
2005,Serbia and Montenegro,,family_planning_support,direct_support
2005,Serbia and Montenegro,,abortion_grounds,1|2|3|4|5|6|7
2005,Seychelles,SYC,family_planning_support,direct_support
2005,Seychelles,SYC,abortion_grounds,1|2|3|4|5
2005,Sierra Leone,SLE,family_planning_support,indirect_support
2005,Sierra Leone,SLE,abortion_grounds,1|2|3
2005,Singapore,SGP,family_planning_support,direct_support
2005,Singapore,SGP,abortion_grounds,1|2|3|4|5|6|7
2005,Slovakia,SVK,family_planning_support,no_support
2005,Slovakia,SVK,abortion_grounds,1|2|3|4|5|6|7
2005,Slovenia,SVN,family_planning_support,direct_support
2005,Slovenia,SVN,abortion_grounds,1|2|3|4|5|6|7
2005,Solomon Islands,SLB,family_planning_support,no_support
2005,Solomon Islands,SLB,abortion_grounds,1
2005,Somalia,,family_planning_support,indirect_support
2005,Somalia,,abortion_grounds,1
2005,South Africa,ZAF,family_planning_support,direct_support
2005,South Africa,ZAF,abortion_grounds,1|2|3|4|5|6|7
2005,Spain,ESP,family_planning_support,indirect_support
2005,Spain,ESP,abortion_grounds,1|2|3|4|5
2005,Sri Lanka,LKA,family_planning_support,direct_support
2005,Sri Lanka,LKA,abortion_grounds,1
2005,Sudan (including South Sudan),,family_planning_support,direct_support
2005,Sudan (including South Sudan),,abortion_grounds,1|4
2005,Suriname,SUR,family_planning_support,indirect_support
2005,Suriname,SUR,abortion_grounds,1
2005,Swaziland,SWZ,family_planning_support,direct_support
2005,Swaziland,SWZ,abortion_grounds,1|2|3|5
2005,Sweden,SWE,family_planning_support,direct_support
2005,Sweden,SWE,abortion_grounds,1|2|3|4|5|6|7
2005,Switzerland,CHE,family_planning_support,indirect_support
2005,Switzerland,CHE,abortion_grounds,1|2|3|4|5|6|7
2005,Syrian Arab Republic,SYR,family_planning_support,direct_support
2005,Syrian Arab Republic,SYR,abortion_grounds,1
2005,Tajikistan,TJK,family_planning_support,direct_support
2005,Tajikistan,TJK,abortion_grounds,1|2|3|4|5|6|7
2005,Thailand,THA,family_planning_support,direct_support
2005,Thailand,THA,abortion_grounds,1|2|3|4
2005,The former Yugoslav Rep. of Macedonia,MKD,family_planning_support,direct_support
2005,The former Yugoslav Rep. of Macedonia,MKD,abortion_grounds,1|2|3|4|5|6|7
2005,Timor-Leste,TLS,family_planning_support,direct_support
2005,Timor-Leste,TLS,abortion_grounds,
2005,Togo,TGO,family_planning_support,direct_support
2005,Togo,TGO,abortion_grounds,1
2005,Tonga,TON,family_planning_support,direct_support
2005,Tonga,TON,abortion_grounds,1
2005,Trinidad and Tobago,TTO,family_planning_support,direct_support
2005,Trinidad and Tobago,TTO,abortion_grounds,1|2|3
2005,Tunisia,TUN,family_planning_support,direct_support
2005,Tunisia,TUN,abortion_grounds,1|2|3|4|5|6|7
2005,Turkey,TUR,family_planning_support,direct_support
2005,Turkey,TUR,abortion_grounds,1|2|3|4|5|6|7
2005,Turkmenistan,TKM,family_planning_support,indirect_support
2005,Turkmenistan,TKM,abortion_grounds,1|2|3|4|5|6|7
2005,Tuvalu,TUV,family_planning_support,direct_support
2005,Tuvalu,TUV,abortion_grounds,1
2005,Uganda,UGA,family_planning_support,direct_support
2005,Uganda,UGA,abortion_grounds,1|2|3
2005,Ukraine,UKR,family_planning_support,indirect_support
2005,Ukraine,UKR,abortion_grounds,1|2|3|4|5|6|7
2005,United Arab Emirates,ARE,family_planning_support,no_support
2005,United Arab Emirates,ARE,abortion_grounds,1
2005,United Kingdom,GBR,family_planning_support,direct_support
2005,United Kingdom,GBR,abortion_grounds,1|2|3|5|6
2005,United Republic of Tanzania,TZA,family_planning_support,direct_support
2005,United Republic of Tanzania,TZA,abortion_grounds,1|2|3
2005,United States of America,USA,family_planning_support,direct_support
2005,United States of America,USA,abortion_grounds,1|2|3|4|5|6|7
2005,Uruguay,URY,family_planning_support,direct_support
2005,Uruguay,URY,abortion_grounds,1|2|3|4
2005,Uzbekistan,UZB,family_planning_support,direct_support
2005,Uzbekistan,UZB,abortion_grounds,1|2|3|4|5|6|7
2005,Vanuatu,VUT,family_planning_support,direct_support
2005,Vanuatu,VUT,abortion_grounds,1|2|3
2005,Venezuela (Bolivarian Republic of),,family_planning_support,direct_support
2005,Venezuela (Bolivarian Republic of),,abortion_grounds,1
2005,Viet Nam,VNM,family_planning_support,direct_support
2005,Viet Nam,VNM,abortion_grounds,1|2|3|4|5|6|7
2005,Yemen,YEM,family_planning_support,direct_support
2005,Yemen,YEM,abortion_grounds,1
2005,Zambia,ZMB,family_planning_support,direct_support
2005,Zambia,ZMB,abortion_grounds,1|2|3|5|6
2005,Zimbabwe,ZWE,family_planning_support,direct_support
2005,Zimbabwe,ZWE,abortion_grounds,1|2|4|5
2007,Afghanistan,AFG,view_on_fertility_level,too_high
2007,Afghanistan,AFG,policy_on_fertility_level,no_intervention
2007,Afghanistan,AFG,concern_about_adolescent_fertility,major_concern
2007,Afghanistan,AFG,policies_reduce_adolescent_fertility,
2007,Albania,ALB,view_on_fertility_level,satisfactory
2007,Albania,ALB,policy_on_fertility_level,maintain
2007,Albania,ALB,concern_about_adolescent_fertility,minor_concern
2007,Albania,ALB,policies_reduce_adolescent_fertility,
2007,Algeria,DZA,view_on_fertility_level,too_high
2007,Algeria,DZA,policy_on_fertility_level,lower
2007,Algeria,DZA,concern_about_adolescent_fertility,minor_concern
2007,Algeria,DZA,policies_reduce_adolescent_fertility,no
2007,Andorra,AND,view_on_fertility_level,satisfactory
2007,Andorra,AND,policy_on_fertility_level,maintain
2007,Andorra,AND,concern_about_adolescent_fertility,minor_concern
2007,Andorra,AND,policies_reduce_adolescent_fertility,yes
2007,Angola,AGO,view_on_fertility_level,too_high
2007,Angola,AGO,policy_on_fertility_level,maintain
2007,Angola,AGO,concern_about_adolescent_fertility,major_concern
2007,Angola,AGO,policies_reduce_adolescent_fertility,yes
2007,Antigua and Barbuda,ATG,view_on_fertility_level,satisfactory
2007,Antigua and Barbuda,ATG,policy_on_fertility_level,no_intervention
2007,Antigua and Barbuda,ATG,concern_about_adolescent_fertility,minor_concern
2007,Antigua and Barbuda,ATG,policies_reduce_adolescent_fertility,yes
2007,Argentina,ARG,view_on_fertility_level,satisfactory
2007,Argentina,ARG,policy_on_fertility_level,no_intervention
2007,Argentina,ARG,concern_about_adolescent_fertility,major_concern
2007,Argentina,ARG,policies_reduce_adolescent_fertility,yes
2007,Armenia,ARM,view_on_fertility_level,too_low
2007,Armenia,ARM,policy_on_fertility_level,raise
2007,Armenia,ARM,concern_about_adolescent_fertility,minor_concern
2007,Armenia,ARM,policies_reduce_adolescent_fertility,yes
2007,Australia,AUS,view_on_fertility_level,too_low
2007,Australia,AUS,policy_on_fertility_level,raise
2007,Australia,AUS,concern_about_adolescent_fertility,minor_concern
2007,Australia,AUS,policies_reduce_adolescent_fertility,yes
2007,Austria,AUT,view_on_fertility_level,too_low
2007,Austria,AUT,policy_on_fertility_level,raise
2007,Austria,AUT,concern_about_adolescent_fertility,minor_concern
2007,Austria,AUT,policies_reduce_adolescent_fertility,no
2007,Azerbaijan,AZE,view_on_fertility_level,satisfactory
2007,Azerbaijan,AZE,policy_on_fertility_level,maintain
2007,Azerbaijan,AZE,concern_about_adolescent_fertility,major_concern
2007,Azerbaijan,AZE,policies_reduce_adolescent_fertility,yes
2007,Bahamas,BHS,view_on_fertility_level,satisfactory
2007,Bahamas,BHS,policy_on_fertility_level,no_intervention
2007,Bahamas,BHS,concern_about_adolescent_fertility,major_concern
2007,Bahamas,BHS,policies_reduce_adolescent_fertility,yes
2007,Bahrain,BHR,view_on_fertility_level,too_high
2007,Bahrain,BHR,policy_on_fertility_level,lower
2007,Bahrain,BHR,concern_about_adolescent_fertility,not_a_concern
2007,Bahrain,BHR,policies_reduce_adolescent_fertility,no
2007,Bangladesh,BGD,view_on_fertility_level,too_high
2007,Bangladesh,BGD,policy_on_fertility_level,lower
2007,Bangladesh,BGD,concern_about_adolescent_fertility,major_concern
2007,Bangladesh,BGD,policies_reduce_adolescent_fertility,yes
2007,Barbados,BRB,view_on_fertility_level,too_low
2007,Barbados,BRB,policy_on_fertility_level,raise
2007,Barbados,BRB,concern_about_adolescent_fertility,major_concern
2007,Barbados,BRB,policies_reduce_adolescent_fertility,yes
2007,Belarus,BLR,view_on_fertility_level,too_low
2007,Belarus,BLR,policy_on_fertility_level,raise
2007,Belarus,BLR,concern_about_adolescent_fertility,major_concern
2007,Belarus,BLR,policies_reduce_adolescent_fertility,no
2007,Belgium,BEL,view_on_fertility_level,satisfactory
2007,Belgium,BEL,policy_on_fertility_level,no_intervention
2007,Belgium,BEL,concern_about_adolescent_fertility,minor_concern
2007,Belgium,BEL,policies_reduce_adolescent_fertility,yes
2007,Belize,BLZ,view_on_fertility_level,too_high
2007,Belize,BLZ,policy_on_fertility_level,no_intervention
2007,Belize,BLZ,concern_about_adolescent_fertility,major_concern
2007,Belize,BLZ,policies_reduce_adolescent_fertility,yes
2007,Benin,BEN,view_on_fertility_level,too_high
2007,Benin,BEN,policy_on_fertility_level,lower
2007,Benin,BEN,concern_about_adolescent_fertility,major_concern
2007,Benin,BEN,policies_reduce_adolescent_fertility,yes
2007,Bhutan,BTN,view_on_fertility_level,too_high
2007,Bhutan,BTN,policy_on_fertility_level,lower
2007,Bhutan,BTN,concern_about_adolescent_fertility,minor_concern
2007,Bhutan,BTN,policies_reduce_adolescent_fertility,no
2007,Bolivia (Plurinational State of),BOL,view_on_fertility_level,satisfactory
2007,Bolivia (Plurinational State of),BOL,policy_on_fertility_level,no_intervention
2007,Bolivia (Plurinational State of),BOL,concern_about_adolescent_fertility,major_concern
2007,Bolivia (Plurinational State of),BOL,policies_reduce_adolescent_fertility,yes
2007,Bosnia and Herzegovina,BIH,view_on_fertility_level,too_low
2007,Bosnia and Herzegovina,BIH,policy_on_fertility_level,no_intervention
2007,Bosnia and Herzegovina,BIH,concern_about_adolescent_fertility,minor_concern
2007,Bosnia and Herzegovina,BIH,policies_reduce_adolescent_fertility,no
2007,Botswana,BWA,view_on_fertility_level,satisfactory
2007,Botswana,BWA,policy_on_fertility_level,maintain
2007,Botswana,BWA,concern_about_adolescent_fertility,major_concern
2007,Botswana,BWA,policies_reduce_adolescent_fertility,yes
2007,Brazil,BRA,view_on_fertility_level,satisfactory
2007,Brazil,BRA,policy_on_fertility_level,no_intervention
2007,Brazil,BRA,concern_about_adolescent_fertility,major_concern
2007,Brazil,BRA,policies_reduce_adolescent_fertility,yes
2007,Brunei Darussalam,BRN,view_on_fertility_level,satisfactory
2007,Brunei Darussalam,BRN,policy_on_fertility_level,no_intervention
2007,Brunei Darussalam,BRN,concern_about_adolescent_fertility,not_a_concern
2007,Brunei Darussalam,BRN,policies_reduce_adolescent_fertility,no
2007,Bulgaria,BGR,view_on_fertility_level,too_low
2007,Bulgaria,BGR,policy_on_fertility_level,raise
2007,Bulgaria,BGR,concern_about_adolescent_fertility,major_concern
2007,Bulgaria,BGR,policies_reduce_adolescent_fertility,yes
2007,Burkina Faso,BFA,view_on_fertility_level,too_high
2007,Burkina Faso,BFA,policy_on_fertility_level,lower
2007,Burkina Faso,BFA,concern_about_adolescent_fertility,major_concern
2007,Burkina Faso,BFA,policies_reduce_adolescent_fertility,yes
2007,Burundi,BDI,view_on_fertility_level,too_high
2007,Burundi,BDI,policy_on_fertility_level,lower
2007,Burundi,BDI,concern_about_adolescent_fertility,not_a_concern
2007,Burundi,BDI,policies_reduce_adolescent_fertility,no
2007,Cabo Verde,CPV,view_on_fertility_level,too_high
2007,Cabo Verde,CPV,policy_on_fertility_level,lower
2007,Cabo Verde,CPV,concern_about_adolescent_fertility,major_concern
2007,Cabo Verde,CPV,policies_reduce_adolescent_fertility,yes
2007,Cambodia,KHM,view_on_fertility_level,too_high
2007,Cambodia,KHM,policy_on_fertility_level,lower
2007,Cambodia,KHM,concern_about_adolescent_fertility,not_a_concern
2007,Cambodia,KHM,policies_reduce_adolescent_fertility,no
2007,Cameroon,CMR,view_on_fertility_level,too_high
2007,Cameroon,CMR,policy_on_fertility_level,lower
2007,Cameroon,CMR,concern_about_adolescent_fertility,major_concern
2007,Cameroon,CMR,policies_reduce_adolescent_fertility,yes
2007,Canada,CAN,view_on_fertility_level,too_low
2007,Canada,CAN,policy_on_fertility_level,no_intervention
2007,Canada,CAN,concern_about_adolescent_fertility,major_concern
2007,Canada,CAN,policies_reduce_adolescent_fertility,yes
2007,Central African Republic,CAF,view_on_fertility_level,satisfactory
2007,Central African Republic,CAF,policy_on_fertility_level,no_intervention
2007,Central African Republic,CAF,concern_about_adolescent_fertility,minor_concern
2007,Central African Republic,CAF,policies_reduce_adolescent_fertility,yes
2007,Chad,TCD,view_on_fertility_level,too_high
2007,Chad,TCD,policy_on_fertility_level,no_intervention
2007,Chad,TCD,concern_about_adolescent_fertility,minor_concern
2007,Chad,TCD,policies_reduce_adolescent_fertility,yes
2007,Chile,CHL,view_on_fertility_level,satisfactory
2007,Chile,CHL,policy_on_fertility_level,no_intervention
2007,Chile,CHL,concern_about_adolescent_fertility,major_concern
2007,Chile,CHL,policies_reduce_adolescent_fertility,yes
2007,China,CHN,view_on_fertility_level,satisfactory
2007,China,CHN,policy_on_fertility_level,maintain
2007,China,CHN,concern_about_adolescent_fertility,minor_concern
2007,China,CHN,policies_reduce_adolescent_fertility,no
2007,Colombia,COL,view_on_fertility_level,too_high
2007,Colombia,COL,policy_on_fertility_level,lower
2007,Colombia,COL,concern_about_adolescent_fertility,major_concern
2007,Colombia,COL,policies_reduce_adolescent_fertility,yes
2007,Comoros,COM,view_on_fertility_level,too_high
2007,Comoros,COM,policy_on_fertility_level,lower
2007,Comoros,COM,concern_about_adolescent_fertility,major_concern
2007,Comoros,COM,policies_reduce_adolescent_fertility,yes
2007,Congo,,view_on_fertility_level,too_high
2007,Congo,,policy_on_fertility_level,lower
2007,Congo,,concern_about_adolescent_fertility,major_concern
2007,Congo,,policies_reduce_adolescent_fertility,yes
2007,Cook Islands,,view_on_fertility_level,too_low
2007,Cook Islands,,policy_on_fertility_level,raise
2007,Cook Islands,,concern_about_adolescent_fertility,major_concern
2007,Cook Islands,,policies_reduce_adolescent_fertility,yes
2007,Costa Rica,CRI,view_on_fertility_level,satisfactory
2007,Costa Rica,CRI,policy_on_fertility_level,lower
2007,Costa Rica,CRI,concern_about_adolescent_fertility,major_concern
2007,Costa Rica,CRI,policies_reduce_adolescent_fertility,yes
2007,Côte d'Ivoire,CIV,view_on_fertility_level,too_high
2007,Côte d'Ivoire,CIV,policy_on_fertility_level,lower
2007,Côte d'Ivoire,CIV,concern_about_adolescent_fertility,major_concern
2007,Côte d'Ivoire,CIV,policies_reduce_adolescent_fertility,yes
2007,Croatia,HRV,view_on_fertility_level,too_low
2007,Croatia,HRV,policy_on_fertility_level,raise
2007,Croatia,HRV,concern_about_adolescent_fertility,minor_concern
2007,Croatia,HRV,policies_reduce_adolescent_fertility,yes
2007,Cuba,CUB,view_on_fertility_level,satisfactory
2007,Cuba,CUB,policy_on_fertility_level,no_intervention
2007,Cuba,CUB,concern_about_adolescent_fertility,major_concern
2007,Cuba,CUB,policies_reduce_adolescent_fertility,yes
2007,Cyprus,CYP,view_on_fertility_level,too_low
2007,Cyprus,CYP,policy_on_fertility_level,raise
2007,Cyprus,CYP,concern_about_adolescent_fertility,minor_concern
2007,Cyprus,CYP,policies_reduce_adolescent_fertility,yes
2007,Czech Republic,CZE,view_on_fertility_level,too_low
2007,Czech Republic,CZE,policy_on_fertility_level,raise
2007,Czech Republic,CZE,concern_about_adolescent_fertility,not_a_concern
2007,Czech Republic,CZE,policies_reduce_adolescent_fertility,no
2007,Democratic People's Republic of Korea,PRK,view_on_fertility_level,too_low
2007,Democratic People's Republic of Korea,PRK,policy_on_fertility_level,no_intervention
2007,Democratic People's Republic of Korea,PRK,concern_about_adolescent_fertility,not_a_concern
2007,Democratic People's Republic of Korea,PRK,policies_reduce_adolescent_fertility,no
2007,Democratic Republic of the Congo,,view_on_fertility_level,satisfactory
2007,Democratic Republic of the Congo,,policy_on_fertility_level,no_intervention
2007,Democratic Republic of the Congo,,concern_about_adolescent_fertility,minor_concern
2007,Democratic Republic of the Congo,,policies_reduce_adolescent_fertility,yes
2007,Denmark,DNK,view_on_fertility_level,satisfactory
2007,Denmark,DNK,policy_on_fertility_level,no_intervention
2007,Denmark,DNK,concern_about_adolescent_fertility,minor_concern
2007,Denmark,DNK,policies_reduce_adolescent_fertility,yes
2007,Djibouti,DJI,view_on_fertility_level,too_high
2007,Djibouti,DJI,policy_on_fertility_level,no_intervention
2007,Djibouti,DJI,concern_about_adolescent_fertility,minor_concern
2007,Djibouti,DJI,policies_reduce_adolescent_fertility,no
2007,Dominica,DMA,view_on_fertility_level,satisfactory
2007,Dominica,DMA,policy_on_fertility_level,no_intervention
2007,Dominica,DMA,concern_about_adolescent_fertility,major_concern
2007,Dominica,DMA,policies_reduce_adolescent_fertility,yes
2007,Dominican Republic,DOM,view_on_fertility_level,too_high
2007,Dominican Republic,DOM,policy_on_fertility_level,lower
2007,Dominican Republic,DOM,concern_about_adolescent_fertility,major_concern
2007,Dominican Republic,DOM,policies_reduce_adolescent_fertility,yes
2007,Ecuador,ECU,view_on_fertility_level,satisfactory
2007,Ecuador,ECU,policy_on_fertility_level,maintain
2007,Ecuador,ECU,concern_about_adolescent_fertility,major_concern
2007,Ecuador,ECU,policies_reduce_adolescent_fertility,yes
2007,Egypt,EGY,view_on_fertility_level,too_high
2007,Egypt,EGY,policy_on_fertility_level,lower
2007,Egypt,EGY,concern_about_adolescent_fertility,minor_concern
2007,Egypt,EGY,policies_reduce_adolescent_fertility,yes
2007,El Salvador,SLV,view_on_fertility_level,satisfactory
2007,El Salvador,SLV,policy_on_fertility_level,no_intervention
2007,El Salvador,SLV,concern_about_adolescent_fertility,major_concern
2007,El Salvador,SLV,policies_reduce_adolescent_fertility,yes
2007,Equatorial Guinea,GNQ,view_on_fertility_level,satisfactory
2007,Equatorial Guinea,GNQ,policy_on_fertility_level,maintain
2007,Equatorial Guinea,GNQ,concern_about_adolescent_fertility,major_concern
2007,Equatorial Guinea,GNQ,policies_reduce_adolescent_fertility,yes
2007,Eritrea,ERI,view_on_fertility_level,too_high
2007,Eritrea,ERI,policy_on_fertility_level,lower
2007,Eritrea,ERI,concern_about_adolescent_fertility,minor_concern
2007,Eritrea,ERI,policies_reduce_adolescent_fertility,yes
2007,Estonia,EST,view_on_fertility_level,too_low
2007,Estonia,EST,policy_on_fertility_level,raise
2007,Estonia,EST,concern_about_adolescent_fertility,minor_concern
2007,Estonia,EST,policies_reduce_adolescent_fertility,yes
2007,Ethiopia,ETH,view_on_fertility_level,too_high
2007,Ethiopia,ETH,policy_on_fertility_level,lower
2007,Ethiopia,ETH,concern_about_adolescent_fertility,major_concern
2007,Ethiopia,ETH,policies_reduce_adolescent_fertility,no
2007,Fiji,FJI,view_on_fertility_level,satisfactory
2007,Fiji,FJI,policy_on_fertility_level,lower
2007,Fiji,FJI,concern_about_adolescent_fertility,minor_concern
2007,Fiji,FJI,policies_reduce_adolescent_fertility,yes
2007,Finland,FIN,view_on_fertility_level,satisfactory
2007,Finland,FIN,policy_on_fertility_level,maintain
2007,Finland,FIN,concern_about_adolescent_fertility,minor_concern
2007,Finland,FIN,policies_reduce_adolescent_fertility,yes
2007,France,FRA,view_on_fertility_level,satisfactory
2007,France,FRA,policy_on_fertility_level,raise
2007,France,FRA,concern_about_adolescent_fertility,minor_concern
2007,France,FRA,policies_reduce_adolescent_fertility,yes
2007,Gabon,GAB,view_on_fertility_level,too_low
2007,Gabon,GAB,policy_on_fertility_level,raise
2007,Gabon,GAB,concern_about_adolescent_fertility,minor_concern
2007,Gabon,GAB,policies_reduce_adolescent_fertility,yes
2007,Gambia,GMB,view_on_fertility_level,too_high
2007,Gambia,GMB,policy_on_fertility_level,lower
2007,Gambia,GMB,concern_about_adolescent_fertility,major_concern
2007,Gambia,GMB,policies_reduce_adolescent_fertility,yes
2007,Georgia,GEO,view_on_fertility_level,too_low
2007,Georgia,GEO,policy_on_fertility_level,raise
2007,Georgia,GEO,concern_about_adolescent_fertility,minor_concern
2007,Georgia,GEO,policies_reduce_adolescent_fertility,yes
2007,Germany,DEU,view_on_fertility_level,too_low
2007,Germany,DEU,policy_on_fertility_level,raise
2007,Germany,DEU,concern_about_adolescent_fertility,major_concern
2007,Germany,DEU,policies_reduce_adolescent_fertility,yes
2007,Ghana,GHA,view_on_fertility_level,too_high
2007,Ghana,GHA,policy_on_fertility_level,lower
2007,Ghana,GHA,concern_about_adolescent_fertility,major_concern
2007,Ghana,GHA,policies_reduce_adolescent_fertility,yes
2007,Greece,GRC,view_on_fertility_level,too_low
2007,Greece,GRC,policy_on_fertility_level,raise
2007,Greece,GRC,concern_about_adolescent_fertility,major_concern
2007,Greece,GRC,policies_reduce_adolescent_fertility,yes
2007,Grenada,GRD,view_on_fertility_level,satisfactory
2007,Grenada,GRD,policy_on_fertility_level,no_intervention
2007,Grenada,GRD,concern_about_adolescent_fertility,major_concern
2007,Grenada,GRD,policies_reduce_adolescent_fertility,yes
2007,Guatemala,GTM,view_on_fertility_level,too_high
2007,Guatemala,GTM,policy_on_fertility_level,lower
2007,Guatemala,GTM,concern_about_adolescent_fertility,major_concern
2007,Guatemala,GTM,policies_reduce_adolescent_fertility,yes
2007,Guinea,GIN,view_on_fertility_level,too_high
2007,Guinea,GIN,policy_on_fertility_level,lower
2007,Guinea,GIN,concern_about_adolescent_fertility,minor_concern
2007,Guinea,GIN,policies_reduce_adolescent_fertility,no
2007,Guinea-Bissau,GNB,view_on_fertility_level,too_high
2007,Guinea-Bissau,GNB,policy_on_fertility_level,no_intervention
2007,Guinea-Bissau,GNB,concern_about_adolescent_fertility,major_concern
2007,Guinea-Bissau,GNB,policies_reduce_adolescent_fertility,yes
2007,Guyana,GUY,view_on_fertility_level,satisfactory
2007,Guyana,GUY,policy_on_fertility_level,no_intervention
2007,Guyana,GUY,concern_about_adolescent_fertility,major_concern
2007,Guyana,GUY,policies_reduce_adolescent_fertility,yes
2007,Haiti,HTI,view_on_fertility_level,too_high
2007,Haiti,HTI,policy_on_fertility_level,lower
2007,Haiti,HTI,concern_about_adolescent_fertility,major_concern
2007,Haiti,HTI,policies_reduce_adolescent_fertility,
2007,Holy See,,view_on_fertility_level,satisfactory
2007,Holy See,,policy_on_fertility_level,no_intervention
2007,Holy See,,concern_about_adolescent_fertility,
2007,Holy See,,policies_reduce_adolescent_fertility,
2007,Honduras,HND,view_on_fertility_level,too_high
2007,Honduras,HND,policy_on_fertility_level,lower
2007,Honduras,HND,concern_about_adolescent_fertility,major_concern
2007,Honduras,HND,policies_reduce_adolescent_fertility,yes
2007,Hungary,HUN,view_on_fertility_level,too_low
2007,Hungary,HUN,policy_on_fertility_level,raise
2007,Hungary,HUN,concern_about_adolescent_fertility,minor_concern
2007,Hungary,HUN,policies_reduce_adolescent_fertility,no
2007,Iceland,ISL,view_on_fertility_level,satisfactory
2007,Iceland,ISL,policy_on_fertility_level,maintain
2007,Iceland,ISL,concern_about_adolescent_fertility,minor_concern
2007,Iceland,ISL,policies_reduce_adolescent_fertility,yes
2007,India,IND,view_on_fertility_level,too_high
2007,India,IND,policy_on_fertility_level,lower
2007,India,IND,concern_about_adolescent_fertility,major_concern
2007,India,IND,policies_reduce_adolescent_fertility,yes
2007,Indonesia,IDN,view_on_fertility_level,too_high
2007,Indonesia,IDN,policy_on_fertility_level,lower
2007,Indonesia,IDN,concern_about_adolescent_fertility,major_concern
2007,Indonesia,IDN,policies_reduce_adolescent_fertility,yes
2007,Iran (Islamic Republic of),,view_on_fertility_level,too_high
2007,Iran (Islamic Republic of),,policy_on_fertility_level,lower
2007,Iran (Islamic Republic of),,concern_about_adolescent_fertility,major_concern
2007,Iran (Islamic Republic of),,policies_reduce_adolescent_fertility,yes
2007,Iraq,IRQ,view_on_fertility_level,satisfactory
2007,Iraq,IRQ,policy_on_fertility_level,no_intervention
2007,Iraq,IRQ,concern_about_adolescent_fertility,minor_concern
2007,Iraq,IRQ,policies_reduce_adolescent_fertility,no
2007,Ireland,IRL,view_on_fertility_level,satisfactory
2007,Ireland,IRL,policy_on_fertility_level,maintain
2007,Ireland,IRL,concern_about_adolescent_fertility,major_concern
2007,Ireland,IRL,policies_reduce_adolescent_fertility,yes
2007,Israel,ISR,view_on_fertility_level,too_low
2007,Israel,ISR,policy_on_fertility_level,raise
2007,Israel,ISR,concern_about_adolescent_fertility,not_a_concern
2007,Israel,ISR,policies_reduce_adolescent_fertility,yes
2007,Italy,ITA,view_on_fertility_level,too_low
2007,Italy,ITA,policy_on_fertility_level,raise
2007,Italy,ITA,concern_about_adolescent_fertility,not_a_concern
2007,Italy,ITA,policies_reduce_adolescent_fertility,no
2007,Jamaica,JAM,view_on_fertility_level,too_high
2007,Jamaica,JAM,policy_on_fertility_level,lower
2007,Jamaica,JAM,concern_about_adolescent_fertility,major_concern
2007,Jamaica,JAM,policies_reduce_adolescent_fertility,yes
2007,Japan,JPN,view_on_fertility_level,too_low
2007,Japan,JPN,policy_on_fertility_level,raise
2007,Japan,JPN,concern_about_adolescent_fertility,minor_concern
2007,Japan,JPN,policies_reduce_adolescent_fertility,yes
2007,Jordan,JOR,view_on_fertility_level,too_high
2007,Jordan,JOR,policy_on_fertility_level,lower
2007,Jordan,JOR,concern_about_adolescent_fertility,not_a_concern
2007,Jordan,JOR,policies_reduce_adolescent_fertility,no
2007,Kazakhstan,KAZ,view_on_fertility_level,too_low
2007,Kazakhstan,KAZ,policy_on_fertility_level,raise
2007,Kazakhstan,KAZ,concern_about_adolescent_fertility,major_concern
2007,Kazakhstan,KAZ,policies_reduce_adolescent_fertility,yes
2007,Kenya,KEN,view_on_fertility_level,too_high
2007,Kenya,KEN,policy_on_fertility_level,lower
2007,Kenya,KEN,concern_about_adolescent_fertility,major_concern
2007,Kenya,KEN,policies_reduce_adolescent_fertility,yes
2007,Kiribati,KIR,view_on_fertility_level,too_high
2007,Kiribati,KIR,policy_on_fertility_level,lower
2007,Kiribati,KIR,concern_about_adolescent_fertility,minor_concern
2007,Kiribati,KIR,policies_reduce_adolescent_fertility,yes
2007,Kuwait,KWT,view_on_fertility_level,too_low
2007,Kuwait,KWT,policy_on_fertility_level,raise
2007,Kuwait,KWT,concern_about_adolescent_fertility,minor_concern
2007,Kuwait,KWT,policies_reduce_adolescent_fertility,yes
2007,Kyrgyzstan,KGZ,view_on_fertility_level,satisfactory
2007,Kyrgyzstan,KGZ,policy_on_fertility_level,maintain
2007,Kyrgyzstan,KGZ,concern_about_adolescent_fertility,major_concern
2007,Kyrgyzstan,KGZ,policies_reduce_adolescent_fertility,yes
2007,Lao People's Democratic Republic,,view_on_fertility_level,too_high
2007,Lao People's Democratic Republic,,policy_on_fertility_level,lower
2007,Lao People's Democratic Republic,,concern_about_adolescent_fertility,minor_concern
2007,Lao People's Democratic Republic,,policies_reduce_adolescent_fertility,yes
2007,Latvia,LVA,view_on_fertility_level,too_low
2007,Latvia,LVA,policy_on_fertility_level,raise
2007,Latvia,LVA,concern_about_adolescent_fertility,major_concern
2007,Latvia,LVA,policies_reduce_adolescent_fertility,yes
2007,Lebanon,LBN,view_on_fertility_level,too_high
2007,Lebanon,LBN,policy_on_fertility_level,lower
2007,Lebanon,LBN,concern_about_adolescent_fertility,minor_concern
2007,Lebanon,LBN,policies_reduce_adolescent_fertility,yes
2007,Lesotho,LSO,view_on_fertility_level,too_high
2007,Lesotho,LSO,policy_on_fertility_level,lower
2007,Lesotho,LSO,concern_about_adolescent_fertility,major_concern
2007,Lesotho,LSO,policies_reduce_adolescent_fertility,yes
2007,Liberia,LBR,view_on_fertility_level,too_high
2007,Liberia,LBR,policy_on_fertility_level,lower
2007,Liberia,LBR,concern_about_adolescent_fertility,major_concern
2007,Liberia,LBR,policies_reduce_adolescent_fertility,yes
2007,Libya,LBY,view_on_fertility_level,satisfactory
2007,Libya,LBY,policy_on_fertility_level,no_intervention
2007,Libya,LBY,concern_about_adolescent_fertility,minor_concern
2007,Libya,LBY,policies_reduce_adolescent_fertility,yes
2007,Liechtenstein,LIE,view_on_fertility_level,too_low
2007,Liechtenstein,LIE,policy_on_fertility_level,no_intervention
2007,Liechtenstein,LIE,concern_about_adolescent_fertility,not_a_concern
2007,Liechtenstein,LIE,policies_reduce_adolescent_fertility,no
2007,Lithuania,LTU,view_on_fertility_level,too_low
2007,Lithuania,LTU,policy_on_fertility_level,raise
2007,Lithuania,LTU,concern_about_adolescent_fertility,major_concern
2007,Lithuania,LTU,policies_reduce_adolescent_fertility,yes
2007,Luxembourg,LUX,view_on_fertility_level,satisfactory
2007,Luxembourg,LUX,policy_on_fertility_level,maintain
2007,Luxembourg,LUX,concern_about_adolescent_fertility,
2007,Luxembourg,LUX,policies_reduce_adolescent_fertility,
2007,Madagascar,MDG,view_on_fertility_level,too_high
2007,Madagascar,MDG,policy_on_fertility_level,lower
2007,Madagascar,MDG,concern_about_adolescent_fertility,major_concern
2007,Madagascar,MDG,policies_reduce_adolescent_fertility,yes
2007,Malawi,MWI,view_on_fertility_level,too_high
2007,Malawi,MWI,policy_on_fertility_level,lower
2007,Malawi,MWI,concern_about_adolescent_fertility,major_concern
2007,Malawi,MWI,policies_reduce_adolescent_fertility,yes
2007,Malaysia,MYS,view_on_fertility_level,satisfactory
2007,Malaysia,MYS,policy_on_fertility_level,no_intervention
2007,Malaysia,MYS,concern_about_adolescent_fertility,major_concern
2007,Malaysia,MYS,policies_reduce_adolescent_fertility,yes
2007,Maldives,MDV,view_on_fertility_level,too_high
2007,Maldives,MDV,policy_on_fertility_level,lower
2007,Maldives,MDV,concern_about_adolescent_fertility,major_concern
2007,Maldives,MDV,policies_reduce_adolescent_fertility,yes
2007,Mali,MLI,view_on_fertility_level,too_high
2007,Mali,MLI,policy_on_fertility_level,lower
2007,Mali,MLI,concern_about_adolescent_fertility,minor_concern
2007,Mali,MLI,policies_reduce_adolescent_fertility,no
2007,Malta,MLT,view_on_fertility_level,too_low
2007,Malta,MLT,policy_on_fertility_level,no_intervention
2007,Malta,MLT,concern_about_adolescent_fertility,minor_concern
2007,Malta,MLT,policies_reduce_adolescent_fertility,yes
2007,Marshall Islands,MHL,view_on_fertility_level,too_high
2007,Marshall Islands,MHL,policy_on_fertility_level,lower
2007,Marshall Islands,MHL,concern_about_adolescent_fertility,major_concern
2007,Marshall Islands,MHL,policies_reduce_adolescent_fertility,yes
2007,Mauritania,MRT,view_on_fertility_level,too_high
2007,Mauritania,MRT,policy_on_fertility_level,lower
2007,Mauritania,MRT,concern_about_adolescent_fertility,minor_concern
2007,Mauritania,MRT,policies_reduce_adolescent_fertility,no
2007,Mauritius,MUS,view_on_fertility_level,satisfactory
2007,Mauritius,MUS,policy_on_fertility_level,maintain
2007,Mauritius,MUS,concern_about_adolescent_fertility,major_concern
2007,Mauritius,MUS,policies_reduce_adolescent_fertility,yes
2007,Mexico,MEX,view_on_fertility_level,satisfactory
2007,Mexico,MEX,policy_on_fertility_level,lower
2007,Mexico,MEX,concern_about_adolescent_fertility,major_concern
2007,Mexico,MEX,policies_reduce_adolescent_fertility,yes
2007,Micronesia (Federated States of),,view_on_fertility_level,too_high
2007,Micronesia (Federated States of),,policy_on_fertility_level,lower
2007,Micronesia (Federated States of),,concern_about_adolescent_fertility,major_concern
2007,Micronesia (Federated States of),,policies_reduce_adolescent_fertility,yes
2007,Monaco,MCO,view_on_fertility_level,satisfactory
2007,Monaco,MCO,policy_on_fertility_level,maintain
2007,Monaco,MCO,concern_about_adolescent_fertility,not_a_concern
2007,Monaco,MCO,policies_reduce_adolescent_fertility,no
2007,Mongolia,MNG,view_on_fertility_level,too_low
2007,Mongolia,MNG,policy_on_fertility_level,raise
2007,Mongolia,MNG,concern_about_adolescent_fertility,major_concern
2007,Mongolia,MNG,policies_reduce_adolescent_fertility,yes
2007,Montenegro,MNE,view_on_fertility_level,too_low
2007,Montenegro,MNE,policy_on_fertility_level,raise
2007,Montenegro,MNE,concern_about_adolescent_fertility,minor_concern
2007,Montenegro,MNE,policies_reduce_adolescent_fertility,yes
2007,Morocco,MAR,view_on_fertility_level,satisfactory
2007,Morocco,MAR,policy_on_fertility_level,lower
2007,Morocco,MAR,concern_about_adolescent_fertility,minor_concern
2007,Morocco,MAR,policies_reduce_adolescent_fertility,yes
2007,Mozambique,MOZ,view_on_fertility_level,too_high
2007,Mozambique,MOZ,policy_on_fertility_level,lower
2007,Mozambique,MOZ,concern_about_adolescent_fertility,major_concern
2007,Mozambique,MOZ,policies_reduce_adolescent_fertility,yes
2007,Myanmar,MMR,view_on_fertility_level,satisfactory
2007,Myanmar,MMR,policy_on_fertility_level,maintain
2007,Myanmar,MMR,concern_about_adolescent_fertility,major_concern
2007,Myanmar,MMR,policies_reduce_adolescent_fertility,yes
2007,Namibia,NAM,view_on_fertility_level,satisfactory
2007,Namibia,NAM,policy_on_fertility_level,lower
2007,Namibia,NAM,concern_about_adolescent_fertility,major_concern
2007,Namibia,NAM,policies_reduce_adolescent_fertility,yes
2007,Nauru,NRU,view_on_fertility_level,satisfactory
2007,Nauru,NRU,policy_on_fertility_level,maintain
2007,Nauru,NRU,concern_about_adolescent_fertility,
2007,Nauru,NRU,policies_reduce_adolescent_fertility,
2007,Nepal,NPL,view_on_fertility_level,too_high
2007,Nepal,NPL,policy_on_fertility_level,lower
2007,Nepal,NPL,concern_about_adolescent_fertility,major_concern
2007,Nepal,NPL,policies_reduce_adolescent_fertility,yes
2007,Netherlands,NLD,view_on_fertility_level,satisfactory
2007,Netherlands,NLD,policy_on_fertility_level,no_intervention
2007,Netherlands,NLD,concern_about_adolescent_fertility,major_concern
2007,Netherlands,NLD,policies_reduce_adolescent_fertility,yes
2007,New Zealand,NZL,view_on_fertility_level,satisfactory
2007,New Zealand,NZL,policy_on_fertility_level,maintain
2007,New Zealand,NZL,concern_about_adolescent_fertility,major_concern
2007,New Zealand,NZL,policies_reduce_adolescent_fertility,yes
2007,Nicaragua,NIC,view_on_fertility_level,too_high
2007,Nicaragua,NIC,policy_on_fertility_level,lower
2007,Nicaragua,NIC,concern_about_adolescent_fertility,major_concern
2007,Nicaragua,NIC,policies_reduce_adolescent_fertility,yes
2007,Niger,NER,view_on_fertility_level,too_high
2007,Niger,NER,policy_on_fertility_level,lower
2007,Niger,NER,concern_about_adolescent_fertility,major_concern
2007,Niger,NER,policies_reduce_adolescent_fertility,yes
2007,Nigeria,NGA,view_on_fertility_level,too_high
2007,Nigeria,NGA,policy_on_fertility_level,lower
2007,Nigeria,NGA,concern_about_adolescent_fertility,major_concern
2007,Nigeria,NGA,policies_reduce_adolescent_fertility,
2007,Niue,,view_on_fertility_level,too_low
2007,Niue,,policy_on_fertility_level,raise
2007,Niue,,concern_about_adolescent_fertility,major_concern
2007,Niue,,policies_reduce_adolescent_fertility,yes
2007,Norway,NOR,view_on_fertility_level,satisfactory
2007,Norway,NOR,policy_on_fertility_level,maintain
2007,Norway,NOR,concern_about_adolescent_fertility,minor_concern
2007,Norway,NOR,policies_reduce_adolescent_fertility,yes
2007,Oman,OMN,view_on_fertility_level,too_high
2007,Oman,OMN,policy_on_fertility_level,lower
2007,Oman,OMN,concern_about_adolescent_fertility,minor_concern
2007,Oman,OMN,policies_reduce_adolescent_fertility,yes
2007,Pakistan,PAK,view_on_fertility_level,too_high
2007,Pakistan,PAK,policy_on_fertility_level,lower
2007,Pakistan,PAK,concern_about_adolescent_fertility,major_concern
2007,Pakistan,PAK,policies_reduce_adolescent_fertility,yes
2007,Palau,PLW,view_on_fertility_level,too_low
2007,Palau,PLW,policy_on_fertility_level,no_intervention
2007,Palau,PLW,concern_about_adolescent_fertility,minor_concern
2007,Palau,PLW,policies_reduce_adolescent_fertility,no
2007,Panama,PAN,view_on_fertility_level,satisfactory
2007,Panama,PAN,policy_on_fertility_level,maintain
2007,Panama,PAN,concern_about_adolescent_fertility,major_concern
2007,Panama,PAN,policies_reduce_adolescent_fertility,yes
2007,Papua New Guinea,PNG,view_on_fertility_level,too_high
2007,Papua New Guinea,PNG,policy_on_fertility_level,lower
2007,Papua New Guinea,PNG,concern_about_adolescent_fertility,major_concern
2007,Papua New Guinea,PNG,policies_reduce_adolescent_fertility,yes
2007,Paraguay,PRY,view_on_fertility_level,too_high
2007,Paraguay,PRY,policy_on_fertility_level,no_intervention
2007,Paraguay,PRY,concern_about_adolescent_fertility,major_concern
2007,Paraguay,PRY,policies_reduce_adolescent_fertility,yes
2007,Peru,PER,view_on_fertility_level,too_high
2007,Peru,PER,policy_on_fertility_level,lower
2007,Peru,PER,concern_about_adolescent_fertility,major_concern
2007,Peru,PER,policies_reduce_adolescent_fertility,yes
2007,Philippines,PHL,view_on_fertility_level,too_high
2007,Philippines,PHL,policy_on_fertility_level,lower
2007,Philippines,PHL,concern_about_adolescent_fertility,major_concern
2007,Philippines,PHL,policies_reduce_adolescent_fertility,yes
2007,Poland,POL,view_on_fertility_level,too_low
2007,Poland,POL,policy_on_fertility_level,raise
2007,Poland,POL,concern_about_adolescent_fertility,major_concern
2007,Poland,POL,policies_reduce_adolescent_fertility,no
2007,Portugal,PRT,view_on_fertility_level,too_low
2007,Portugal,PRT,policy_on_fertility_level,raise
2007,Portugal,PRT,concern_about_adolescent_fertility,major_concern
2007,Portugal,PRT,policies_reduce_adolescent_fertility,yes
2007,Qatar,QAT,view_on_fertility_level,satisfactory
2007,Qatar,QAT,policy_on_fertility_level,maintain
2007,Qatar,QAT,concern_about_adolescent_fertility,
2007,Qatar,QAT,policies_reduce_adolescent_fertility,no
2007,Republic of Korea,KOR,view_on_fertility_level,too_low
2007,Republic of Korea,KOR,policy_on_fertility_level,raise
2007,Republic of Korea,KOR,concern_about_adolescent_fertility,major_concern
2007,Republic of Korea,KOR,policies_reduce_adolescent_fertility,yes
2007,Republic of Moldova,MDA,view_on_fertility_level,too_low
2007,Republic of Moldova,MDA,policy_on_fertility_level,raise
2007,Republic of Moldova,MDA,concern_about_adolescent_fertility,not_a_concern
2007,Republic of Moldova,MDA,policies_reduce_adolescent_fertility,no
2007,Romania,ROU,view_on_fertility_level,too_low
2007,Romania,ROU,policy_on_fertility_level,raise
2007,Romania,ROU,concern_about_adolescent_fertility,minor_concern
2007,Romania,ROU,policies_reduce_adolescent_fertility,yes
2007,Russian Federation,RUS,view_on_fertility_level,too_low
2007,Russian Federation,RUS,policy_on_fertility_level,raise
2007,Russian Federation,RUS,concern_about_adolescent_fertility,major_concern
2007,Russian Federation,RUS,policies_reduce_adolescent_fertility,no
2007,Rwanda,RWA,view_on_fertility_level,too_high
2007,Rwanda,RWA,policy_on_fertility_level,lower
2007,Rwanda,RWA,concern_about_adolescent_fertility,major_concern
2007,Rwanda,RWA,policies_reduce_adolescent_fertility,yes
2007,Saint Kitts and Nevis,KNA,view_on_fertility_level,satisfactory
2007,Saint Kitts and Nevis,KNA,policy_on_fertility_level,no_intervention
2007,Saint Kitts and Nevis,KNA,concern_about_adolescent_fertility,minor_concern
2007,Saint Kitts and Nevis,KNA,policies_reduce_adolescent_fertility,yes
2007,Saint Lucia,LCA,view_on_fertility_level,satisfactory
2007,Saint Lucia,LCA,policy_on_fertility_level,maintain
2007,Saint Lucia,LCA,concern_about_adolescent_fertility,major_concern
2007,Saint Lucia,LCA,policies_reduce_adolescent_fertility,yes
2007,Saint Vincent and the Grenadines,VCT,view_on_fertility_level,satisfactory
2007,Saint Vincent and the Grenadines,VCT,policy_on_fertility_level,maintain
2007,Saint Vincent and the Grenadines,VCT,concern_about_adolescent_fertility,major_concern
2007,Saint Vincent and the Grenadines,VCT,policies_reduce_adolescent_fertility,yes
2007,Samoa,WSM,view_on_fertility_level,too_high
2007,Samoa,WSM,policy_on_fertility_level,lower
2007,Samoa,WSM,concern_about_adolescent_fertility,major_concern
2007,Samoa,WSM,policies_reduce_adolescent_fertility,yes
2007,San Marino,SMR,view_on_fertility_level,satisfactory
2007,San Marino,SMR,policy_on_fertility_level,no_intervention
2007,San Marino,SMR,concern_about_adolescent_fertility,not_a_concern
2007,San Marino,SMR,policies_reduce_adolescent_fertility,no
2007,Sao Tome and Principe,STP,view_on_fertility_level,too_high
2007,Sao Tome and Principe,STP,policy_on_fertility_level,no_intervention
2007,Sao Tome and Principe,STP,concern_about_adolescent_fertility,minor_concern
2007,Sao Tome and Principe,STP,policies_reduce_adolescent_fertility,yes
2007,Saudi Arabia,SAU,view_on_fertility_level,satisfactory
2007,Saudi Arabia,SAU,policy_on_fertility_level,maintain
2007,Saudi Arabia,SAU,concern_about_adolescent_fertility,major_concern
2007,Saudi Arabia,SAU,policies_reduce_adolescent_fertility,yes
2007,Senegal,SEN,view_on_fertility_level,too_high
2007,Senegal,SEN,policy_on_fertility_level,lower
2007,Senegal,SEN,concern_about_adolescent_fertility,major_concern
2007,Senegal,SEN,policies_reduce_adolescent_fertility,yes
2007,Serbia,SRB,view_on_fertility_level,too_low
2007,Serbia,SRB,policy_on_fertility_level,raise
2007,Serbia,SRB,concern_about_adolescent_fertility,minor_concern
2007,Serbia,SRB,policies_reduce_adolescent_fertility,no
2007,Seychelles,SYC,view_on_fertility_level,satisfactory
2007,Seychelles,SYC,policy_on_fertility_level,no_intervention
2007,Seychelles,SYC,concern_about_adolescent_fertility,major_concern
2007,Seychelles,SYC,policies_reduce_adolescent_fertility,yes
2007,Sierra Leone,SLE,view_on_fertility_level,too_high
2007,Sierra Leone,SLE,policy_on_fertility_level,lower
2007,Sierra Leone,SLE,concern_about_adolescent_fertility,major_concern
2007,Sierra Leone,SLE,policies_reduce_adolescent_fertility,yes
2007,Singapore,SGP,view_on_fertility_level,too_low
2007,Singapore,SGP,policy_on_fertility_level,raise
2007,Singapore,SGP,concern_about_adolescent_fertility,minor_concern
2007,Singapore,SGP,policies_reduce_adolescent_fertility,yes
2007,Slovakia,SVK,view_on_fertility_level,too_low
2007,Slovakia,SVK,policy_on_fertility_level,raise
2007,Slovakia,SVK,concern_about_adolescent_fertility,not_a_concern
2007,Slovakia,SVK,policies_reduce_adolescent_fertility,no
2007,Slovenia,SVN,view_on_fertility_level,too_low
2007,Slovenia,SVN,policy_on_fertility_level,raise
2007,Slovenia,SVN,concern_about_adolescent_fertility,minor_concern
2007,Slovenia,SVN,policies_reduce_adolescent_fertility,yes
2007,Solomon Islands,SLB,view_on_fertility_level,too_high
2007,Solomon Islands,SLB,policy_on_fertility_level,lower
2007,Solomon Islands,SLB,concern_about_adolescent_fertility,minor_concern
2007,Solomon Islands,SLB,policies_reduce_adolescent_fertility,yes
2007,Somalia,,view_on_fertility_level,satisfactory
2007,Somalia,,policy_on_fertility_level,no_intervention
2007,Somalia,,concern_about_adolescent_fertility,
2007,Somalia,,policies_reduce_adolescent_fertility,
2007,South Africa,ZAF,view_on_fertility_level,satisfactory
2007,South Africa,ZAF,policy_on_fertility_level,maintain
2007,South Africa,ZAF,concern_about_adolescent_fertility,major_concern
2007,South Africa,ZAF,policies_reduce_adolescent_fertility,yes
2007,Spain,ESP,view_on_fertility_level,too_low
2007,Spain,ESP,policy_on_fertility_level,raise
2007,Spain,ESP,concern_about_adolescent_fertility,minor_concern
2007,Spain,ESP,policies_reduce_adolescent_fertility,yes
2007,Sri Lanka,LKA,view_on_fertility_level,satisfactory
2007,Sri Lanka,LKA,policy_on_fertility_level,maintain
2007,Sri Lanka,LKA,concern_about_adolescent_fertility,minor_concern
2007,Sri Lanka,LKA,policies_reduce_adolescent_fertility,yes
2007,Sudan (including South Sudan),,view_on_fertility_level,too_high
2007,Sudan (including South Sudan),,policy_on_fertility_level,lower
2007,Sudan (including South Sudan),,concern_about_adolescent_fertility,not_a_concern
2007,Sudan (including South Sudan),,policies_reduce_adolescent_fertility,no
2007,Suriname,SUR,view_on_fertility_level,satisfactory
2007,Suriname,SUR,policy_on_fertility_level,maintain
2007,Suriname,SUR,concern_about_adolescent_fertility,major_concern
2007,Suriname,SUR,policies_reduce_adolescent_fertility,yes
2007,Swaziland,SWZ,view_on_fertility_level,too_high
2007,Swaziland,SWZ,policy_on_fertility_level,lower
2007,Swaziland,SWZ,concern_about_adolescent_fertility,minor_concern
2007,Swaziland,SWZ,policies_reduce_adolescent_fertility,yes
2007,Sweden,SWE,view_on_fertility_level,satisfactory
2007,Sweden,SWE,policy_on_fertility_level,no_intervention
2007,Sweden,SWE,concern_about_adolescent_fertility,minor_concern
2007,Sweden,SWE,policies_reduce_adolescent_fertility,yes
2007,Switzerland,CHE,view_on_fertility_level,too_low
2007,Switzerland,CHE,policy_on_fertility_level,no_intervention
2007,Switzerland,CHE,concern_about_adolescent_fertility,
2007,Switzerland,CHE,policies_reduce_adolescent_fertility,no
2007,Syrian Arab Republic,SYR,view_on_fertility_level,too_high
2007,Syrian Arab Republic,SYR,policy_on_fertility_level,no_intervention
2007,Syrian Arab Republic,SYR,concern_about_adolescent_fertility,
2007,Syrian Arab Republic,SYR,policies_reduce_adolescent_fertility,
2007,Tajikistan,TJK,view_on_fertility_level,too_high
2007,Tajikistan,TJK,policy_on_fertility_level,lower
2007,Tajikistan,TJK,concern_about_adolescent_fertility,minor_concern
2007,Tajikistan,TJK,policies_reduce_adolescent_fertility,yes
2007,Thailand,THA,view_on_fertility_level,satisfactory
2007,Thailand,THA,policy_on_fertility_level,maintain
2007,Thailand,THA,concern_about_adolescent_fertility,major_concern
2007,Thailand,THA,policies_reduce_adolescent_fertility,yes
2007,The former Yugoslav Rep. of Macedonia,MKD,view_on_fertility_level,satisfactory
2007,The former Yugoslav Rep. of Macedonia,MKD,policy_on_fertility_level,no_intervention
2007,The former Yugoslav Rep. of Macedonia,MKD,concern_about_adolescent_fertility,
2007,The former Yugoslav Rep. of Macedonia,MKD,policies_reduce_adolescent_fertility,
2007,Timor-Leste,TLS,view_on_fertility_level,too_high
2007,Timor-Leste,TLS,policy_on_fertility_level,no_intervention
2007,Timor-Leste,TLS,concern_about_adolescent_fertility,
2007,Timor-Leste,TLS,policies_reduce_adolescent_fertility,
2007,Togo,TGO,view_on_fertility_level,too_high
2007,Togo,TGO,policy_on_fertility_level,lower
2007,Togo,TGO,concern_about_adolescent_fertility,minor_concern
2007,Togo,TGO,policies_reduce_adolescent_fertility,yes
2007,Tonga,TON,view_on_fertility_level,satisfactory
2007,Tonga,TON,policy_on_fertility_level,maintain
2007,Tonga,TON,concern_about_adolescent_fertility,minor_concern
2007,Tonga,TON,policies_reduce_adolescent_fertility,no
2007,Trinidad and Tobago,TTO,view_on_fertility_level,satisfactory
2007,Trinidad and Tobago,TTO,policy_on_fertility_level,maintain
2007,Trinidad and Tobago,TTO,concern_about_adolescent_fertility,major_concern
2007,Trinidad and Tobago,TTO,policies_reduce_adolescent_fertility,yes
2007,Tunisia,TUN,view_on_fertility_level,satisfactory
2007,Tunisia,TUN,policy_on_fertility_level,lower
2007,Tunisia,TUN,concern_about_adolescent_fertility,not_a_concern
2007,Tunisia,TUN,policies_reduce_adolescent_fertility,no
2007,Turkey,TUR,view_on_fertility_level,satisfactory
2007,Turkey,TUR,policy_on_fertility_level,maintain
2007,Turkey,TUR,concern_about_adolescent_fertility,minor_concern
2007,Turkey,TUR,policies_reduce_adolescent_fertility,yes
2007,Turkmenistan,TKM,view_on_fertility_level,satisfactory
2007,Turkmenistan,TKM,policy_on_fertility_level,maintain
2007,Turkmenistan,TKM,concern_about_adolescent_fertility,
2007,Turkmenistan,TKM,policies_reduce_adolescent_fertility,
2007,Tuvalu,TUV,view_on_fertility_level,too_high
2007,Tuvalu,TUV,policy_on_fertility_level,lower
2007,Tuvalu,TUV,concern_about_adolescent_fertility,major_concern
2007,Tuvalu,TUV,policies_reduce_adolescent_fertility,yes
2007,Uganda,UGA,view_on_fertility_level,too_high
2007,Uganda,UGA,policy_on_fertility_level,lower
2007,Uganda,UGA,concern_about_adolescent_fertility,major_concern
2007,Uganda,UGA,policies_reduce_adolescent_fertility,yes
2007,Ukraine,UKR,view_on_fertility_level,too_low
2007,Ukraine,UKR,policy_on_fertility_level,raise
2007,Ukraine,UKR,concern_about_adolescent_fertility,major_concern
2007,Ukraine,UKR,policies_reduce_adolescent_fertility,yes
2007,United Arab Emirates,ARE,view_on_fertility_level,too_low
2007,United Arab Emirates,ARE,policy_on_fertility_level,maintain
2007,United Arab Emirates,ARE,concern_about_adolescent_fertility,not_a_concern
2007,United Arab Emirates,ARE,policies_reduce_adolescent_fertility,no
2007,United Kingdom,GBR,view_on_fertility_level,satisfactory
2007,United Kingdom,GBR,policy_on_fertility_level,no_intervention
2007,United Kingdom,GBR,concern_about_adolescent_fertility,major_concern
2007,United Kingdom,GBR,policies_reduce_adolescent_fertility,yes
2007,United Republic of Tanzania,TZA,view_on_fertility_level,too_high
2007,United Republic of Tanzania,TZA,policy_on_fertility_level,lower
2007,United Republic of Tanzania,TZA,concern_about_adolescent_fertility,major_concern
2007,United Republic of Tanzania,TZA,policies_reduce_adolescent_fertility,yes
2007,United States of America,USA,view_on_fertility_level,satisfactory
2007,United States of America,USA,policy_on_fertility_level,no_intervention
2007,United States of America,USA,concern_about_adolescent_fertility,major_concern
2007,United States of America,USA,policies_reduce_adolescent_fertility,yes
2007,Uruguay,URY,view_on_fertility_level,too_low
2007,Uruguay,URY,policy_on_fertility_level,no_intervention
2007,Uruguay,URY,concern_about_adolescent_fertility,major_concern
2007,Uruguay,URY,policies_reduce_adolescent_fertility,yes
2007,Uzbekistan,UZB,view_on_fertility_level,satisfactory
2007,Uzbekistan,UZB,policy_on_fertility_level,maintain
2007,Uzbekistan,UZB,concern_about_adolescent_fertility,minor_concern
2007,Uzbekistan,UZB,policies_reduce_adolescent_fertility,yes
2007,Vanuatu,VUT,view_on_fertility_level,too_high
2007,Vanuatu,VUT,policy_on_fertility_level,lower
2007,Vanuatu,VUT,concern_about_adolescent_fertility,major_concern
2007,Vanuatu,VUT,policies_reduce_adolescent_fertility,yes
2007,Venezuela (Bolivarian Republic of),,view_on_fertility_level,satisfactory
2007,Venezuela (Bolivarian Republic of),,policy_on_fertility_level,no_intervention
2007,Venezuela (Bolivarian Republic of),,concern_about_adolescent_fertility,major_concern
2007,Venezuela (Bolivarian Republic of),,policies_reduce_adolescent_fertility,yes
2007,Viet Nam,VNM,view_on_fertility_level,too_high
2007,Viet Nam,VNM,policy_on_fertility_level,lower
2007,Viet Nam,VNM,concern_about_adolescent_fertility,major_concern
2007,Viet Nam,VNM,policies_reduce_adolescent_fertility,yes
2007,Yemen,YEM,view_on_fertility_level,too_high
2007,Yemen,YEM,policy_on_fertility_level,lower
2007,Yemen,YEM,concern_about_adolescent_fertility,major_concern
2007,Yemen,YEM,policies_reduce_adolescent_fertility,yes
2007,Zambia,ZMB,view_on_fertility_level,too_high
2007,Zambia,ZMB,policy_on_fertility_level,lower
2007,Zambia,ZMB,concern_about_adolescent_fertility,major_concern
2007,Zambia,ZMB,policies_reduce_adolescent_fertility,yes
2007,Zimbabwe,ZWE,view_on_fertility_level,too_high
2007,Zimbabwe,ZWE,policy_on_fertility_level,lower
2007,Zimbabwe,ZWE,concern_about_adolescent_fertility,minor_concern
2007,Zimbabwe,ZWE,policies_reduce_adolescent_fertility,no
2007,Afghanistan,AFG,family_planning_support,direct_support
2007,Afghanistan,AFG,abortion_grounds,1
2007,Albania,ALB,family_planning_support,direct_support
2007,Albania,ALB,abortion_grounds,1|2|3|4|5|6|7
2007,Algeria,DZA,family_planning_support,direct_support
2007,Algeria,DZA,abortion_grounds,1|2|3
2007,Andorra,AND,family_planning_support,no_support
2007,Andorra,AND,abortion_grounds,1
2007,Angola,AGO,family_planning_support,direct_support
2007,Angola,AGO,abortion_grounds,1
2007,Antigua and Barbuda,ATG,family_planning_support,direct_support
2007,Antigua and Barbuda,ATG,abortion_grounds,1
2007,Argentina,ARG,family_planning_support,direct_support
2007,Argentina,ARG,abortion_grounds,1|2|3|4
2007,Armenia,ARM,family_planning_support,indirect_support
2007,Armenia,ARM,abortion_grounds,1|2|3|4|5|6|7
2007,Australia,AUS,family_planning_support,indirect_support
2007,Australia,AUS,abortion_grounds,1|2|3|4|5|6|7
2007,Austria,AUT,family_planning_support,no_support
2007,Austria,AUT,abortion_grounds,1|2|3|4|5|6|7
2007,Azerbaijan,AZE,family_planning_support,direct_support
2007,Azerbaijan,AZE,abortion_grounds,1|2|3|4|5|6|7
2007,Bahamas,BHS,family_planning_support,direct_support
2007,Bahamas,BHS,abortion_grounds,1|2|3
2007,Bahrain,BHR,family_planning_support,direct_support
2007,Bahrain,BHR,abortion_grounds,1|2|3|4|5|6|7
2007,Bangladesh,BGD,family_planning_support,direct_support
2007,Bangladesh,BGD,abortion_grounds,1
2007,Barbados,BRB,family_planning_support,direct_support
2007,Barbados,BRB,abortion_grounds,1|2|3|4|5|6
2007,Belarus,BLR,family_planning_support,direct_support
2007,Belarus,BLR,abortion_grounds,1|2|3|4|5|6|7
2007,Belgium,BEL,family_planning_support,direct_support
2007,Belgium,BEL,abortion_grounds,1|2|3|4|5|6|7
2007,Belize,BLZ,family_planning_support,indirect_support
2007,Belize,BLZ,abortion_grounds,1|2|3|5|6
2007,Benin,BEN,family_planning_support,direct_support
2007,Benin,BEN,abortion_grounds,1|2|3|4|5
2007,Bhutan,BTN,family_planning_support,direct_support
2007,Bhutan,BTN,abortion_grounds,1|5
2007,Bolivia (Plurinational State of),BOL,family_planning_support,direct_support
2007,Bolivia (Plurinational State of),BOL,abortion_grounds,1|2|3|4
2007,Bosnia and Herzegovina,BIH,family_planning_support,indirect_support
2007,Bosnia and Herzegovina,BIH,abortion_grounds,1|2|3|4|5|6|7
2007,Botswana,BWA,family_planning_support,direct_support
2007,Botswana,BWA,abortion_grounds,1|2|3|4|5
2007,Brazil,BRA,family_planning_support,direct_support
2007,Brazil,BRA,abortion_grounds,1|4
2007,Brunei Darussalam,BRN,family_planning_support,no_support
2007,Brunei Darussalam,BRN,abortion_grounds,1
2007,Bulgaria,BGR,family_planning_support,indirect_support
2007,Bulgaria,BGR,abortion_grounds,1|2|3|4|5|6|7
2007,Burkina Faso,BFA,family_planning_support,direct_support
2007,Burkina Faso,BFA,abortion_grounds,1|2|3|4|5
2007,Burundi,BDI,family_planning_support,direct_support
2007,Burundi,BDI,abortion_grounds,1|2|3
2007,Cabo Verde,CPV,family_planning_support,direct_support
2007,Cabo Verde,CPV,abortion_grounds,1|2|3|4|5|6|7
2007,Cambodia,KHM,family_planning_support,direct_support
2007,Cambodia,KHM,abortion_grounds,1|2|3|4|5|6|7
2007,Cameroon,CMR,family_planning_support,indirect_support
2007,Cameroon,CMR,abortion_grounds,1|2|3|4
2007,Canada,CAN,family_planning_support,indirect_support
2007,Canada,CAN,abortion_grounds,1|2|3|4|5|6|7
2007,Central African Republic,CAF,family_planning_support,indirect_support
2007,Central African Republic,CAF,abortion_grounds,1
2007,Chad,TCD,family_planning_support,direct_support
2007,Chad,TCD,abortion_grounds,1|2|5
2007,Chile,CHL,family_planning_support,direct_support
2007,Chile,CHL,abortion_grounds,not_permitted
2007,China,CHN,family_planning_support,direct_support
2007,China,CHN,abortion_grounds,1|2|3|4|5|6|7
2007,Colombia,COL,family_planning_support,direct_support
2007,Colombia,COL,abortion_grounds,1|2|3|4|5
2007,Comoros,COM,family_planning_support,direct_support
2007,Comoros,COM,abortion_grounds,1|2|3
2007,Congo,,family_planning_support,direct_support
2007,Congo,,abortion_grounds,1
2007,Cook Islands,,family_planning_support,direct_support
2007,Cook Islands,,abortion_grounds,1|2|3|4
2007,Costa Rica,CRI,family_planning_support,direct_support
2007,Costa Rica,CRI,abortion_grounds,1|2|3
2007,Côte d'Ivoire,CIV,family_planning_support,direct_support
2007,Côte d'Ivoire,CIV,abortion_grounds,1
2007,Croatia,HRV,family_planning_support,direct_support
2007,Croatia,HRV,abortion_grounds,1|2|3|4|5|6|7
2007,Cuba,CUB,family_planning_support,direct_support
2007,Cuba,CUB,abortion_grounds,1|2|3|4|5|6|7
2007,Cyprus,CYP,family_planning_support,direct_support
2007,Cyprus,CYP,abortion_grounds,1|2|3|4|5
2007,Czech Republic,CZE,family_planning_support,indirect_support
2007,Czech Republic,CZE,abortion_grounds,1|2|3|4|5|6|7
2007,Democratic People's Republic of Korea,PRK,family_planning_support,direct_support
2007,Democratic People's Republic of Korea,PRK,abortion_grounds,1|2|3|4|5|6|7
2007,Democratic Republic of the Congo,,family_planning_support,direct_support
2007,Democratic Republic of the Congo,,abortion_grounds,1
2007,Denmark,DNK,family_planning_support,indirect_support
2007,Denmark,DNK,abortion_grounds,1|2|3|4|5|6|7
2007,Djibouti,DJI,family_planning_support,direct_support
2007,Djibouti,DJI,abortion_grounds,1
2007,Dominica,DMA,family_planning_support,direct_support
2007,Dominica,DMA,abortion_grounds,1
2007,Dominican Republic,DOM,family_planning_support,direct_support
2007,Dominican Republic,DOM,abortion_grounds,1
2007,Ecuador,ECU,family_planning_support,direct_support
2007,Ecuador,ECU,abortion_grounds,1|2|3|4
2007,Egypt,EGY,family_planning_support,direct_support
2007,Egypt,EGY,abortion_grounds,1
2007,El Salvador,SLV,family_planning_support,direct_support
2007,El Salvador,SLV,abortion_grounds,not_permitted
2007,Equatorial Guinea,GNQ,family_planning_support,no_support
2007,Equatorial Guinea,GNQ,abortion_grounds,1|2|3
2007,Eritrea,ERI,family_planning_support,direct_support
2007,Eritrea,ERI,abortion_grounds,1|2|3
2007,Estonia,EST,family_planning_support,indirect_support
2007,Estonia,EST,abortion_grounds,1|2|3|4|5|6|7
2007,Ethiopia,ETH,family_planning_support,direct_support
2007,Ethiopia,ETH,abortion_grounds,1|2|3|4|5
2007,Fiji,FJI,family_planning_support,direct_support
2007,Fiji,FJI,abortion_grounds,1|2|3|6
2007,Finland,FIN,family_planning_support,direct_support
2007,Finland,FIN,abortion_grounds,1|2|3|4|5|6
2007,France,FRA,family_planning_support,indirect_support
2007,France,FRA,abortion_grounds,1|2|3|4|5|6|7
2007,Gabon,GAB,family_planning_support,no_support
2007,Gabon,GAB,abortion_grounds,1
2007,Gambia,GMB,family_planning_support,direct_support
2007,Gambia,GMB,abortion_grounds,1|2|3
2007,Georgia,GEO,family_planning_support,direct_support
2007,Georgia,GEO,abortion_grounds,1|2|3|4|5|6|7
2007,Germany,DEU,family_planning_support,no_support
2007,Germany,DEU,abortion_grounds,1|2|3|4|5|6|7
2007,Ghana,GHA,family_planning_support,direct_support
2007,Ghana,GHA,abortion_grounds,1|2|3|4|5
2007,Greece,GRC,family_planning_support,indirect_support
2007,Greece,GRC,abortion_grounds,1|2|3|4|5|6|7
2007,Grenada,GRD,family_planning_support,direct_support
2007,Grenada,GRD,abortion_grounds,1|2|3
2007,Guatemala,GTM,family_planning_support,direct_support
2007,Guatemala,GTM,abortion_grounds,1
2007,Guinea,GIN,family_planning_support,indirect_support
2007,Guinea,GIN,abortion_grounds,1|2|3|4|5
2007,Guinea-Bissau,GNB,family_planning_support,indirect_support
2007,Guinea-Bissau,GNB,abortion_grounds,1
2007,Guyana,GUY,family_planning_support,direct_support
2007,Guyana,GUY,abortion_grounds,1|2|3|4|5|6|7
2007,Haiti,HTI,family_planning_support,direct_support
2007,Haiti,HTI,abortion_grounds,1
2007,Holy See,,family_planning_support,limits
2007,Holy See,,abortion_grounds,not_permitted
2007,Honduras,HND,family_planning_support,direct_support
2007,Honduras,HND,abortion_grounds,1
2007,Hungary,HUN,family_planning_support,indirect_support
2007,Hungary,HUN,abortion_grounds,1|2|3|4|5|6|7
2007,Iceland,ISL,family_planning_support,direct_support
2007,Iceland,ISL,abortion_grounds,1|2|3|4|5|6
2007,India,IND,family_planning_support,direct_support
2007,India,IND,abortion_grounds,1|2|3|4|5|6
2007,Indonesia,IDN,family_planning_support,direct_support
2007,Indonesia,IDN,abortion_grounds,1
2007,Iran (Islamic Republic of),,family_planning_support,direct_support
2007,Iran (Islamic Republic of),,abortion_grounds,1
2007,Iraq,IRQ,family_planning_support,direct_support
2007,Iraq,IRQ,abortion_grounds,1
2007,Ireland,IRL,family_planning_support,direct_support
2007,Ireland,IRL,abortion_grounds,1
2007,Israel,ISR,family_planning_support,indirect_support
2007,Israel,ISR,abortion_grounds,1|2|3|4|5
2007,Italy,ITA,family_planning_support,indirect_support
2007,Italy,ITA,abortion_grounds,1|2|3|4|5|6|7
2007,Jamaica,JAM,family_planning_support,direct_support
2007,Jamaica,JAM,abortion_grounds,1|2|3
2007,Japan,JPN,family_planning_support,indirect_support
2007,Japan,JPN,abortion_grounds,1|2|4|6
2007,Jordan,JOR,family_planning_support,direct_support
2007,Jordan,JOR,abortion_grounds,1|2|3|5
2007,Kazakhstan,KAZ,family_planning_support,indirect_support
2007,Kazakhstan,KAZ,abortion_grounds,1|2|3|4|5|6|7
2007,Kenya,KEN,family_planning_support,direct_support
2007,Kenya,KEN,abortion_grounds,1|2|3
2007,Kiribati,KIR,family_planning_support,direct_support
2007,Kiribati,KIR,abortion_grounds,1
2007,Kuwait,KWT,family_planning_support,direct_support
2007,Kuwait,KWT,abortion_grounds,1|2|3|5
2007,Kyrgyzstan,KGZ,family_planning_support,direct_support
2007,Kyrgyzstan,KGZ,abortion_grounds,1|2|3|4|5|6|7
2007,Lao People's Democratic Republic,,family_planning_support,direct_support
2007,Lao People's Democratic Republic,,abortion_grounds,1|2
2007,Latvia,LVA,family_planning_support,no_support
2007,Latvia,LVA,abortion_grounds,1|2|3|4|5|6|7
2007,Lebanon,LBN,family_planning_support,direct_support
2007,Lebanon,LBN,abortion_grounds,1
2007,Lesotho,LSO,family_planning_support,direct_support
2007,Lesotho,LSO,abortion_grounds,1
2007,Liberia,LBR,family_planning_support,direct_support
2007,Liberia,LBR,abortion_grounds,1|2|3|4|5
2007,Libya,LBY,family_planning_support,no_support
2007,Libya,LBY,abortion_grounds,1
2007,Liechtenstein,LIE,family_planning_support,no_support
2007,Liechtenstein,LIE,abortion_grounds,1|2|3
2007,Lithuania,LTU,family_planning_support,indirect_support
2007,Lithuania,LTU,abortion_grounds,1|2|3|4|5|6|7
2007,Luxembourg,LUX,family_planning_support,indirect_support
2007,Luxembourg,LUX,abortion_grounds,1|2|3|4|5|6
2007,Madagascar,MDG,family_planning_support,direct_support
2007,Madagascar,MDG,abortion_grounds,1
2007,Malawi,MWI,family_planning_support,direct_support
2007,Malawi,MWI,abortion_grounds,1
2007,Malaysia,MYS,family_planning_support,direct_support
2007,Malaysia,MYS,abortion_grounds,1|2|3
2007,Maldives,MDV,family_planning_support,direct_support
2007,Maldives,MDV,abortion_grounds,1|2
2007,Mali,MLI,family_planning_support,direct_support
2007,Mali,MLI,abortion_grounds,1|4
2007,Malta,MLT,family_planning_support,no_support
2007,Malta,MLT,abortion_grounds,not_permitted
2007,Marshall Islands,MHL,family_planning_support,direct_support
2007,Marshall Islands,MHL,abortion_grounds,1
2007,Mauritania,MRT,family_planning_support,direct_support
2007,Mauritania,MRT,abortion_grounds,1
2007,Mauritius,MUS,family_planning_support,direct_support
2007,Mauritius,MUS,abortion_grounds,1
2007,Mexico,MEX,family_planning_support,direct_support
2007,Mexico,MEX,abortion_grounds,1|4
2007,Micronesia (Federated States of),,family_planning_support,direct_support
2007,Micronesia (Federated States of),,abortion_grounds,1
2007,Monaco,MCO,family_planning_support,no_support
2007,Monaco,MCO,abortion_grounds,1
2007,Mongolia,MNG,family_planning_support,direct_support
2007,Mongolia,MNG,abortion_grounds,1|2|3|4|5|6|7
2007,Montenegro,MNE,family_planning_support,direct_support
2007,Montenegro,MNE,abortion_grounds,1|2|3|4|5|6|7
2007,Morocco,MAR,family_planning_support,direct_support
2007,Morocco,MAR,abortion_grounds,1|2|3
2007,Mozambique,MOZ,family_planning_support,direct_support
2007,Mozambique,MOZ,abortion_grounds,1|2|3
2007,Myanmar,MMR,family_planning_support,direct_support
2007,Myanmar,MMR,abortion_grounds,1
2007,Namibia,NAM,family_planning_support,direct_support
2007,Namibia,NAM,abortion_grounds,1|2|3|4|5
2007,Nauru,NRU,family_planning_support,direct_support
2007,Nauru,NRU,abortion_grounds,1|2|3
2007,Nepal,NPL,family_planning_support,direct_support
2007,Nepal,NPL,abortion_grounds,1|2|3|4|5|6|7
2007,Netherlands,NLD,family_planning_support,indirect_support
2007,Netherlands,NLD,abortion_grounds,1|2|3|4|5|6|7
2007,New Zealand,NZL,family_planning_support,direct_support
2007,New Zealand,NZL,abortion_grounds,1|2|3|4|5
2007,Nicaragua,NIC,family_planning_support,direct_support
2007,Nicaragua,NIC,abortion_grounds,not_permitted
2007,Niger,NER,family_planning_support,direct_support
2007,Niger,NER,abortion_grounds,1
2007,Nigeria,NGA,family_planning_support,direct_support
2007,Nigeria,NGA,abortion_grounds,1|2|3
2007,Niue,,family_planning_support,indirect_support
2007,Niue,,abortion_grounds,1|2|3
2007,Norway,NOR,family_planning_support,direct_support
2007,Norway,NOR,abortion_grounds,1|2|3|4|5|6|7
2007,Oman,OMN,family_planning_support,direct_support
2007,Oman,OMN,abortion_grounds,1
2007,Pakistan,PAK,family_planning_support,direct_support
2007,Pakistan,PAK,abortion_grounds,1|2|3
2007,Palau,PLW,family_planning_support,indirect_support
2007,Palau,PLW,abortion_grounds,1
2007,Panama,PAN,family_planning_support,direct_support
2007,Panama,PAN,abortion_grounds,1|2|4
2007,Papua New Guinea,PNG,family_planning_support,direct_support
2007,Papua New Guinea,PNG,abortion_grounds,1|2|3
2007,Paraguay,PRY,family_planning_support,direct_support
2007,Paraguay,PRY,abortion_grounds,1
2007,Peru,PER,family_planning_support,direct_support
2007,Peru,PER,abortion_grounds,1|2|3
2007,Philippines,PHL,family_planning_support,direct_support
2007,Philippines,PHL,abortion_grounds,1
2007,Poland,POL,family_planning_support,indirect_support
2007,Poland,POL,abortion_grounds,1|2|3|4|5
2007,Portugal,PRT,family_planning_support,direct_support
2007,Portugal,PRT,abortion_grounds,1|2|3|4|5|6|7
2007,Qatar,QAT,family_planning_support,direct_support
2007,Qatar,QAT,abortion_grounds,1|2|3|5
2007,Republic of Korea,KOR,family_planning_support,direct_support
2007,Republic of Korea,KOR,abortion_grounds,1|2|3|4|5
2007,Republic of Moldova,MDA,family_planning_support,direct_support
2007,Republic of Moldova,MDA,abortion_grounds,1|2|3|4|5|6|7
2007,Romania,ROU,family_planning_support,direct_support
2007,Romania,ROU,abortion_grounds,1|2|3|4|5|6|7
2007,Russian Federation,RUS,family_planning_support,indirect_support
2007,Russian Federation,RUS,abortion_grounds,1|2|3|4|5|6|7
2007,Rwanda,RWA,family_planning_support,direct_support
2007,Rwanda,RWA,abortion_grounds,1|2|3
2007,Saint Kitts and Nevis,KNA,family_planning_support,direct_support
2007,Saint Kitts and Nevis,KNA,abortion_grounds,1|2|3|4
2007,Saint Lucia,LCA,family_planning_support,direct_support
2007,Saint Lucia,LCA,abortion_grounds,1|2|3|4
2007,Saint Vincent and the Grenadines,VCT,family_planning_support,direct_support
2007,Saint Vincent and the Grenadines,VCT,abortion_grounds,1|2|3|4|5|6
2007,Samoa,WSM,family_planning_support,direct_support
2007,Samoa,WSM,abortion_grounds,1|2|3
2007,San Marino,SMR,family_planning_support,no_support
2007,San Marino,SMR,abortion_grounds,1
2007,Sao Tome and Principe,STP,family_planning_support,direct_support
2007,Sao Tome and Principe,STP,abortion_grounds,1
2007,Saudi Arabia,SAU,family_planning_support,indirect_support
2007,Saudi Arabia,SAU,abortion_grounds,1|2|3
2007,Senegal,SEN,family_planning_support,direct_support
2007,Senegal,SEN,abortion_grounds,1
2007,Serbia,SRB,family_planning_support,direct_support
2007,Serbia,SRB,abortion_grounds,1|2|3|4|5|6|7
2007,Seychelles,SYC,family_planning_support,direct_support
2007,Seychelles,SYC,abortion_grounds,1|2|3|4|5
2007,Sierra Leone,SLE,family_planning_support,indirect_support
2007,Sierra Leone,SLE,abortion_grounds,1|2|3
2007,Singapore,SGP,family_planning_support,direct_support
2007,Singapore,SGP,abortion_grounds,1|2|3|4|5|6|7
2007,Slovakia,SVK,family_planning_support,no_support
2007,Slovakia,SVK,abortion_grounds,1|2|3|4|5|6|7
2007,Slovenia,SVN,family_planning_support,direct_support
2007,Slovenia,SVN,abortion_grounds,1|2|3|4|5|6|7
2007,Solomon Islands,SLB,family_planning_support,indirect_support
2007,Solomon Islands,SLB,abortion_grounds,1
2007,Somalia,,family_planning_support,indirect_support
2007,Somalia,,abortion_grounds,1
2007,South Africa,ZAF,family_planning_support,direct_support
2007,South Africa,ZAF,abortion_grounds,1|2|3|4|5|6|7
2007,Spain,ESP,family_planning_support,indirect_support
2007,Spain,ESP,abortion_grounds,1|2|3|4|5
2007,Sri Lanka,LKA,family_planning_support,direct_support
2007,Sri Lanka,LKA,abortion_grounds,1
2007,Sudan (including South Sudan),,family_planning_support,direct_support
2007,Sudan (including South Sudan),,abortion_grounds,1|4
2007,Suriname,SUR,family_planning_support,indirect_support
2007,Suriname,SUR,abortion_grounds,1
2007,Swaziland,SWZ,family_planning_support,direct_support
2007,Swaziland,SWZ,abortion_grounds,1|2|3|5
2007,Sweden,SWE,family_planning_support,direct_support
2007,Sweden,SWE,abortion_grounds,1|2|3|4|5|6|7
2007,Switzerland,CHE,family_planning_support,indirect_support
2007,Switzerland,CHE,abortion_grounds,1|2|3|4|5|6|7
2007,Syrian Arab Republic,SYR,family_planning_support,direct_support
2007,Syrian Arab Republic,SYR,abortion_grounds,1
2007,Tajikistan,TJK,family_planning_support,direct_support
2007,Tajikistan,TJK,abortion_grounds,1|2|3|4|5|6|7
2007,Thailand,THA,family_planning_support,direct_support
2007,Thailand,THA,abortion_grounds,1|2|3|4
2007,The former Yugoslav Rep. of Macedonia,MKD,family_planning_support,direct_support
2007,The former Yugoslav Rep. of Macedonia,MKD,abortion_grounds,1|2|3|4|5|6|7
2007,Timor-Leste,TLS,family_planning_support,direct_support
2007,Timor-Leste,TLS,abortion_grounds,
2007,Togo,TGO,family_planning_support,direct_support
2007,Togo,TGO,abortion_grounds,1|2|4|5
2007,Tonga,TON,family_planning_support,direct_support
2007,Tonga,TON,abortion_grounds,1
2007,Trinidad and Tobago,TTO,family_planning_support,direct_support
2007,Trinidad and Tobago,TTO,abortion_grounds,1|2|3
2007,Tunisia,TUN,family_planning_support,direct_support
2007,Tunisia,TUN,abortion_grounds,1|2|3|4|5|6|7
2007,Turkey,TUR,family_planning_support,direct_support
2007,Turkey,TUR,abortion_grounds,1|2|3|4|5|6|7
2007,Turkmenistan,TKM,family_planning_support,indirect_support
2007,Turkmenistan,TKM,abortion_grounds,1|2|3|4|5|6|7
2007,Tuvalu,TUV,family_planning_support,direct_support
2007,Tuvalu,TUV,abortion_grounds,1
2007,Uganda,UGA,family_planning_support,direct_support
2007,Uganda,UGA,abortion_grounds,1|2|3
2007,Ukraine,UKR,family_planning_support,indirect_support
2007,Ukraine,UKR,abortion_grounds,1|2|3|4|5|6|7
2007,United Arab Emirates,ARE,family_planning_support,no_support
2007,United Arab Emirates,ARE,abortion_grounds,1
2007,United Kingdom,GBR,family_planning_support,direct_support
2007,United Kingdom,GBR,abortion_grounds,1|2|3|5|6
2007,United Republic of Tanzania,TZA,family_planning_support,direct_support
2007,United Republic of Tanzania,TZA,abortion_grounds,1|2|3
2007,United States of America,USA,family_planning_support,direct_support
2007,United States of America,USA,abortion_grounds,1|2|3|4|5|6|7
2007,Uruguay,URY,family_planning_support,direct_support
2007,Uruguay,URY,abortion_grounds,1|2|3|4
2007,Uzbekistan,UZB,family_planning_support,direct_support
2007,Uzbekistan,UZB,abortion_grounds,1|2|3|4|5|6|7
2007,Vanuatu,VUT,family_planning_support,direct_support
2007,Vanuatu,VUT,abortion_grounds,1|2|3
2007,Venezuela (Bolivarian Republic of),,family_planning_support,direct_support
2007,Venezuela (Bolivarian Republic of),,abortion_grounds,1
2007,Viet Nam,VNM,family_planning_support,direct_support
2007,Viet Nam,VNM,abortion_grounds,1|2|3|4|5|6|7
2007,Yemen,YEM,family_planning_support,direct_support
2007,Yemen,YEM,abortion_grounds,1
2007,Zambia,ZMB,family_planning_support,direct_support
2007,Zambia,ZMB,abortion_grounds,1|2|3|5|6
2007,Zimbabwe,ZWE,family_planning_support,direct_support
2007,Zimbabwe,ZWE,abortion_grounds,1|2|4|5
2009,Afghanistan,AFG,view_on_fertility_level,too_high
2009,Afghanistan,AFG,policy_on_fertility_level,no_intervention
2009,Afghanistan,AFG,concern_about_adolescent_fertility,major_concern
2009,Afghanistan,AFG,policies_reduce_adolescent_fertility,yes
2009,Albania,ALB,view_on_fertility_level,satisfactory
2009,Albania,ALB,policy_on_fertility_level,maintain
2009,Albania,ALB,concern_about_adolescent_fertility,minor_concern
2009,Albania,ALB,policies_reduce_adolescent_fertility,yes
2009,Algeria,DZA,view_on_fertility_level,too_high
2009,Algeria,DZA,policy_on_fertility_level,lower
2009,Algeria,DZA,concern_about_adolescent_fertility,minor_concern
2009,Algeria,DZA,policies_reduce_adolescent_fertility,no
2009,Andorra,AND,view_on_fertility_level,satisfactory
2009,Andorra,AND,policy_on_fertility_level,maintain
2009,Andorra,AND,concern_about_adolescent_fertility,minor_concern
2009,Andorra,AND,policies_reduce_adolescent_fertility,yes
2009,Angola,AGO,view_on_fertility_level,too_high
2009,Angola,AGO,policy_on_fertility_level,maintain
2009,Angola,AGO,concern_about_adolescent_fertility,major_concern
2009,Angola,AGO,policies_reduce_adolescent_fertility,yes
2009,Antigua and Barbuda,ATG,view_on_fertility_level,satisfactory
2009,Antigua and Barbuda,ATG,policy_on_fertility_level,no_intervention
2009,Antigua and Barbuda,ATG,concern_about_adolescent_fertility,minor_concern
2009,Antigua and Barbuda,ATG,policies_reduce_adolescent_fertility,yes
2009,Argentina,ARG,view_on_fertility_level,satisfactory
2009,Argentina,ARG,policy_on_fertility_level,no_intervention
2009,Argentina,ARG,concern_about_adolescent_fertility,major_concern
2009,Argentina,ARG,policies_reduce_adolescent_fertility,yes
2009,Armenia,ARM,view_on_fertility_level,too_low
2009,Armenia,ARM,policy_on_fertility_level,raise
2009,Armenia,ARM,concern_about_adolescent_fertility,minor_concern
2009,Armenia,ARM,policies_reduce_adolescent_fertility,yes
2009,Australia,AUS,view_on_fertility_level,too_low
2009,Australia,AUS,policy_on_fertility_level,raise
2009,Australia,AUS,concern_about_adolescent_fertility,minor_concern
2009,Australia,AUS,policies_reduce_adolescent_fertility,yes
2009,Austria,AUT,view_on_fertility_level,too_low
2009,Austria,AUT,policy_on_fertility_level,raise
2009,Austria,AUT,concern_about_adolescent_fertility,minor_concern
2009,Austria,AUT,policies_reduce_adolescent_fertility,no
2009,Azerbaijan,AZE,view_on_fertility_level,satisfactory
2009,Azerbaijan,AZE,policy_on_fertility_level,raise
2009,Azerbaijan,AZE,concern_about_adolescent_fertility,major_concern
2009,Azerbaijan,AZE,policies_reduce_adolescent_fertility,yes
2009,Bahamas,BHS,view_on_fertility_level,satisfactory
2009,Bahamas,BHS,policy_on_fertility_level,no_intervention
2009,Bahamas,BHS,concern_about_adolescent_fertility,major_concern
2009,Bahamas,BHS,policies_reduce_adolescent_fertility,yes
2009,Bahrain,BHR,view_on_fertility_level,too_high
2009,Bahrain,BHR,policy_on_fertility_level,lower
2009,Bahrain,BHR,concern_about_adolescent_fertility,not_a_concern
2009,Bahrain,BHR,policies_reduce_adolescent_fertility,no
2009,Bangladesh,BGD,view_on_fertility_level,too_high
2009,Bangladesh,BGD,policy_on_fertility_level,lower
2009,Bangladesh,BGD,concern_about_adolescent_fertility,major_concern
2009,Bangladesh,BGD,policies_reduce_adolescent_fertility,yes
2009,Barbados,BRB,view_on_fertility_level,too_low
2009,Barbados,BRB,policy_on_fertility_level,raise
2009,Barbados,BRB,concern_about_adolescent_fertility,major_concern
2009,Barbados,BRB,policies_reduce_adolescent_fertility,yes
2009,Belarus,BLR,view_on_fertility_level,too_low
2009,Belarus,BLR,policy_on_fertility_level,raise
2009,Belarus,BLR,concern_about_adolescent_fertility,major_concern
2009,Belarus,BLR,policies_reduce_adolescent_fertility,yes
2009,Belgium,BEL,view_on_fertility_level,satisfactory
2009,Belgium,BEL,policy_on_fertility_level,no_intervention
2009,Belgium,BEL,concern_about_adolescent_fertility,minor_concern
2009,Belgium,BEL,policies_reduce_adolescent_fertility,yes
2009,Belize,BLZ,view_on_fertility_level,too_high
2009,Belize,BLZ,policy_on_fertility_level,no_intervention
2009,Belize,BLZ,concern_about_adolescent_fertility,major_concern
2009,Belize,BLZ,policies_reduce_adolescent_fertility,yes
2009,Benin,BEN,view_on_fertility_level,too_high
2009,Benin,BEN,policy_on_fertility_level,lower
2009,Benin,BEN,concern_about_adolescent_fertility,major_concern
2009,Benin,BEN,policies_reduce_adolescent_fertility,yes
2009,Bhutan,BTN,view_on_fertility_level,satisfactory
2009,Bhutan,BTN,policy_on_fertility_level,lower
2009,Bhutan,BTN,concern_about_adolescent_fertility,major_concern
2009,Bhutan,BTN,policies_reduce_adolescent_fertility,yes
2009,Bolivia (Plurinational State of),BOL,view_on_fertility_level,satisfactory
2009,Bolivia (Plurinational State of),BOL,policy_on_fertility_level,no_intervention
2009,Bolivia (Plurinational State of),BOL,concern_about_adolescent_fertility,major_concern
2009,Bolivia (Plurinational State of),BOL,policies_reduce_adolescent_fertility,yes
2009,Bosnia and Herzegovina,BIH,view_on_fertility_level,too_low
2009,Bosnia and Herzegovina,BIH,policy_on_fertility_level,no_intervention
2009,Bosnia and Herzegovina,BIH,concern_about_adolescent_fertility,minor_concern
2009,Bosnia and Herzegovina,BIH,policies_reduce_adolescent_fertility,no
2009,Botswana,BWA,view_on_fertility_level,satisfactory
2009,Botswana,BWA,policy_on_fertility_level,maintain
2009,Botswana,BWA,concern_about_adolescent_fertility,major_concern
2009,Botswana,BWA,policies_reduce_adolescent_fertility,yes
2009,Brazil,BRA,view_on_fertility_level,satisfactory
2009,Brazil,BRA,policy_on_fertility_level,no_intervention
2009,Brazil,BRA,concern_about_adolescent_fertility,major_concern
2009,Brazil,BRA,policies_reduce_adolescent_fertility,yes
2009,Brunei Darussalam,BRN,view_on_fertility_level,too_low
2009,Brunei Darussalam,BRN,policy_on_fertility_level,no_intervention
2009,Brunei Darussalam,BRN,concern_about_adolescent_fertility,not_a_concern
2009,Brunei Darussalam,BRN,policies_reduce_adolescent_fertility,no
2009,Bulgaria,BGR,view_on_fertility_level,too_low
2009,Bulgaria,BGR,policy_on_fertility_level,raise
2009,Bulgaria,BGR,concern_about_adolescent_fertility,major_concern
2009,Bulgaria,BGR,policies_reduce_adolescent_fertility,no
2009,Burkina Faso,BFA,view_on_fertility_level,too_high
2009,Burkina Faso,BFA,policy_on_fertility_level,lower
2009,Burkina Faso,BFA,concern_about_adolescent_fertility,major_concern
2009,Burkina Faso,BFA,policies_reduce_adolescent_fertility,yes
2009,Burundi,BDI,view_on_fertility_level,too_high
2009,Burundi,BDI,policy_on_fertility_level,lower
2009,Burundi,BDI,concern_about_adolescent_fertility,not_a_concern
2009,Burundi,BDI,policies_reduce_adolescent_fertility,no
2009,Cabo Verde,CPV,view_on_fertility_level,too_high
2009,Cabo Verde,CPV,policy_on_fertility_level,lower
2009,Cabo Verde,CPV,concern_about_adolescent_fertility,major_concern
2009,Cabo Verde,CPV,policies_reduce_adolescent_fertility,yes
2009,Cambodia,KHM,view_on_fertility_level,too_high
2009,Cambodia,KHM,policy_on_fertility_level,lower
2009,Cambodia,KHM,concern_about_adolescent_fertility,minor_concern
2009,Cambodia,KHM,policies_reduce_adolescent_fertility,yes
2009,Cameroon,CMR,view_on_fertility_level,too_high
2009,Cameroon,CMR,policy_on_fertility_level,no_intervention
2009,Cameroon,CMR,concern_about_adolescent_fertility,major_concern
2009,Cameroon,CMR,policies_reduce_adolescent_fertility,yes
2009,Canada,CAN,view_on_fertility_level,too_low
2009,Canada,CAN,policy_on_fertility_level,no_intervention
2009,Canada,CAN,concern_about_adolescent_fertility,minor_concern
2009,Canada,CAN,policies_reduce_adolescent_fertility,yes
2009,Central African Republic,CAF,view_on_fertility_level,satisfactory
2009,Central African Republic,CAF,policy_on_fertility_level,no_intervention
2009,Central African Republic,CAF,concern_about_adolescent_fertility,minor_concern
2009,Central African Republic,CAF,policies_reduce_adolescent_fertility,yes
2009,Chad,TCD,view_on_fertility_level,too_high
2009,Chad,TCD,policy_on_fertility_level,no_intervention
2009,Chad,TCD,concern_about_adolescent_fertility,minor_concern
2009,Chad,TCD,policies_reduce_adolescent_fertility,yes
2009,Chile,CHL,view_on_fertility_level,satisfactory
2009,Chile,CHL,policy_on_fertility_level,no_intervention
2009,Chile,CHL,concern_about_adolescent_fertility,major_concern
2009,Chile,CHL,policies_reduce_adolescent_fertility,yes
2009,China,CHN,view_on_fertility_level,satisfactory
2009,China,CHN,policy_on_fertility_level,maintain
2009,China,CHN,concern_about_adolescent_fertility,not_a_concern
2009,China,CHN,policies_reduce_adolescent_fertility,no
2009,Colombia,COL,view_on_fertility_level,too_high
2009,Colombia,COL,policy_on_fertility_level,lower
2009,Colombia,COL,concern_about_adolescent_fertility,major_concern
2009,Colombia,COL,policies_reduce_adolescent_fertility,yes
2009,Comoros,COM,view_on_fertility_level,too_high
2009,Comoros,COM,policy_on_fertility_level,lower
2009,Comoros,COM,concern_about_adolescent_fertility,major_concern
2009,Comoros,COM,policies_reduce_adolescent_fertility,yes
2009,Congo,,view_on_fertility_level,too_high
2009,Congo,,policy_on_fertility_level,lower
2009,Congo,,concern_about_adolescent_fertility,major_concern
2009,Congo,,policies_reduce_adolescent_fertility,yes
2009,Cook Islands,,view_on_fertility_level,too_low
2009,Cook Islands,,policy_on_fertility_level,raise
2009,Cook Islands,,concern_about_adolescent_fertility,major_concern
2009,Cook Islands,,policies_reduce_adolescent_fertility,yes
2009,Costa Rica,CRI,view_on_fertility_level,satisfactory
2009,Costa Rica,CRI,policy_on_fertility_level,lower
2009,Costa Rica,CRI,concern_about_adolescent_fertility,major_concern
2009,Costa Rica,CRI,policies_reduce_adolescent_fertility,yes
2009,Côte d'Ivoire,CIV,view_on_fertility_level,too_high
2009,Côte d'Ivoire,CIV,policy_on_fertility_level,lower
2009,Côte d'Ivoire,CIV,concern_about_adolescent_fertility,major_concern
2009,Côte d'Ivoire,CIV,policies_reduce_adolescent_fertility,yes
2009,Croatia,HRV,view_on_fertility_level,too_low
2009,Croatia,HRV,policy_on_fertility_level,raise
2009,Croatia,HRV,concern_about_adolescent_fertility,minor_concern
2009,Croatia,HRV,policies_reduce_adolescent_fertility,yes
2009,Cuba,CUB,view_on_fertility_level,satisfactory
2009,Cuba,CUB,policy_on_fertility_level,no_intervention
2009,Cuba,CUB,concern_about_adolescent_fertility,major_concern
2009,Cuba,CUB,policies_reduce_adolescent_fertility,yes
2009,Cyprus,CYP,view_on_fertility_level,too_low
2009,Cyprus,CYP,policy_on_fertility_level,raise
2009,Cyprus,CYP,concern_about_adolescent_fertility,minor_concern
2009,Cyprus,CYP,policies_reduce_adolescent_fertility,yes
2009,Czech Republic,CZE,view_on_fertility_level,too_low
2009,Czech Republic,CZE,policy_on_fertility_level,raise
2009,Czech Republic,CZE,concern_about_adolescent_fertility,not_a_concern
2009,Czech Republic,CZE,policies_reduce_adolescent_fertility,no
2009,Democratic People's Republic of Korea,PRK,view_on_fertility_level,too_low
2009,Democratic People's Republic of Korea,PRK,policy_on_fertility_level,no_intervention
2009,Democratic People's Republic of Korea,PRK,concern_about_adolescent_fertility,not_a_concern
2009,Democratic People's Republic of Korea,PRK,policies_reduce_adolescent_fertility,no
2009,Democratic Republic of the Congo,,view_on_fertility_level,satisfactory
2009,Democratic Republic of the Congo,,policy_on_fertility_level,no_intervention
2009,Democratic Republic of the Congo,,concern_about_adolescent_fertility,minor_concern
2009,Democratic Republic of the Congo,,policies_reduce_adolescent_fertility,yes
2009,Denmark,DNK,view_on_fertility_level,satisfactory
2009,Denmark,DNK,policy_on_fertility_level,no_intervention
2009,Denmark,DNK,concern_about_adolescent_fertility,minor_concern
2009,Denmark,DNK,policies_reduce_adolescent_fertility,yes
2009,Djibouti,DJI,view_on_fertility_level,too_high
2009,Djibouti,DJI,policy_on_fertility_level,no_intervention
2009,Djibouti,DJI,concern_about_adolescent_fertility,minor_concern
2009,Djibouti,DJI,policies_reduce_adolescent_fertility,no
2009,Dominica,DMA,view_on_fertility_level,satisfactory
2009,Dominica,DMA,policy_on_fertility_level,no_intervention
2009,Dominica,DMA,concern_about_adolescent_fertility,major_concern
2009,Dominica,DMA,policies_reduce_adolescent_fertility,yes
2009,Dominican Republic,DOM,view_on_fertility_level,too_high
2009,Dominican Republic,DOM,policy_on_fertility_level,lower
2009,Dominican Republic,DOM,concern_about_adolescent_fertility,major_concern
2009,Dominican Republic,DOM,policies_reduce_adolescent_fertility,yes
2009,Ecuador,ECU,view_on_fertility_level,satisfactory
2009,Ecuador,ECU,policy_on_fertility_level,no_intervention
2009,Ecuador,ECU,concern_about_adolescent_fertility,major_concern
2009,Ecuador,ECU,policies_reduce_adolescent_fertility,yes
2009,Egypt,EGY,view_on_fertility_level,too_high
2009,Egypt,EGY,policy_on_fertility_level,lower
2009,Egypt,EGY,concern_about_adolescent_fertility,minor_concern
2009,Egypt,EGY,policies_reduce_adolescent_fertility,yes
2009,El Salvador,SLV,view_on_fertility_level,satisfactory
2009,El Salvador,SLV,policy_on_fertility_level,no_intervention
2009,El Salvador,SLV,concern_about_adolescent_fertility,major_concern
2009,El Salvador,SLV,policies_reduce_adolescent_fertility,yes
2009,Equatorial Guinea,GNQ,view_on_fertility_level,satisfactory
2009,Equatorial Guinea,GNQ,policy_on_fertility_level,maintain
2009,Equatorial Guinea,GNQ,concern_about_adolescent_fertility,major_concern
2009,Equatorial Guinea,GNQ,policies_reduce_adolescent_fertility,yes
2009,Eritrea,ERI,view_on_fertility_level,too_high
2009,Eritrea,ERI,policy_on_fertility_level,lower
2009,Eritrea,ERI,concern_about_adolescent_fertility,minor_concern
2009,Eritrea,ERI,policies_reduce_adolescent_fertility,yes
2009,Estonia,EST,view_on_fertility_level,too_low
2009,Estonia,EST,policy_on_fertility_level,raise
2009,Estonia,EST,concern_about_adolescent_fertility,not_a_concern
2009,Estonia,EST,policies_reduce_adolescent_fertility,no
2009,Ethiopia,ETH,view_on_fertility_level,too_high
2009,Ethiopia,ETH,policy_on_fertility_level,lower
2009,Ethiopia,ETH,concern_about_adolescent_fertility,major_concern
2009,Ethiopia,ETH,policies_reduce_adolescent_fertility,no
2009,Fiji,FJI,view_on_fertility_level,satisfactory
2009,Fiji,FJI,policy_on_fertility_level,lower
2009,Fiji,FJI,concern_about_adolescent_fertility,minor_concern
2009,Fiji,FJI,policies_reduce_adolescent_fertility,yes
2009,Finland,FIN,view_on_fertility_level,satisfactory
2009,Finland,FIN,policy_on_fertility_level,maintain
2009,Finland,FIN,concern_about_adolescent_fertility,minor_concern
2009,Finland,FIN,policies_reduce_adolescent_fertility,yes
2009,France,FRA,view_on_fertility_level,satisfactory
2009,France,FRA,policy_on_fertility_level,raise
2009,France,FRA,concern_about_adolescent_fertility,minor_concern
2009,France,FRA,policies_reduce_adolescent_fertility,yes
2009,Gabon,GAB,view_on_fertility_level,too_low
2009,Gabon,GAB,policy_on_fertility_level,raise
2009,Gabon,GAB,concern_about_adolescent_fertility,minor_concern
2009,Gabon,GAB,policies_reduce_adolescent_fertility,yes
2009,Gambia,GMB,view_on_fertility_level,too_high
2009,Gambia,GMB,policy_on_fertility_level,lower
2009,Gambia,GMB,concern_about_adolescent_fertility,major_concern
2009,Gambia,GMB,policies_reduce_adolescent_fertility,yes
2009,Georgia,GEO,view_on_fertility_level,too_low
2009,Georgia,GEO,policy_on_fertility_level,raise
2009,Georgia,GEO,concern_about_adolescent_fertility,minor_concern
2009,Georgia,GEO,policies_reduce_adolescent_fertility,yes
2009,Germany,DEU,view_on_fertility_level,too_low
2009,Germany,DEU,policy_on_fertility_level,raise
2009,Germany,DEU,concern_about_adolescent_fertility,major_concern
2009,Germany,DEU,policies_reduce_adolescent_fertility,yes
2009,Ghana,GHA,view_on_fertility_level,too_high
2009,Ghana,GHA,policy_on_fertility_level,lower
2009,Ghana,GHA,concern_about_adolescent_fertility,major_concern
2009,Ghana,GHA,policies_reduce_adolescent_fertility,yes
2009,Greece,GRC,view_on_fertility_level,too_low
2009,Greece,GRC,policy_on_fertility_level,raise
2009,Greece,GRC,concern_about_adolescent_fertility,major_concern
2009,Greece,GRC,policies_reduce_adolescent_fertility,yes
2009,Grenada,GRD,view_on_fertility_level,satisfactory
2009,Grenada,GRD,policy_on_fertility_level,no_intervention
2009,Grenada,GRD,concern_about_adolescent_fertility,major_concern
2009,Grenada,GRD,policies_reduce_adolescent_fertility,yes
2009,Guatemala,GTM,view_on_fertility_level,too_high
2009,Guatemala,GTM,policy_on_fertility_level,lower
2009,Guatemala,GTM,concern_about_adolescent_fertility,major_concern
2009,Guatemala,GTM,policies_reduce_adolescent_fertility,yes
2009,Guinea,GIN,view_on_fertility_level,too_high
2009,Guinea,GIN,policy_on_fertility_level,lower
2009,Guinea,GIN,concern_about_adolescent_fertility,minor_concern
2009,Guinea,GIN,policies_reduce_adolescent_fertility,no
2009,Guinea-Bissau,GNB,view_on_fertility_level,too_high
2009,Guinea-Bissau,GNB,policy_on_fertility_level,no_intervention
2009,Guinea-Bissau,GNB,concern_about_adolescent_fertility,major_concern
2009,Guinea-Bissau,GNB,policies_reduce_adolescent_fertility,yes
2009,Guyana,GUY,view_on_fertility_level,satisfactory
2009,Guyana,GUY,policy_on_fertility_level,no_intervention
2009,Guyana,GUY,concern_about_adolescent_fertility,major_concern
2009,Guyana,GUY,policies_reduce_adolescent_fertility,yes
2009,Haiti,HTI,view_on_fertility_level,too_high
2009,Haiti,HTI,policy_on_fertility_level,lower
2009,Haiti,HTI,concern_about_adolescent_fertility,major_concern
2009,Haiti,HTI,policies_reduce_adolescent_fertility,yes
2009,Holy See,,view_on_fertility_level,satisfactory
2009,Holy See,,policy_on_fertility_level,no_intervention
2009,Holy See,,concern_about_adolescent_fertility,
2009,Holy See,,policies_reduce_adolescent_fertility,
2009,Honduras,HND,view_on_fertility_level,too_high
2009,Honduras,HND,policy_on_fertility_level,lower
2009,Honduras,HND,concern_about_adolescent_fertility,major_concern
2009,Honduras,HND,policies_reduce_adolescent_fertility,yes
2009,Hungary,HUN,view_on_fertility_level,too_low
2009,Hungary,HUN,policy_on_fertility_level,raise
2009,Hungary,HUN,concern_about_adolescent_fertility,minor_concern
2009,Hungary,HUN,policies_reduce_adolescent_fertility,yes
2009,Iceland,ISL,view_on_fertility_level,satisfactory
2009,Iceland,ISL,policy_on_fertility_level,maintain
2009,Iceland,ISL,concern_about_adolescent_fertility,minor_concern
2009,Iceland,ISL,policies_reduce_adolescent_fertility,yes
2009,India,IND,view_on_fertility_level,too_high
2009,India,IND,policy_on_fertility_level,lower
2009,India,IND,concern_about_adolescent_fertility,major_concern
2009,India,IND,policies_reduce_adolescent_fertility,yes
2009,Indonesia,IDN,view_on_fertility_level,too_high
2009,Indonesia,IDN,policy_on_fertility_level,lower
2009,Indonesia,IDN,concern_about_adolescent_fertility,major_concern
2009,Indonesia,IDN,policies_reduce_adolescent_fertility,yes
2009,Iran (Islamic Republic of),,view_on_fertility_level,too_high
2009,Iran (Islamic Republic of),,policy_on_fertility_level,lower
2009,Iran (Islamic Republic of),,concern_about_adolescent_fertility,major_concern
2009,Iran (Islamic Republic of),,policies_reduce_adolescent_fertility,yes
2009,Iraq,IRQ,view_on_fertility_level,satisfactory
2009,Iraq,IRQ,policy_on_fertility_level,no_intervention
2009,Iraq,IRQ,concern_about_adolescent_fertility,minor_concern
2009,Iraq,IRQ,policies_reduce_adolescent_fertility,no
2009,Ireland,IRL,view_on_fertility_level,satisfactory
2009,Ireland,IRL,policy_on_fertility_level,no_intervention
2009,Ireland,IRL,concern_about_adolescent_fertility,major_concern
2009,Ireland,IRL,policies_reduce_adolescent_fertility,yes
2009,Israel,ISR,view_on_fertility_level,too_low
2009,Israel,ISR,policy_on_fertility_level,raise
2009,Israel,ISR,concern_about_adolescent_fertility,not_a_concern
2009,Israel,ISR,policies_reduce_adolescent_fertility,yes
2009,Italy,ITA,view_on_fertility_level,too_low
2009,Italy,ITA,policy_on_fertility_level,raise
2009,Italy,ITA,concern_about_adolescent_fertility,not_a_concern
2009,Italy,ITA,policies_reduce_adolescent_fertility,no
2009,Jamaica,JAM,view_on_fertility_level,too_high
2009,Jamaica,JAM,policy_on_fertility_level,lower
2009,Jamaica,JAM,concern_about_adolescent_fertility,major_concern
2009,Jamaica,JAM,policies_reduce_adolescent_fertility,yes
2009,Japan,JPN,view_on_fertility_level,too_low
2009,Japan,JPN,policy_on_fertility_level,raise
2009,Japan,JPN,concern_about_adolescent_fertility,not_a_concern
2009,Japan,JPN,policies_reduce_adolescent_fertility,no
2009,Jordan,JOR,view_on_fertility_level,too_high
2009,Jordan,JOR,policy_on_fertility_level,lower
2009,Jordan,JOR,concern_about_adolescent_fertility,not_a_concern
2009,Jordan,JOR,policies_reduce_adolescent_fertility,no
2009,Kazakhstan,KAZ,view_on_fertility_level,too_low
2009,Kazakhstan,KAZ,policy_on_fertility_level,raise
2009,Kazakhstan,KAZ,concern_about_adolescent_fertility,major_concern
2009,Kazakhstan,KAZ,policies_reduce_adolescent_fertility,yes
2009,Kenya,KEN,view_on_fertility_level,too_high
2009,Kenya,KEN,policy_on_fertility_level,lower
2009,Kenya,KEN,concern_about_adolescent_fertility,major_concern
2009,Kenya,KEN,policies_reduce_adolescent_fertility,yes
2009,Kiribati,KIR,view_on_fertility_level,too_high
2009,Kiribati,KIR,policy_on_fertility_level,lower
2009,Kiribati,KIR,concern_about_adolescent_fertility,minor_concern
2009,Kiribati,KIR,policies_reduce_adolescent_fertility,yes
2009,Kuwait,KWT,view_on_fertility_level,too_low
2009,Kuwait,KWT,policy_on_fertility_level,raise
2009,Kuwait,KWT,concern_about_adolescent_fertility,minor_concern
2009,Kuwait,KWT,policies_reduce_adolescent_fertility,yes
2009,Kyrgyzstan,KGZ,view_on_fertility_level,satisfactory
2009,Kyrgyzstan,KGZ,policy_on_fertility_level,maintain
2009,Kyrgyzstan,KGZ,concern_about_adolescent_fertility,major_concern
2009,Kyrgyzstan,KGZ,policies_reduce_adolescent_fertility,yes
2009,Lao People's Democratic Republic,,view_on_fertility_level,too_high
2009,Lao People's Democratic Republic,,policy_on_fertility_level,lower
2009,Lao People's Democratic Republic,,concern_about_adolescent_fertility,minor_concern
2009,Lao People's Democratic Republic,,policies_reduce_adolescent_fertility,yes
2009,Latvia,LVA,view_on_fertility_level,too_low
2009,Latvia,LVA,policy_on_fertility_level,raise
2009,Latvia,LVA,concern_about_adolescent_fertility,major_concern
2009,Latvia,LVA,policies_reduce_adolescent_fertility,yes
2009,Lebanon,LBN,view_on_fertility_level,satisfactory
2009,Lebanon,LBN,policy_on_fertility_level,no_intervention
2009,Lebanon,LBN,concern_about_adolescent_fertility,minor_concern
2009,Lebanon,LBN,policies_reduce_adolescent_fertility,yes
2009,Lesotho,LSO,view_on_fertility_level,too_high
2009,Lesotho,LSO,policy_on_fertility_level,lower
2009,Lesotho,LSO,concern_about_adolescent_fertility,major_concern
2009,Lesotho,LSO,policies_reduce_adolescent_fertility,yes
2009,Liberia,LBR,view_on_fertility_level,too_high
2009,Liberia,LBR,policy_on_fertility_level,lower
2009,Liberia,LBR,concern_about_adolescent_fertility,major_concern
2009,Liberia,LBR,policies_reduce_adolescent_fertility,yes
2009,Libya,LBY,view_on_fertility_level,satisfactory
2009,Libya,LBY,policy_on_fertility_level,no_intervention
2009,Libya,LBY,concern_about_adolescent_fertility,minor_concern
2009,Libya,LBY,policies_reduce_adolescent_fertility,yes
2009,Liechtenstein,LIE,view_on_fertility_level,too_low
2009,Liechtenstein,LIE,policy_on_fertility_level,no_intervention
2009,Liechtenstein,LIE,concern_about_adolescent_fertility,not_a_concern
2009,Liechtenstein,LIE,policies_reduce_adolescent_fertility,yes
2009,Lithuania,LTU,view_on_fertility_level,too_low
2009,Lithuania,LTU,policy_on_fertility_level,raise
2009,Lithuania,LTU,concern_about_adolescent_fertility,major_concern
2009,Lithuania,LTU,policies_reduce_adolescent_fertility,yes
2009,Luxembourg,LUX,view_on_fertility_level,satisfactory
2009,Luxembourg,LUX,policy_on_fertility_level,maintain
2009,Luxembourg,LUX,concern_about_adolescent_fertility,not_a_concern
2009,Luxembourg,LUX,policies_reduce_adolescent_fertility,no
2009,Madagascar,MDG,view_on_fertility_level,too_high
2009,Madagascar,MDG,policy_on_fertility_level,lower
2009,Madagascar,MDG,concern_about_adolescent_fertility,major_concern
2009,Madagascar,MDG,policies_reduce_adolescent_fertility,yes
2009,Malawi,MWI,view_on_fertility_level,too_high
2009,Malawi,MWI,policy_on_fertility_level,lower
2009,Malawi,MWI,concern_about_adolescent_fertility,major_concern
2009,Malawi,MWI,policies_reduce_adolescent_fertility,yes
2009,Malaysia,MYS,view_on_fertility_level,satisfactory
2009,Malaysia,MYS,policy_on_fertility_level,no_intervention
2009,Malaysia,MYS,concern_about_adolescent_fertility,major_concern
2009,Malaysia,MYS,policies_reduce_adolescent_fertility,yes
2009,Maldives,MDV,view_on_fertility_level,satisfactory
2009,Maldives,MDV,policy_on_fertility_level,lower
2009,Maldives,MDV,concern_about_adolescent_fertility,major_concern
2009,Maldives,MDV,policies_reduce_adolescent_fertility,yes
2009,Mali,MLI,view_on_fertility_level,too_high
2009,Mali,MLI,policy_on_fertility_level,lower
2009,Mali,MLI,concern_about_adolescent_fertility,major_concern
2009,Mali,MLI,policies_reduce_adolescent_fertility,yes
2009,Malta,MLT,view_on_fertility_level,too_low
2009,Malta,MLT,policy_on_fertility_level,no_intervention
2009,Malta,MLT,concern_about_adolescent_fertility,minor_concern
2009,Malta,MLT,policies_reduce_adolescent_fertility,yes
2009,Marshall Islands,MHL,view_on_fertility_level,too_high
2009,Marshall Islands,MHL,policy_on_fertility_level,lower
2009,Marshall Islands,MHL,concern_about_adolescent_fertility,major_concern
2009,Marshall Islands,MHL,policies_reduce_adolescent_fertility,yes
2009,Mauritania,MRT,view_on_fertility_level,too_high
2009,Mauritania,MRT,policy_on_fertility_level,lower
2009,Mauritania,MRT,concern_about_adolescent_fertility,minor_concern
2009,Mauritania,MRT,policies_reduce_adolescent_fertility,yes
2009,Mauritius,MUS,view_on_fertility_level,satisfactory
2009,Mauritius,MUS,policy_on_fertility_level,maintain
2009,Mauritius,MUS,concern_about_adolescent_fertility,major_concern
2009,Mauritius,MUS,policies_reduce_adolescent_fertility,yes
2009,Mexico,MEX,view_on_fertility_level,satisfactory
2009,Mexico,MEX,policy_on_fertility_level,lower
2009,Mexico,MEX,concern_about_adolescent_fertility,major_concern
2009,Mexico,MEX,policies_reduce_adolescent_fertility,yes
2009,Micronesia (Federated States of),,view_on_fertility_level,too_high
2009,Micronesia (Federated States of),,policy_on_fertility_level,lower
2009,Micronesia (Federated States of),,concern_about_adolescent_fertility,major_concern
2009,Micronesia (Federated States of),,policies_reduce_adolescent_fertility,yes
2009,Monaco,MCO,view_on_fertility_level,satisfactory
2009,Monaco,MCO,policy_on_fertility_level,maintain
2009,Monaco,MCO,concern_about_adolescent_fertility,not_a_concern
2009,Monaco,MCO,policies_reduce_adolescent_fertility,no
2009,Mongolia,MNG,view_on_fertility_level,too_low
2009,Mongolia,MNG,policy_on_fertility_level,raise
2009,Mongolia,MNG,concern_about_adolescent_fertility,major_concern
2009,Mongolia,MNG,policies_reduce_adolescent_fertility,yes
2009,Montenegro,MNE,view_on_fertility_level,too_low
2009,Montenegro,MNE,policy_on_fertility_level,raise
2009,Montenegro,MNE,concern_about_adolescent_fertility,minor_concern
2009,Montenegro,MNE,policies_reduce_adolescent_fertility,yes
2009,Morocco,MAR,view_on_fertility_level,satisfactory
2009,Morocco,MAR,policy_on_fertility_level,lower
2009,Morocco,MAR,concern_about_adolescent_fertility,minor_concern
2009,Morocco,MAR,policies_reduce_adolescent_fertility,yes
2009,Mozambique,MOZ,view_on_fertility_level,too_high
2009,Mozambique,MOZ,policy_on_fertility_level,lower
2009,Mozambique,MOZ,concern_about_adolescent_fertility,major_concern
2009,Mozambique,MOZ,policies_reduce_adolescent_fertility,yes
2009,Myanmar,MMR,view_on_fertility_level,satisfactory
2009,Myanmar,MMR,policy_on_fertility_level,maintain
2009,Myanmar,MMR,concern_about_adolescent_fertility,major_concern
2009,Myanmar,MMR,policies_reduce_adolescent_fertility,yes
2009,Namibia,NAM,view_on_fertility_level,satisfactory
2009,Namibia,NAM,policy_on_fertility_level,lower
2009,Namibia,NAM,concern_about_adolescent_fertility,major_concern
2009,Namibia,NAM,policies_reduce_adolescent_fertility,yes
2009,Nauru,NRU,view_on_fertility_level,satisfactory
2009,Nauru,NRU,policy_on_fertility_level,maintain
2009,Nauru,NRU,concern_about_adolescent_fertility,
2009,Nauru,NRU,policies_reduce_adolescent_fertility,
2009,Nepal,NPL,view_on_fertility_level,too_high
2009,Nepal,NPL,policy_on_fertility_level,lower
2009,Nepal,NPL,concern_about_adolescent_fertility,major_concern
2009,Nepal,NPL,policies_reduce_adolescent_fertility,yes
2009,Netherlands,NLD,view_on_fertility_level,satisfactory
2009,Netherlands,NLD,policy_on_fertility_level,no_intervention
2009,Netherlands,NLD,concern_about_adolescent_fertility,major_concern
2009,Netherlands,NLD,policies_reduce_adolescent_fertility,yes
2009,New Zealand,NZL,view_on_fertility_level,satisfactory
2009,New Zealand,NZL,policy_on_fertility_level,maintain
2009,New Zealand,NZL,concern_about_adolescent_fertility,major_concern
2009,New Zealand,NZL,policies_reduce_adolescent_fertility,yes
2009,Nicaragua,NIC,view_on_fertility_level,too_high
2009,Nicaragua,NIC,policy_on_fertility_level,lower
2009,Nicaragua,NIC,concern_about_adolescent_fertility,major_concern
2009,Nicaragua,NIC,policies_reduce_adolescent_fertility,yes
2009,Niger,NER,view_on_fertility_level,too_high
2009,Niger,NER,policy_on_fertility_level,lower
2009,Niger,NER,concern_about_adolescent_fertility,major_concern
2009,Niger,NER,policies_reduce_adolescent_fertility,yes
2009,Nigeria,NGA,view_on_fertility_level,too_high
2009,Nigeria,NGA,policy_on_fertility_level,lower
2009,Nigeria,NGA,concern_about_adolescent_fertility,major_concern
2009,Nigeria,NGA,policies_reduce_adolescent_fertility,yes
2009,Niue,,view_on_fertility_level,too_low
2009,Niue,,policy_on_fertility_level,raise
2009,Niue,,concern_about_adolescent_fertility,major_concern
2009,Niue,,policies_reduce_adolescent_fertility,yes
2009,Norway,NOR,view_on_fertility_level,satisfactory
2009,Norway,NOR,policy_on_fertility_level,maintain
2009,Norway,NOR,concern_about_adolescent_fertility,minor_concern
2009,Norway,NOR,policies_reduce_adolescent_fertility,yes
2009,Oman,OMN,view_on_fertility_level,satisfactory
2009,Oman,OMN,policy_on_fertility_level,lower
2009,Oman,OMN,concern_about_adolescent_fertility,minor_concern
2009,Oman,OMN,policies_reduce_adolescent_fertility,no
2009,Pakistan,PAK,view_on_fertility_level,too_high
2009,Pakistan,PAK,policy_on_fertility_level,lower
2009,Pakistan,PAK,concern_about_adolescent_fertility,major_concern
2009,Pakistan,PAK,policies_reduce_adolescent_fertility,yes
2009,Palau,PLW,view_on_fertility_level,too_low
2009,Palau,PLW,policy_on_fertility_level,no_intervention
2009,Palau,PLW,concern_about_adolescent_fertility,minor_concern
2009,Palau,PLW,policies_reduce_adolescent_fertility,no
2009,Panama,PAN,view_on_fertility_level,satisfactory
2009,Panama,PAN,policy_on_fertility_level,maintain
2009,Panama,PAN,concern_about_adolescent_fertility,major_concern
2009,Panama,PAN,policies_reduce_adolescent_fertility,yes
2009,Papua New Guinea,PNG,view_on_fertility_level,too_high
2009,Papua New Guinea,PNG,policy_on_fertility_level,lower
2009,Papua New Guinea,PNG,concern_about_adolescent_fertility,major_concern
2009,Papua New Guinea,PNG,policies_reduce_adolescent_fertility,yes
2009,Paraguay,PRY,view_on_fertility_level,too_high
2009,Paraguay,PRY,policy_on_fertility_level,no_intervention
2009,Paraguay,PRY,concern_about_adolescent_fertility,major_concern
2009,Paraguay,PRY,policies_reduce_adolescent_fertility,yes
2009,Peru,PER,view_on_fertility_level,too_high
2009,Peru,PER,policy_on_fertility_level,lower
2009,Peru,PER,concern_about_adolescent_fertility,major_concern
2009,Peru,PER,policies_reduce_adolescent_fertility,yes
2009,Philippines,PHL,view_on_fertility_level,satisfactory
2009,Philippines,PHL,policy_on_fertility_level,lower
2009,Philippines,PHL,concern_about_adolescent_fertility,major_concern
2009,Philippines,PHL,policies_reduce_adolescent_fertility,yes
2009,Poland,POL,view_on_fertility_level,too_low
2009,Poland,POL,policy_on_fertility_level,raise
2009,Poland,POL,concern_about_adolescent_fertility,major_concern
2009,Poland,POL,policies_reduce_adolescent_fertility,no
2009,Portugal,PRT,view_on_fertility_level,too_low
2009,Portugal,PRT,policy_on_fertility_level,raise
2009,Portugal,PRT,concern_about_adolescent_fertility,major_concern
2009,Portugal,PRT,policies_reduce_adolescent_fertility,yes
2009,Qatar,QAT,view_on_fertility_level,satisfactory
2009,Qatar,QAT,policy_on_fertility_level,raise
2009,Qatar,QAT,concern_about_adolescent_fertility,not_a_concern
2009,Qatar,QAT,policies_reduce_adolescent_fertility,no
2009,Republic of Korea,KOR,view_on_fertility_level,too_low
2009,Republic of Korea,KOR,policy_on_fertility_level,raise
2009,Republic of Korea,KOR,concern_about_adolescent_fertility,major_concern
2009,Republic of Korea,KOR,policies_reduce_adolescent_fertility,yes
2009,Republic of Moldova,MDA,view_on_fertility_level,too_low
2009,Republic of Moldova,MDA,policy_on_fertility_level,raise
2009,Republic of Moldova,MDA,concern_about_adolescent_fertility,not_a_concern
2009,Republic of Moldova,MDA,policies_reduce_adolescent_fertility,yes
2009,Romania,ROU,view_on_fertility_level,too_low
2009,Romania,ROU,policy_on_fertility_level,raise
2009,Romania,ROU,concern_about_adolescent_fertility,minor_concern
2009,Romania,ROU,policies_reduce_adolescent_fertility,yes
2009,Russian Federation,RUS,view_on_fertility_level,too_low
2009,Russian Federation,RUS,policy_on_fertility_level,raise
2009,Russian Federation,RUS,concern_about_adolescent_fertility,major_concern
2009,Russian Federation,RUS,policies_reduce_adolescent_fertility,no
2009,Rwanda,RWA,view_on_fertility_level,too_high
2009,Rwanda,RWA,policy_on_fertility_level,lower
2009,Rwanda,RWA,concern_about_adolescent_fertility,major_concern
2009,Rwanda,RWA,policies_reduce_adolescent_fertility,yes
2009,Saint Kitts and Nevis,KNA,view_on_fertility_level,satisfactory
2009,Saint Kitts and Nevis,KNA,policy_on_fertility_level,no_intervention
2009,Saint Kitts and Nevis,KNA,concern_about_adolescent_fertility,minor_concern
2009,Saint Kitts and Nevis,KNA,policies_reduce_adolescent_fertility,yes
2009,Saint Lucia,LCA,view_on_fertility_level,satisfactory
2009,Saint Lucia,LCA,policy_on_fertility_level,maintain
2009,Saint Lucia,LCA,concern_about_adolescent_fertility,major_concern
2009,Saint Lucia,LCA,policies_reduce_adolescent_fertility,yes
2009,Saint Vincent and the Grenadines,VCT,view_on_fertility_level,satisfactory
2009,Saint Vincent and the Grenadines,VCT,policy_on_fertility_level,maintain
2009,Saint Vincent and the Grenadines,VCT,concern_about_adolescent_fertility,major_concern
2009,Saint Vincent and the Grenadines,VCT,policies_reduce_adolescent_fertility,yes
2009,Samoa,WSM,view_on_fertility_level,too_high
2009,Samoa,WSM,policy_on_fertility_level,lower
2009,Samoa,WSM,concern_about_adolescent_fertility,major_concern
2009,Samoa,WSM,policies_reduce_adolescent_fertility,yes
2009,San Marino,SMR,view_on_fertility_level,satisfactory
2009,San Marino,SMR,policy_on_fertility_level,no_intervention
2009,San Marino,SMR,concern_about_adolescent_fertility,not_a_concern
2009,San Marino,SMR,policies_reduce_adolescent_fertility,no
2009,Sao Tome and Principe,STP,view_on_fertility_level,too_high
2009,Sao Tome and Principe,STP,policy_on_fertility_level,no_intervention
2009,Sao Tome and Principe,STP,concern_about_adolescent_fertility,minor_concern
2009,Sao Tome and Principe,STP,policies_reduce_adolescent_fertility,yes
2009,Saudi Arabia,SAU,view_on_fertility_level,satisfactory
2009,Saudi Arabia,SAU,policy_on_fertility_level,no_intervention
2009,Saudi Arabia,SAU,concern_about_adolescent_fertility,not_a_concern
2009,Saudi Arabia,SAU,policies_reduce_adolescent_fertility,no
2009,Senegal,SEN,view_on_fertility_level,too_high
2009,Senegal,SEN,policy_on_fertility_level,lower
2009,Senegal,SEN,concern_about_adolescent_fertility,major_concern
2009,Senegal,SEN,policies_reduce_adolescent_fertility,yes
2009,Serbia,SRB,view_on_fertility_level,too_low
2009,Serbia,SRB,policy_on_fertility_level,raise
2009,Serbia,SRB,concern_about_adolescent_fertility,minor_concern
2009,Serbia,SRB,policies_reduce_adolescent_fertility,yes
2009,Seychelles,SYC,view_on_fertility_level,satisfactory
2009,Seychelles,SYC,policy_on_fertility_level,no_intervention
2009,Seychelles,SYC,concern_about_adolescent_fertility,major_concern
2009,Seychelles,SYC,policies_reduce_adolescent_fertility,yes
2009,Sierra Leone,SLE,view_on_fertility_level,too_high
2009,Sierra Leone,SLE,policy_on_fertility_level,lower
2009,Sierra Leone,SLE,concern_about_adolescent_fertility,major_concern
2009,Sierra Leone,SLE,policies_reduce_adolescent_fertility,yes
2009,Singapore,SGP,view_on_fertility_level,too_low
2009,Singapore,SGP,policy_on_fertility_level,raise
2009,Singapore,SGP,concern_about_adolescent_fertility,minor_concern
2009,Singapore,SGP,policies_reduce_adolescent_fertility,yes
2009,Slovakia,SVK,view_on_fertility_level,too_low
2009,Slovakia,SVK,policy_on_fertility_level,raise
2009,Slovakia,SVK,concern_about_adolescent_fertility,not_a_concern
2009,Slovakia,SVK,policies_reduce_adolescent_fertility,no
2009,Slovenia,SVN,view_on_fertility_level,too_low
2009,Slovenia,SVN,policy_on_fertility_level,raise
2009,Slovenia,SVN,concern_about_adolescent_fertility,minor_concern
2009,Slovenia,SVN,policies_reduce_adolescent_fertility,yes
2009,Solomon Islands,SLB,view_on_fertility_level,too_high
2009,Solomon Islands,SLB,policy_on_fertility_level,lower
2009,Solomon Islands,SLB,concern_about_adolescent_fertility,minor_concern
2009,Solomon Islands,SLB,policies_reduce_adolescent_fertility,yes
2009,Somalia,,view_on_fertility_level,satisfactory
2009,Somalia,,policy_on_fertility_level,no_intervention
2009,Somalia,,concern_about_adolescent_fertility,
2009,Somalia,,policies_reduce_adolescent_fertility,
2009,South Africa,ZAF,view_on_fertility_level,satisfactory
2009,South Africa,ZAF,policy_on_fertility_level,maintain
2009,South Africa,ZAF,concern_about_adolescent_fertility,major_concern
2009,South Africa,ZAF,policies_reduce_adolescent_fertility,yes
2009,Spain,ESP,view_on_fertility_level,too_low
2009,Spain,ESP,policy_on_fertility_level,raise
2009,Spain,ESP,concern_about_adolescent_fertility,minor_concern
2009,Spain,ESP,policies_reduce_adolescent_fertility,yes
2009,Sri Lanka,LKA,view_on_fertility_level,satisfactory
2009,Sri Lanka,LKA,policy_on_fertility_level,maintain
2009,Sri Lanka,LKA,concern_about_adolescent_fertility,minor_concern
2009,Sri Lanka,LKA,policies_reduce_adolescent_fertility,yes
2009,Sudan (including South Sudan),,view_on_fertility_level,too_high
2009,Sudan (including South Sudan),,policy_on_fertility_level,lower
2009,Sudan (including South Sudan),,concern_about_adolescent_fertility,not_a_concern
2009,Sudan (including South Sudan),,policies_reduce_adolescent_fertility,no
2009,Suriname,SUR,view_on_fertility_level,satisfactory
2009,Suriname,SUR,policy_on_fertility_level,maintain
2009,Suriname,SUR,concern_about_adolescent_fertility,major_concern
2009,Suriname,SUR,policies_reduce_adolescent_fertility,yes
2009,Swaziland,SWZ,view_on_fertility_level,too_high
2009,Swaziland,SWZ,policy_on_fertility_level,lower
2009,Swaziland,SWZ,concern_about_adolescent_fertility,minor_concern
2009,Swaziland,SWZ,policies_reduce_adolescent_fertility,yes
2009,Sweden,SWE,view_on_fertility_level,satisfactory
2009,Sweden,SWE,policy_on_fertility_level,no_intervention
2009,Sweden,SWE,concern_about_adolescent_fertility,minor_concern
2009,Sweden,SWE,policies_reduce_adolescent_fertility,yes
2009,Switzerland,CHE,view_on_fertility_level,satisfactory
2009,Switzerland,CHE,policy_on_fertility_level,no_intervention
2009,Switzerland,CHE,concern_about_adolescent_fertility,not_a_concern
2009,Switzerland,CHE,policies_reduce_adolescent_fertility,no
2009,Syrian Arab Republic,SYR,view_on_fertility_level,satisfactory
2009,Syrian Arab Republic,SYR,policy_on_fertility_level,lower
2009,Syrian Arab Republic,SYR,concern_about_adolescent_fertility,major_concern
2009,Syrian Arab Republic,SYR,policies_reduce_adolescent_fertility,no
2009,Tajikistan,TJK,view_on_fertility_level,too_high
2009,Tajikistan,TJK,policy_on_fertility_level,lower
2009,Tajikistan,TJK,concern_about_adolescent_fertility,minor_concern
2009,Tajikistan,TJK,policies_reduce_adolescent_fertility,yes
2009,Thailand,THA,view_on_fertility_level,satisfactory
2009,Thailand,THA,policy_on_fertility_level,maintain
2009,Thailand,THA,concern_about_adolescent_fertility,major_concern
2009,Thailand,THA,policies_reduce_adolescent_fertility,yes
2009,The former Yugoslav Rep. of Macedonia,MKD,view_on_fertility_level,too_low
2009,The former Yugoslav Rep. of Macedonia,MKD,policy_on_fertility_level,raise
2009,The former Yugoslav Rep. of Macedonia,MKD,concern_about_adolescent_fertility,major_concern
2009,The former Yugoslav Rep. of Macedonia,MKD,policies_reduce_adolescent_fertility,yes
2009,Timor-Leste,TLS,view_on_fertility_level,too_high
2009,Timor-Leste,TLS,policy_on_fertility_level,no_intervention
2009,Timor-Leste,TLS,concern_about_adolescent_fertility,
2009,Timor-Leste,TLS,policies_reduce_adolescent_fertility,
2009,Togo,TGO,view_on_fertility_level,too_high
2009,Togo,TGO,policy_on_fertility_level,lower
2009,Togo,TGO,concern_about_adolescent_fertility,minor_concern
2009,Togo,TGO,policies_reduce_adolescent_fertility,yes
2009,Tonga,TON,view_on_fertility_level,satisfactory
2009,Tonga,TON,policy_on_fertility_level,maintain
2009,Tonga,TON,concern_about_adolescent_fertility,minor_concern
2009,Tonga,TON,policies_reduce_adolescent_fertility,no
2009,Trinidad and Tobago,TTO,view_on_fertility_level,satisfactory
2009,Trinidad and Tobago,TTO,policy_on_fertility_level,maintain
2009,Trinidad and Tobago,TTO,concern_about_adolescent_fertility,major_concern
2009,Trinidad and Tobago,TTO,policies_reduce_adolescent_fertility,yes
2009,Tunisia,TUN,view_on_fertility_level,satisfactory
2009,Tunisia,TUN,policy_on_fertility_level,lower
2009,Tunisia,TUN,concern_about_adolescent_fertility,not_a_concern
2009,Tunisia,TUN,policies_reduce_adolescent_fertility,no
2009,Turkey,TUR,view_on_fertility_level,satisfactory
2009,Turkey,TUR,policy_on_fertility_level,maintain
2009,Turkey,TUR,concern_about_adolescent_fertility,minor_concern
2009,Turkey,TUR,policies_reduce_adolescent_fertility,yes
2009,Turkmenistan,TKM,view_on_fertility_level,too_low
2009,Turkmenistan,TKM,policy_on_fertility_level,raise
2009,Turkmenistan,TKM,concern_about_adolescent_fertility,minor_concern
2009,Turkmenistan,TKM,policies_reduce_adolescent_fertility,yes
2009,Tuvalu,TUV,view_on_fertility_level,too_high
2009,Tuvalu,TUV,policy_on_fertility_level,lower
2009,Tuvalu,TUV,concern_about_adolescent_fertility,major_concern
2009,Tuvalu,TUV,policies_reduce_adolescent_fertility,yes
2009,Uganda,UGA,view_on_fertility_level,too_high
2009,Uganda,UGA,policy_on_fertility_level,lower
2009,Uganda,UGA,concern_about_adolescent_fertility,major_concern
2009,Uganda,UGA,policies_reduce_adolescent_fertility,yes
2009,Ukraine,UKR,view_on_fertility_level,too_low
2009,Ukraine,UKR,policy_on_fertility_level,raise
2009,Ukraine,UKR,concern_about_adolescent_fertility,not_a_concern
2009,Ukraine,UKR,policies_reduce_adolescent_fertility,yes
2009,United Arab Emirates,ARE,view_on_fertility_level,satisfactory
2009,United Arab Emirates,ARE,policy_on_fertility_level,maintain
2009,United Arab Emirates,ARE,concern_about_adolescent_fertility,not_a_concern
2009,United Arab Emirates,ARE,policies_reduce_adolescent_fertility,no
2009,United Kingdom,GBR,view_on_fertility_level,satisfactory
2009,United Kingdom,GBR,policy_on_fertility_level,no_intervention
2009,United Kingdom,GBR,concern_about_adolescent_fertility,major_concern
2009,United Kingdom,GBR,policies_reduce_adolescent_fertility,yes
2009,United Republic of Tanzania,TZA,view_on_fertility_level,too_high
2009,United Republic of Tanzania,TZA,policy_on_fertility_level,lower
2009,United Republic of Tanzania,TZA,concern_about_adolescent_fertility,major_concern
2009,United Republic of Tanzania,TZA,policies_reduce_adolescent_fertility,yes
2009,United States of America,USA,view_on_fertility_level,satisfactory
2009,United States of America,USA,policy_on_fertility_level,no_intervention
2009,United States of America,USA,concern_about_adolescent_fertility,major_concern
2009,United States of America,USA,policies_reduce_adolescent_fertility,yes
2009,Uruguay,URY,view_on_fertility_level,satisfactory
2009,Uruguay,URY,policy_on_fertility_level,no_intervention
2009,Uruguay,URY,concern_about_adolescent_fertility,major_concern
2009,Uruguay,URY,policies_reduce_adolescent_fertility,yes
2009,Uzbekistan,UZB,view_on_fertility_level,satisfactory
2009,Uzbekistan,UZB,policy_on_fertility_level,maintain
2009,Uzbekistan,UZB,concern_about_adolescent_fertility,minor_concern
2009,Uzbekistan,UZB,policies_reduce_adolescent_fertility,yes
2009,Vanuatu,VUT,view_on_fertility_level,too_high
2009,Vanuatu,VUT,policy_on_fertility_level,lower
2009,Vanuatu,VUT,concern_about_adolescent_fertility,major_concern
2009,Vanuatu,VUT,policies_reduce_adolescent_fertility,yes
2009,Venezuela (Bolivarian Republic of),,view_on_fertility_level,satisfactory
2009,Venezuela (Bolivarian Republic of),,policy_on_fertility_level,no_intervention
2009,Venezuela (Bolivarian Republic of),,concern_about_adolescent_fertility,major_concern
2009,Venezuela (Bolivarian Republic of),,policies_reduce_adolescent_fertility,yes
2009,Viet Nam,VNM,view_on_fertility_level,too_high
2009,Viet Nam,VNM,policy_on_fertility_level,lower
2009,Viet Nam,VNM,concern_about_adolescent_fertility,major_concern
2009,Viet Nam,VNM,policies_reduce_adolescent_fertility,yes
2009,Yemen,YEM,view_on_fertility_level,too_high
2009,Yemen,YEM,policy_on_fertility_level,lower
2009,Yemen,YEM,concern_about_adolescent_fertility,major_concern
2009,Yemen,YEM,policies_reduce_adolescent_fertility,yes
2009,Zambia,ZMB,view_on_fertility_level,too_high
2009,Zambia,ZMB,policy_on_fertility_level,lower
2009,Zambia,ZMB,concern_about_adolescent_fertility,major_concern
2009,Zambia,ZMB,policies_reduce_adolescent_fertility,yes
2009,Zimbabwe,ZWE,view_on_fertility_level,too_high
2009,Zimbabwe,ZWE,policy_on_fertility_level,lower
2009,Zimbabwe,ZWE,concern_about_adolescent_fertility,minor_concern
2009,Zimbabwe,ZWE,policies_reduce_adolescent_fertility,no
2009,Afghanistan,AFG,family_planning_support,direct_support
2009,Afghanistan,AFG,abortion_grounds,1
2009,Albania,ALB,family_planning_support,direct_support
2009,Albania,ALB,abortion_grounds,1|2|3|4|5|6|7
2009,Algeria,DZA,family_planning_support,direct_support
2009,Algeria,DZA,abortion_grounds,1|2|3
2009,Andorra,AND,family_planning_support,no_support
2009,Andorra,AND,abortion_grounds,1
2009,Angola,AGO,family_planning_support,direct_support
2009,Angola,AGO,abortion_grounds,1
2009,Antigua and Barbuda,ATG,family_planning_support,indirect_support
2009,Antigua and Barbuda,ATG,abortion_grounds,1
2009,Argentina,ARG,family_planning_support,direct_support
2009,Argentina,ARG,abortion_grounds,1
2009,Armenia,ARM,family_planning_support,indirect_support
2009,Armenia,ARM,abortion_grounds,1|2|3|4|5|6|7
2009,Australia,AUS,family_planning_support,indirect_support
2009,Australia,AUS,abortion_grounds,1|2|3|4|5|6|7
2009,Austria,AUT,family_planning_support,no_support
2009,Austria,AUT,abortion_grounds,1|2|3|4|5|6|7
2009,Azerbaijan,AZE,family_planning_support,direct_support
2009,Azerbaijan,AZE,abortion_grounds,1|2|3|4|5|6|7
2009,Bahamas,BHS,family_planning_support,direct_support
2009,Bahamas,BHS,abortion_grounds,1|2|3
2009,Bahrain,BHR,family_planning_support,direct_support
2009,Bahrain,BHR,abortion_grounds,1|2|3|4|5|6|7
2009,Bangladesh,BGD,family_planning_support,direct_support
2009,Bangladesh,BGD,abortion_grounds,1
2009,Barbados,BRB,family_planning_support,direct_support
2009,Barbados,BRB,abortion_grounds,1|2|3|4|5|6
2009,Belarus,BLR,family_planning_support,direct_support
2009,Belarus,BLR,abortion_grounds,1|2|3|4|5|6|7
2009,Belgium,BEL,family_planning_support,direct_support
2009,Belgium,BEL,abortion_grounds,1|2|3|4|5|6|7
2009,Belize,BLZ,family_planning_support,indirect_support
2009,Belize,BLZ,abortion_grounds,1|2|3|5|6
2009,Benin,BEN,family_planning_support,direct_support
2009,Benin,BEN,abortion_grounds,1|2|3|4|5
2009,Bhutan,BTN,family_planning_support,direct_support
2009,Bhutan,BTN,abortion_grounds,1|3|4
2009,Bolivia (Plurinational State of),BOL,family_planning_support,direct_support
2009,Bolivia (Plurinational State of),BOL,abortion_grounds,1|2|3|4
2009,Bosnia and Herzegovina,BIH,family_planning_support,indirect_support
2009,Bosnia and Herzegovina,BIH,abortion_grounds,1|2|3|4|5|6|7
2009,Botswana,BWA,family_planning_support,direct_support
2009,Botswana,BWA,abortion_grounds,1|2|3|4|5
2009,Brazil,BRA,family_planning_support,direct_support
2009,Brazil,BRA,abortion_grounds,1|4
2009,Brunei Darussalam,BRN,family_planning_support,no_support
2009,Brunei Darussalam,BRN,abortion_grounds,1
2009,Bulgaria,BGR,family_planning_support,indirect_support
2009,Bulgaria,BGR,abortion_grounds,1|2|3|4|5|6|7
2009,Burkina Faso,BFA,family_planning_support,direct_support
2009,Burkina Faso,BFA,abortion_grounds,1|2|3|4|5
2009,Burundi,BDI,family_planning_support,direct_support
2009,Burundi,BDI,abortion_grounds,1|2|3
2009,Cabo Verde,CPV,family_planning_support,direct_support
2009,Cabo Verde,CPV,abortion_grounds,1|2|3|4|5|6|7
2009,Cambodia,KHM,family_planning_support,direct_support
2009,Cambodia,KHM,abortion_grounds,1|2|3|4|5|6|7
2009,Cameroon,CMR,family_planning_support,direct_support
2009,Cameroon,CMR,abortion_grounds,1|2|3|4
2009,Canada,CAN,family_planning_support,indirect_support
2009,Canada,CAN,abortion_grounds,1|2|3|4|5|6|7
2009,Central African Republic,CAF,family_planning_support,indirect_support
2009,Central African Republic,CAF,abortion_grounds,1
2009,Chad,TCD,family_planning_support,direct_support
2009,Chad,TCD,abortion_grounds,1|2|5
2009,Chile,CHL,family_planning_support,direct_support
2009,Chile,CHL,abortion_grounds,not_permitted
2009,China,CHN,family_planning_support,direct_support
2009,China,CHN,abortion_grounds,1|2|3|4|5|6|7
2009,Colombia,COL,family_planning_support,direct_support
2009,Colombia,COL,abortion_grounds,1|2|3|4|5
2009,Comoros,COM,family_planning_support,direct_support
2009,Comoros,COM,abortion_grounds,1|2|3
2009,Congo,,family_planning_support,direct_support
2009,Congo,,abortion_grounds,1
2009,Cook Islands,,family_planning_support,direct_support
2009,Cook Islands,,abortion_grounds,1|2|3|4
2009,Costa Rica,CRI,family_planning_support,direct_support
2009,Costa Rica,CRI,abortion_grounds,1|2|3
2009,Côte d'Ivoire,CIV,family_planning_support,direct_support
2009,Côte d'Ivoire,CIV,abortion_grounds,1
2009,Croatia,HRV,family_planning_support,direct_support
2009,Croatia,HRV,abortion_grounds,1|2|3|4|5|6|7
2009,Cuba,CUB,family_planning_support,direct_support
2009,Cuba,CUB,abortion_grounds,1|2|3|4|5|6|7
2009,Cyprus,CYP,family_planning_support,direct_support
2009,Cyprus,CYP,abortion_grounds,1|2|3|4|5
2009,Czech Republic,CZE,family_planning_support,indirect_support
2009,Czech Republic,CZE,abortion_grounds,1|2|3|4|5|6|7
2009,Democratic People's Republic of Korea,PRK,family_planning_support,direct_support
2009,Democratic People's Republic of Korea,PRK,abortion_grounds,1|2|3|4|5|6|7
2009,Democratic Republic of the Congo,,family_planning_support,direct_support
2009,Democratic Republic of the Congo,,abortion_grounds,1
2009,Denmark,DNK,family_planning_support,indirect_support
2009,Denmark,DNK,abortion_grounds,1|2|3|4|5|6|7
2009,Djibouti,DJI,family_planning_support,direct_support
2009,Djibouti,DJI,abortion_grounds,1
2009,Dominica,DMA,family_planning_support,direct_support
2009,Dominica,DMA,abortion_grounds,1
2009,Dominican Republic,DOM,family_planning_support,direct_support
2009,Dominican Republic,DOM,abortion_grounds,not_permitted
2009,Ecuador,ECU,family_planning_support,direct_support
2009,Ecuador,ECU,abortion_grounds,1|2
2009,Egypt,EGY,family_planning_support,direct_support
2009,Egypt,EGY,abortion_grounds,1
2009,El Salvador,SLV,family_planning_support,direct_support
2009,El Salvador,SLV,abortion_grounds,not_permitted
2009,Equatorial Guinea,GNQ,family_planning_support,direct_support
2009,Equatorial Guinea,GNQ,abortion_grounds,1|2|3
2009,Eritrea,ERI,family_planning_support,direct_support
2009,Eritrea,ERI,abortion_grounds,1|2|3
2009,Estonia,EST,family_planning_support,indirect_support
2009,Estonia,EST,abortion_grounds,1|2|3|4|5|6|7
2009,Ethiopia,ETH,family_planning_support,direct_support
2009,Ethiopia,ETH,abortion_grounds,1|2|3|4|5
2009,Fiji,FJI,family_planning_support,direct_support
2009,Fiji,FJI,abortion_grounds,1|2|3|4|5
2009,Finland,FIN,family_planning_support,direct_support
2009,Finland,FIN,abortion_grounds,1|2|3|4|5|6
2009,France,FRA,family_planning_support,indirect_support
2009,France,FRA,abortion_grounds,1|2|3|4|5|6|7
2009,Gabon,GAB,family_planning_support,no_support
2009,Gabon,GAB,abortion_grounds,1
2009,Gambia,GMB,family_planning_support,direct_support
2009,Gambia,GMB,abortion_grounds,1|2|3
2009,Georgia,GEO,family_planning_support,direct_support
2009,Georgia,GEO,abortion_grounds,1|2|3|4|5|6|7
2009,Germany,DEU,family_planning_support,no_support
2009,Germany,DEU,abortion_grounds,1|2|3|4|5|6|7
2009,Ghana,GHA,family_planning_support,direct_support
2009,Ghana,GHA,abortion_grounds,1|2|3|4|5
2009,Greece,GRC,family_planning_support,no_support
2009,Greece,GRC,abortion_grounds,1|2|3|4|5|6|7
2009,Grenada,GRD,family_planning_support,direct_support
2009,Grenada,GRD,abortion_grounds,1|2|3
2009,Guatemala,GTM,family_planning_support,direct_support
2009,Guatemala,GTM,abortion_grounds,1
2009,Guinea,GIN,family_planning_support,indirect_support
2009,Guinea,GIN,abortion_grounds,1|2|3|4|5
2009,Guinea-Bissau,GNB,family_planning_support,indirect_support
2009,Guinea-Bissau,GNB,abortion_grounds,1
2009,Guyana,GUY,family_planning_support,direct_support
2009,Guyana,GUY,abortion_grounds,1|2|3|4|5|6|7
2009,Haiti,HTI,family_planning_support,direct_support
2009,Haiti,HTI,abortion_grounds,1
2009,Holy See,,family_planning_support,limits
2009,Holy See,,abortion_grounds,not_permitted
2009,Honduras,HND,family_planning_support,direct_support
2009,Honduras,HND,abortion_grounds,1
2009,Hungary,HUN,family_planning_support,indirect_support
2009,Hungary,HUN,abortion_grounds,1|2|3|4|5|6|7
2009,Iceland,ISL,family_planning_support,direct_support
2009,Iceland,ISL,abortion_grounds,1|2|3|4|5|6
2009,India,IND,family_planning_support,direct_support
2009,India,IND,abortion_grounds,1|2|3|4|5|6
2009,Indonesia,IDN,family_planning_support,direct_support
2009,Indonesia,IDN,abortion_grounds,1
2009,Iran (Islamic Republic of),,family_planning_support,direct_support
2009,Iran (Islamic Republic of),,abortion_grounds,1
2009,Iraq,IRQ,family_planning_support,direct_support
2009,Iraq,IRQ,abortion_grounds,1
2009,Ireland,IRL,family_planning_support,direct_support
2009,Ireland,IRL,abortion_grounds,1
2009,Israel,ISR,family_planning_support,indirect_support
2009,Israel,ISR,abortion_grounds,1|2|3|4|5
2009,Italy,ITA,family_planning_support,indirect_support
2009,Italy,ITA,abortion_grounds,1|2|3|4|5|6|7
2009,Jamaica,JAM,family_planning_support,direct_support
2009,Jamaica,JAM,abortion_grounds,1|2|3
2009,Japan,JPN,family_planning_support,indirect_support
2009,Japan,JPN,abortion_grounds,1|2|4|6
2009,Jordan,JOR,family_planning_support,direct_support
2009,Jordan,JOR,abortion_grounds,1|2|3|5
2009,Kazakhstan,KAZ,family_planning_support,indirect_support
2009,Kazakhstan,KAZ,abortion_grounds,1|2|3|4|5|6|7
2009,Kenya,KEN,family_planning_support,direct_support
2009,Kenya,KEN,abortion_grounds,1|2|3
2009,Kiribati,KIR,family_planning_support,direct_support
2009,Kiribati,KIR,abortion_grounds,1
2009,Kuwait,KWT,family_planning_support,direct_support
2009,Kuwait,KWT,abortion_grounds,1|2|3|5
2009,Kyrgyzstan,KGZ,family_planning_support,direct_support
2009,Kyrgyzstan,KGZ,abortion_grounds,1|2|3|4|5|6|7
2009,Lao People's Democratic Republic,,family_planning_support,direct_support
2009,Lao People's Democratic Republic,,abortion_grounds,1|2
2009,Latvia,LVA,family_planning_support,no_support
2009,Latvia,LVA,abortion_grounds,1|2|3|4|5|6|7
2009,Lebanon,LBN,family_planning_support,direct_support
2009,Lebanon,LBN,abortion_grounds,1
2009,Lesotho,LSO,family_planning_support,direct_support
2009,Lesotho,LSO,abortion_grounds,1
2009,Liberia,LBR,family_planning_support,direct_support
2009,Liberia,LBR,abortion_grounds,1|2|3|4|5
2009,Libya,LBY,family_planning_support,no_support
2009,Libya,LBY,abortion_grounds,1
2009,Liechtenstein,LIE,family_planning_support,no_support
2009,Liechtenstein,LIE,abortion_grounds,1|2|3
2009,Lithuania,LTU,family_planning_support,indirect_support
2009,Lithuania,LTU,abortion_grounds,1|2|3|4|5|6|7
2009,Luxembourg,LUX,family_planning_support,indirect_support
2009,Luxembourg,LUX,abortion_grounds,1|2|3|4|5|6
2009,Madagascar,MDG,family_planning_support,direct_support
2009,Madagascar,MDG,abortion_grounds,1
2009,Malawi,MWI,family_planning_support,direct_support
2009,Malawi,MWI,abortion_grounds,1
2009,Malaysia,MYS,family_planning_support,direct_support
2009,Malaysia,MYS,abortion_grounds,1|2|3
2009,Maldives,MDV,family_planning_support,direct_support
2009,Maldives,MDV,abortion_grounds,1|2
2009,Mali,MLI,family_planning_support,direct_support
2009,Mali,MLI,abortion_grounds,1|4
2009,Malta,MLT,family_planning_support,no_support
2009,Malta,MLT,abortion_grounds,not_permitted
2009,Marshall Islands,MHL,family_planning_support,direct_support
2009,Marshall Islands,MHL,abortion_grounds,1
2009,Mauritania,MRT,family_planning_support,direct_support
2009,Mauritania,MRT,abortion_grounds,1
2009,Mauritius,MUS,family_planning_support,direct_support
2009,Mauritius,MUS,abortion_grounds,1
2009,Mexico,MEX,family_planning_support,direct_support
2009,Mexico,MEX,abortion_grounds,1|2|3|4|5|6|7
2009,Micronesia (Federated States of),,family_planning_support,direct_support
2009,Micronesia (Federated States of),,abortion_grounds,1
2009,Monaco,MCO,family_planning_support,no_support
2009,Monaco,MCO,abortion_grounds,1
2009,Mongolia,MNG,family_planning_support,direct_support
2009,Mongolia,MNG,abortion_grounds,1|2|3|4|5|6|7
2009,Montenegro,MNE,family_planning_support,direct_support
2009,Montenegro,MNE,abortion_grounds,1|2|3|4|5|6|7
2009,Morocco,MAR,family_planning_support,direct_support
2009,Morocco,MAR,abortion_grounds,1|2|3
2009,Mozambique,MOZ,family_planning_support,direct_support
2009,Mozambique,MOZ,abortion_grounds,1|2|3
2009,Myanmar,MMR,family_planning_support,direct_support
2009,Myanmar,MMR,abortion_grounds,1
2009,Namibia,NAM,family_planning_support,direct_support
2009,Namibia,NAM,abortion_grounds,1|2|3|4|5
2009,Nauru,NRU,family_planning_support,direct_support
2009,Nauru,NRU,abortion_grounds,1|2|3
2009,Nepal,NPL,family_planning_support,direct_support
2009,Nepal,NPL,abortion_grounds,1|2|3|4|5|6|7
2009,Netherlands,NLD,family_planning_support,indirect_support
2009,Netherlands,NLD,abortion_grounds,1|2|3|4|5|6|7
2009,New Zealand,NZL,family_planning_support,direct_support
2009,New Zealand,NZL,abortion_grounds,1|2|3|4|5
2009,Nicaragua,NIC,family_planning_support,direct_support
2009,Nicaragua,NIC,abortion_grounds,not_permitted
2009,Niger,NER,family_planning_support,direct_support
2009,Niger,NER,abortion_grounds,1
2009,Nigeria,NGA,family_planning_support,direct_support
2009,Nigeria,NGA,abortion_grounds,1|2|3
2009,Niue,,family_planning_support,indirect_support
2009,Niue,,abortion_grounds,1|2|3
2009,Norway,NOR,family_planning_support,direct_support
2009,Norway,NOR,abortion_grounds,1|2|3|4|5|6|7
2009,Oman,OMN,family_planning_support,direct_support
2009,Oman,OMN,abortion_grounds,1|5
2009,Pakistan,PAK,family_planning_support,direct_support
2009,Pakistan,PAK,abortion_grounds,1|2|3
2009,Palau,PLW,family_planning_support,indirect_support
2009,Palau,PLW,abortion_grounds,1
2009,Panama,PAN,family_planning_support,direct_support
2009,Panama,PAN,abortion_grounds,1|2|4
2009,Papua New Guinea,PNG,family_planning_support,direct_support
2009,Papua New Guinea,PNG,abortion_grounds,1|2|3
2009,Paraguay,PRY,family_planning_support,direct_support
2009,Paraguay,PRY,abortion_grounds,1
2009,Peru,PER,family_planning_support,direct_support
2009,Peru,PER,abortion_grounds,1|2|3
2009,Philippines,PHL,family_planning_support,direct_support
2009,Philippines,PHL,abortion_grounds,1
2009,Poland,POL,family_planning_support,no_support
2009,Poland,POL,abortion_grounds,1|2|3|4|5
2009,Portugal,PRT,family_planning_support,direct_support
2009,Portugal,PRT,abortion_grounds,1|2|3|4|5|6|7
2009,Qatar,QAT,family_planning_support,direct_support
2009,Qatar,QAT,abortion_grounds,1
2009,Republic of Korea,KOR,family_planning_support,direct_support
2009,Republic of Korea,KOR,abortion_grounds,1|2|3|4|5
2009,Republic of Moldova,MDA,family_planning_support,direct_support
2009,Republic of Moldova,MDA,abortion_grounds,1|2|3|4|5|6|7
2009,Romania,ROU,family_planning_support,direct_support
2009,Romania,ROU,abortion_grounds,1|2|3|4|5|6|7
2009,Russian Federation,RUS,family_planning_support,indirect_support
2009,Russian Federation,RUS,abortion_grounds,1|2|3|4|5|6|7
2009,Rwanda,RWA,family_planning_support,direct_support
2009,Rwanda,RWA,abortion_grounds,1|2|3
2009,Saint Kitts and Nevis,KNA,family_planning_support,direct_support
2009,Saint Kitts and Nevis,KNA,abortion_grounds,1|2|3|4
2009,Saint Lucia,LCA,family_planning_support,direct_support
2009,Saint Lucia,LCA,abortion_grounds,1|2|3|4
2009,Saint Vincent and the Grenadines,VCT,family_planning_support,direct_support
2009,Saint Vincent and the Grenadines,VCT,abortion_grounds,1|2|3|4|5|6
2009,Samoa,WSM,family_planning_support,direct_support
2009,Samoa,WSM,abortion_grounds,1|2|3
2009,San Marino,SMR,family_planning_support,no_support
2009,San Marino,SMR,abortion_grounds,1
2009,Sao Tome and Principe,STP,family_planning_support,direct_support
2009,Sao Tome and Principe,STP,abortion_grounds,1
2009,Saudi Arabia,SAU,family_planning_support,no_support
2009,Saudi Arabia,SAU,abortion_grounds,1|2|3
2009,Senegal,SEN,family_planning_support,direct_support
2009,Senegal,SEN,abortion_grounds,1
2009,Serbia,SRB,family_planning_support,direct_support
2009,Serbia,SRB,abortion_grounds,1|2|3|4|5|6|7
2009,Seychelles,SYC,family_planning_support,direct_support
2009,Seychelles,SYC,abortion_grounds,1|2|3|4|5
2009,Sierra Leone,SLE,family_planning_support,direct_support
2009,Sierra Leone,SLE,abortion_grounds,1|2|3
2009,Singapore,SGP,family_planning_support,direct_support
2009,Singapore,SGP,abortion_grounds,1|2|3|4|5|6|7
2009,Slovakia,SVK,family_planning_support,no_support
2009,Slovakia,SVK,abortion_grounds,1|2|3|4|5|6|7
2009,Slovenia,SVN,family_planning_support,direct_support
2009,Slovenia,SVN,abortion_grounds,1|2|3|4|5|6|7
2009,Solomon Islands,SLB,family_planning_support,indirect_support
2009,Solomon Islands,SLB,abortion_grounds,1
2009,Somalia,,family_planning_support,indirect_support
2009,Somalia,,abortion_grounds,1
2009,South Africa,ZAF,family_planning_support,direct_support
2009,South Africa,ZAF,abortion_grounds,1|2|3|4|5|6|7
2009,Spain,ESP,family_planning_support,indirect_support
2009,Spain,ESP,abortion_grounds,1|2|3|4|5
2009,Sri Lanka,LKA,family_planning_support,direct_support
2009,Sri Lanka,LKA,abortion_grounds,1
2009,Sudan (including South Sudan),,family_planning_support,direct_support
2009,Sudan (including South Sudan),,abortion_grounds,1|4
2009,Suriname,SUR,family_planning_support,indirect_support
2009,Suriname,SUR,abortion_grounds,1
2009,Swaziland,SWZ,family_planning_support,direct_support
2009,Swaziland,SWZ,abortion_grounds,1|2|3|5
2009,Sweden,SWE,family_planning_support,direct_support
2009,Sweden,SWE,abortion_grounds,1|2|3|4|5|6|7
2009,Switzerland,CHE,family_planning_support,no_support
2009,Switzerland,CHE,abortion_grounds,1|2|3|4|5|6|7
2009,Syrian Arab Republic,SYR,family_planning_support,direct_support
2009,Syrian Arab Republic,SYR,abortion_grounds,1
2009,Tajikistan,TJK,family_planning_support,direct_support
2009,Tajikistan,TJK,abortion_grounds,1|2|3|4|5|6|7
2009,Thailand,THA,family_planning_support,direct_support
2009,Thailand,THA,abortion_grounds,1|2|3|4|5
2009,The former Yugoslav Rep. of Macedonia,MKD,family_planning_support,direct_support
2009,The former Yugoslav Rep. of Macedonia,MKD,abortion_grounds,1|2|3|4|5|6|7
2009,Timor-Leste,TLS,family_planning_support,direct_support
2009,Timor-Leste,TLS,abortion_grounds,1
2009,Togo,TGO,family_planning_support,direct_support
2009,Togo,TGO,abortion_grounds,1|2|4|5
2009,Tonga,TON,family_planning_support,direct_support
2009,Tonga,TON,abortion_grounds,1
2009,Trinidad and Tobago,TTO,family_planning_support,direct_support
2009,Trinidad and Tobago,TTO,abortion_grounds,1|2|3
2009,Tunisia,TUN,family_planning_support,direct_support
2009,Tunisia,TUN,abortion_grounds,1|2|3|4|5|6|7
2009,Turkey,TUR,family_planning_support,direct_support
2009,Turkey,TUR,abortion_grounds,1|2|3|4|5|6|7
2009,Turkmenistan,TKM,family_planning_support,indirect_support
2009,Turkmenistan,TKM,abortion_grounds,1|2|3|4|5|6|7
2009,Tuvalu,TUV,family_planning_support,direct_support
2009,Tuvalu,TUV,abortion_grounds,1
2009,Uganda,UGA,family_planning_support,direct_support
2009,Uganda,UGA,abortion_grounds,1|2|3
2009,Ukraine,UKR,family_planning_support,indirect_support
2009,Ukraine,UKR,abortion_grounds,1|2|3|4|5|6|7
2009,United Arab Emirates,ARE,family_planning_support,no_support
2009,United Arab Emirates,ARE,abortion_grounds,1
2009,United Kingdom,GBR,family_planning_support,direct_support
2009,United Kingdom,GBR,abortion_grounds,1|2|3|5|6
2009,United Republic of Tanzania,TZA,family_planning_support,direct_support
2009,United Republic of Tanzania,TZA,abortion_grounds,1|2|3
2009,United States of America,USA,family_planning_support,direct_support
2009,United States of America,USA,abortion_grounds,1|2|3|4|5|6|7
2009,Uruguay,URY,family_planning_support,direct_support
2009,Uruguay,URY,abortion_grounds,1|2|3|4
2009,Uzbekistan,UZB,family_planning_support,direct_support
2009,Uzbekistan,UZB,abortion_grounds,1|2|3|4|5|6|7
2009,Vanuatu,VUT,family_planning_support,direct_support
2009,Vanuatu,VUT,abortion_grounds,1|2|3
2009,Venezuela (Bolivarian Republic of),,family_planning_support,direct_support
2009,Venezuela (Bolivarian Republic of),,abortion_grounds,1
2009,Viet Nam,VNM,family_planning_support,direct_support
2009,Viet Nam,VNM,abortion_grounds,1|2|3|4|5|6|7
2009,Yemen,YEM,family_planning_support,direct_support
2009,Yemen,YEM,abortion_grounds,1
2009,Zambia,ZMB,family_planning_support,direct_support
2009,Zambia,ZMB,abortion_grounds,1|2|3|5|6
2009,Zimbabwe,ZWE,family_planning_support,direct_support
2009,Zimbabwe,ZWE,abortion_grounds,1|2|4|5
2011,Afghanistan,AFG,view_on_fertility_level,too_high
2011,Afghanistan,AFG,policy_on_fertility_level,lower
2011,Afghanistan,AFG,concern_about_adolescent_fertility,major_concern
2011,Afghanistan,AFG,policies_reduce_adolescent_fertility,yes
2011,Albania,ALB,view_on_fertility_level,satisfactory
2011,Albania,ALB,policy_on_fertility_level,maintain
2011,Albania,ALB,concern_about_adolescent_fertility,minor_concern
2011,Albania,ALB,policies_reduce_adolescent_fertility,yes
2011,Algeria,DZA,view_on_fertility_level,too_high
2011,Algeria,DZA,policy_on_fertility_level,lower
2011,Algeria,DZA,concern_about_adolescent_fertility,minor_concern
2011,Algeria,DZA,policies_reduce_adolescent_fertility,no
2011,Andorra,AND,view_on_fertility_level,satisfactory
2011,Andorra,AND,policy_on_fertility_level,maintain
2011,Andorra,AND,concern_about_adolescent_fertility,minor_concern
2011,Andorra,AND,policies_reduce_adolescent_fertility,yes
2011,Angola,AGO,view_on_fertility_level,too_high
2011,Angola,AGO,policy_on_fertility_level,maintain
2011,Angola,AGO,concern_about_adolescent_fertility,major_concern
2011,Angola,AGO,policies_reduce_adolescent_fertility,yes
2011,Antigua and Barbuda,ATG,view_on_fertility_level,satisfactory
2011,Antigua and Barbuda,ATG,policy_on_fertility_level,no_intervention
2011,Antigua and Barbuda,ATG,concern_about_adolescent_fertility,major_concern
2011,Antigua and Barbuda,ATG,policies_reduce_adolescent_fertility,yes
2011,Argentina,ARG,view_on_fertility_level,satisfactory
2011,Argentina,ARG,policy_on_fertility_level,no_intervention
2011,Argentina,ARG,concern_about_adolescent_fertility,major_concern
2011,Argentina,ARG,policies_reduce_adolescent_fertility,yes
2011,Armenia,ARM,view_on_fertility_level,too_low
2011,Armenia,ARM,policy_on_fertility_level,raise
2011,Armenia,ARM,concern_about_adolescent_fertility,minor_concern
2011,Armenia,ARM,policies_reduce_adolescent_fertility,yes
2011,Australia,AUS,view_on_fertility_level,too_low
2011,Australia,AUS,policy_on_fertility_level,raise
2011,Australia,AUS,concern_about_adolescent_fertility,minor_concern
2011,Australia,AUS,policies_reduce_adolescent_fertility,yes
2011,Austria,AUT,view_on_fertility_level,too_low
2011,Austria,AUT,policy_on_fertility_level,raise
2011,Austria,AUT,concern_about_adolescent_fertility,minor_concern
2011,Austria,AUT,policies_reduce_adolescent_fertility,no
2011,Azerbaijan,AZE,view_on_fertility_level,satisfactory
2011,Azerbaijan,AZE,policy_on_fertility_level,raise
2011,Azerbaijan,AZE,concern_about_adolescent_fertility,major_concern
2011,Azerbaijan,AZE,policies_reduce_adolescent_fertility,yes
2011,Bahamas,BHS,view_on_fertility_level,satisfactory
2011,Bahamas,BHS,policy_on_fertility_level,no_intervention
2011,Bahamas,BHS,concern_about_adolescent_fertility,major_concern
2011,Bahamas,BHS,policies_reduce_adolescent_fertility,yes
2011,Bahrain,BHR,view_on_fertility_level,too_high
2011,Bahrain,BHR,policy_on_fertility_level,lower
2011,Bahrain,BHR,concern_about_adolescent_fertility,not_a_concern
2011,Bahrain,BHR,policies_reduce_adolescent_fertility,no
2011,Bangladesh,BGD,view_on_fertility_level,too_high
2011,Bangladesh,BGD,policy_on_fertility_level,lower
2011,Bangladesh,BGD,concern_about_adolescent_fertility,major_concern
2011,Bangladesh,BGD,policies_reduce_adolescent_fertility,yes
2011,Barbados,BRB,view_on_fertility_level,too_low
2011,Barbados,BRB,policy_on_fertility_level,raise
2011,Barbados,BRB,concern_about_adolescent_fertility,major_concern
2011,Barbados,BRB,policies_reduce_adolescent_fertility,yes
2011,Belarus,BLR,view_on_fertility_level,too_low
2011,Belarus,BLR,policy_on_fertility_level,raise
2011,Belarus,BLR,concern_about_adolescent_fertility,major_concern
2011,Belarus,BLR,policies_reduce_adolescent_fertility,yes
2011,Belgium,BEL,view_on_fertility_level,satisfactory
2011,Belgium,BEL,policy_on_fertility_level,no_intervention
2011,Belgium,BEL,concern_about_adolescent_fertility,minor_concern
2011,Belgium,BEL,policies_reduce_adolescent_fertility,no
2011,Belize,BLZ,view_on_fertility_level,too_high
2011,Belize,BLZ,policy_on_fertility_level,lower
2011,Belize,BLZ,concern_about_adolescent_fertility,major_concern
2011,Belize,BLZ,policies_reduce_adolescent_fertility,yes
2011,Benin,BEN,view_on_fertility_level,too_high
2011,Benin,BEN,policy_on_fertility_level,lower
2011,Benin,BEN,concern_about_adolescent_fertility,major_concern
2011,Benin,BEN,policies_reduce_adolescent_fertility,yes
2011,Bhutan,BTN,view_on_fertility_level,too_high
2011,Bhutan,BTN,policy_on_fertility_level,lower
2011,Bhutan,BTN,concern_about_adolescent_fertility,major_concern
2011,Bhutan,BTN,policies_reduce_adolescent_fertility,yes
2011,Bolivia (Plurinational State of),BOL,view_on_fertility_level,satisfactory
2011,Bolivia (Plurinational State of),BOL,policy_on_fertility_level,maintain
2011,Bolivia (Plurinational State of),BOL,concern_about_adolescent_fertility,major_concern
2011,Bolivia (Plurinational State of),BOL,policies_reduce_adolescent_fertility,yes
2011,Bosnia and Herzegovina,BIH,view_on_fertility_level,too_low
2011,Bosnia and Herzegovina,BIH,policy_on_fertility_level,no_intervention
2011,Bosnia and Herzegovina,BIH,concern_about_adolescent_fertility,minor_concern
2011,Bosnia and Herzegovina,BIH,policies_reduce_adolescent_fertility,yes
2011,Botswana,BWA,view_on_fertility_level,satisfactory
2011,Botswana,BWA,policy_on_fertility_level,maintain
2011,Botswana,BWA,concern_about_adolescent_fertility,minor_concern
2011,Botswana,BWA,policies_reduce_adolescent_fertility,yes
2011,Brazil,BRA,view_on_fertility_level,satisfactory
2011,Brazil,BRA,policy_on_fertility_level,no_intervention
2011,Brazil,BRA,concern_about_adolescent_fertility,major_concern
2011,Brazil,BRA,policies_reduce_adolescent_fertility,yes
2011,Brunei Darussalam,BRN,view_on_fertility_level,too_low
2011,Brunei Darussalam,BRN,policy_on_fertility_level,no_intervention
2011,Brunei Darussalam,BRN,concern_about_adolescent_fertility,major_concern
2011,Brunei Darussalam,BRN,policies_reduce_adolescent_fertility,yes
2011,Bulgaria,BGR,view_on_fertility_level,too_low
2011,Bulgaria,BGR,policy_on_fertility_level,raise
2011,Bulgaria,BGR,concern_about_adolescent_fertility,major_concern
2011,Bulgaria,BGR,policies_reduce_adolescent_fertility,yes
2011,Burkina Faso,BFA,view_on_fertility_level,too_high
2011,Burkina Faso,BFA,policy_on_fertility_level,lower
2011,Burkina Faso,BFA,concern_about_adolescent_fertility,major_concern
2011,Burkina Faso,BFA,policies_reduce_adolescent_fertility,yes
2011,Burundi,BDI,view_on_fertility_level,too_high
2011,Burundi,BDI,policy_on_fertility_level,lower
2011,Burundi,BDI,concern_about_adolescent_fertility,minor_concern
2011,Burundi,BDI,policies_reduce_adolescent_fertility,yes
2011,Cabo Verde,CPV,view_on_fertility_level,too_high
2011,Cabo Verde,CPV,policy_on_fertility_level,lower
2011,Cabo Verde,CPV,concern_about_adolescent_fertility,major_concern
2011,Cabo Verde,CPV,policies_reduce_adolescent_fertility,yes
2011,Cambodia,KHM,view_on_fertility_level,too_high
2011,Cambodia,KHM,policy_on_fertility_level,lower
2011,Cambodia,KHM,concern_about_adolescent_fertility,minor_concern
2011,Cambodia,KHM,policies_reduce_adolescent_fertility,yes
2011,Cameroon,CMR,view_on_fertility_level,too_high
2011,Cameroon,CMR,policy_on_fertility_level,no_intervention
2011,Cameroon,CMR,concern_about_adolescent_fertility,major_concern
2011,Cameroon,CMR,policies_reduce_adolescent_fertility,yes
2011,Canada,CAN,view_on_fertility_level,too_low
2011,Canada,CAN,policy_on_fertility_level,no_intervention
2011,Canada,CAN,concern_about_adolescent_fertility,minor_concern
2011,Canada,CAN,policies_reduce_adolescent_fertility,yes
2011,Central African Republic,CAF,view_on_fertility_level,satisfactory
2011,Central African Republic,CAF,policy_on_fertility_level,no_intervention
2011,Central African Republic,CAF,concern_about_adolescent_fertility,minor_concern
2011,Central African Republic,CAF,policies_reduce_adolescent_fertility,yes
2011,Chad,TCD,view_on_fertility_level,too_high
2011,Chad,TCD,policy_on_fertility_level,no_intervention
2011,Chad,TCD,concern_about_adolescent_fertility,major_concern
2011,Chad,TCD,policies_reduce_adolescent_fertility,yes
2011,Chile,CHL,view_on_fertility_level,satisfactory
2011,Chile,CHL,policy_on_fertility_level,no_intervention
2011,Chile,CHL,concern_about_adolescent_fertility,major_concern
2011,Chile,CHL,policies_reduce_adolescent_fertility,yes
2011,China,CHN,view_on_fertility_level,satisfactory
2011,China,CHN,policy_on_fertility_level,maintain
2011,China,CHN,concern_about_adolescent_fertility,major_concern
2011,China,CHN,policies_reduce_adolescent_fertility,yes
2011,Colombia,COL,view_on_fertility_level,too_high
2011,Colombia,COL,policy_on_fertility_level,lower
2011,Colombia,COL,concern_about_adolescent_fertility,major_concern
2011,Colombia,COL,policies_reduce_adolescent_fertility,yes
2011,Comoros,COM,view_on_fertility_level,too_high
2011,Comoros,COM,policy_on_fertility_level,lower
2011,Comoros,COM,concern_about_adolescent_fertility,major_concern
2011,Comoros,COM,policies_reduce_adolescent_fertility,yes
2011,Congo,,view_on_fertility_level,too_high
2011,Congo,,policy_on_fertility_level,lower
2011,Congo,,concern_about_adolescent_fertility,major_concern
2011,Congo,,policies_reduce_adolescent_fertility,yes
2011,Cook Islands,,view_on_fertility_level,too_low
2011,Cook Islands,,policy_on_fertility_level,raise
2011,Cook Islands,,concern_about_adolescent_fertility,major_concern
2011,Cook Islands,,policies_reduce_adolescent_fertility,yes
2011,Costa Rica,CRI,view_on_fertility_level,satisfactory
2011,Costa Rica,CRI,policy_on_fertility_level,maintain
2011,Costa Rica,CRI,concern_about_adolescent_fertility,major_concern
2011,Costa Rica,CRI,policies_reduce_adolescent_fertility,yes
2011,Côte d'Ivoire,CIV,view_on_fertility_level,too_high
2011,Côte d'Ivoire,CIV,policy_on_fertility_level,lower
2011,Côte d'Ivoire,CIV,concern_about_adolescent_fertility,major_concern
2011,Côte d'Ivoire,CIV,policies_reduce_adolescent_fertility,yes
2011,Croatia,HRV,view_on_fertility_level,too_low
2011,Croatia,HRV,policy_on_fertility_level,raise
2011,Croatia,HRV,concern_about_adolescent_fertility,major_concern
2011,Croatia,HRV,policies_reduce_adolescent_fertility,yes
2011,Cuba,CUB,view_on_fertility_level,too_low
2011,Cuba,CUB,policy_on_fertility_level,raise
2011,Cuba,CUB,concern_about_adolescent_fertility,major_concern
2011,Cuba,CUB,policies_reduce_adolescent_fertility,yes
2011,Cyprus,CYP,view_on_fertility_level,too_low
2011,Cyprus,CYP,policy_on_fertility_level,raise
2011,Cyprus,CYP,concern_about_adolescent_fertility,minor_concern
2011,Cyprus,CYP,policies_reduce_adolescent_fertility,yes
2011,Czech Republic,CZE,view_on_fertility_level,too_low
2011,Czech Republic,CZE,policy_on_fertility_level,raise
2011,Czech Republic,CZE,concern_about_adolescent_fertility,major_concern
2011,Czech Republic,CZE,policies_reduce_adolescent_fertility,yes
2011,Democratic People's Republic of Korea,PRK,view_on_fertility_level,too_low
2011,Democratic People's Republic of Korea,PRK,policy_on_fertility_level,raise
2011,Democratic People's Republic of Korea,PRK,concern_about_adolescent_fertility,not_a_concern
2011,Democratic People's Republic of Korea,PRK,policies_reduce_adolescent_fertility,no
2011,Democratic Republic of the Congo,,view_on_fertility_level,too_high
2011,Democratic Republic of the Congo,,policy_on_fertility_level,no_intervention
2011,Democratic Republic of the Congo,,concern_about_adolescent_fertility,major_concern
2011,Democratic Republic of the Congo,,policies_reduce_adolescent_fertility,yes
2011,Denmark,DNK,view_on_fertility_level,too_low
2011,Denmark,DNK,policy_on_fertility_level,raise
2011,Denmark,DNK,concern_about_adolescent_fertility,not_a_concern
2011,Denmark,DNK,policies_reduce_adolescent_fertility,no
2011,Djibouti,DJI,view_on_fertility_level,too_high
2011,Djibouti,DJI,policy_on_fertility_level,no_intervention
2011,Djibouti,DJI,concern_about_adolescent_fertility,minor_concern
2011,Djibouti,DJI,policies_reduce_adolescent_fertility,yes
2011,Dominica,DMA,view_on_fertility_level,satisfactory
2011,Dominica,DMA,policy_on_fertility_level,no_intervention
2011,Dominica,DMA,concern_about_adolescent_fertility,major_concern
2011,Dominica,DMA,policies_reduce_adolescent_fertility,yes
2011,Dominican Republic,DOM,view_on_fertility_level,too_high
2011,Dominican Republic,DOM,policy_on_fertility_level,lower
2011,Dominican Republic,DOM,concern_about_adolescent_fertility,major_concern
2011,Dominican Republic,DOM,policies_reduce_adolescent_fertility,yes
2011,Ecuador,ECU,view_on_fertility_level,satisfactory
2011,Ecuador,ECU,policy_on_fertility_level,no_intervention
2011,Ecuador,ECU,concern_about_adolescent_fertility,major_concern
2011,Ecuador,ECU,policies_reduce_adolescent_fertility,yes
2011,Egypt,EGY,view_on_fertility_level,too_high
2011,Egypt,EGY,policy_on_fertility_level,lower
2011,Egypt,EGY,concern_about_adolescent_fertility,minor_concern
2011,Egypt,EGY,policies_reduce_adolescent_fertility,yes
2011,El Salvador,SLV,view_on_fertility_level,satisfactory
2011,El Salvador,SLV,policy_on_fertility_level,no_intervention
2011,El Salvador,SLV,concern_about_adolescent_fertility,major_concern
2011,El Salvador,SLV,policies_reduce_adolescent_fertility,yes
2011,Equatorial Guinea,GNQ,view_on_fertility_level,satisfactory
2011,Equatorial Guinea,GNQ,policy_on_fertility_level,maintain
2011,Equatorial Guinea,GNQ,concern_about_adolescent_fertility,major_concern
2011,Equatorial Guinea,GNQ,policies_reduce_adolescent_fertility,yes
2011,Eritrea,ERI,view_on_fertility_level,too_high
2011,Eritrea,ERI,policy_on_fertility_level,lower
2011,Eritrea,ERI,concern_about_adolescent_fertility,minor_concern
2011,Eritrea,ERI,policies_reduce_adolescent_fertility,yes
2011,Estonia,EST,view_on_fertility_level,too_low
2011,Estonia,EST,policy_on_fertility_level,raise
2011,Estonia,EST,concern_about_adolescent_fertility,not_a_concern
2011,Estonia,EST,policies_reduce_adolescent_fertility,no
2011,Ethiopia,ETH,view_on_fertility_level,too_high
2011,Ethiopia,ETH,policy_on_fertility_level,lower
2011,Ethiopia,ETH,concern_about_adolescent_fertility,major_concern
2011,Ethiopia,ETH,policies_reduce_adolescent_fertility,yes
2011,Fiji,FJI,view_on_fertility_level,satisfactory
2011,Fiji,FJI,policy_on_fertility_level,lower
2011,Fiji,FJI,concern_about_adolescent_fertility,minor_concern
2011,Fiji,FJI,policies_reduce_adolescent_fertility,yes
2011,Finland,FIN,view_on_fertility_level,satisfactory
2011,Finland,FIN,policy_on_fertility_level,maintain
2011,Finland,FIN,concern_about_adolescent_fertility,minor_concern
2011,Finland,FIN,policies_reduce_adolescent_fertility,yes
2011,France,FRA,view_on_fertility_level,satisfactory
2011,France,FRA,policy_on_fertility_level,raise
2011,France,FRA,concern_about_adolescent_fertility,minor_concern
2011,France,FRA,policies_reduce_adolescent_fertility,yes
2011,Gabon,GAB,view_on_fertility_level,too_low
2011,Gabon,GAB,policy_on_fertility_level,raise
2011,Gabon,GAB,concern_about_adolescent_fertility,minor_concern
2011,Gabon,GAB,policies_reduce_adolescent_fertility,yes
2011,Gambia,GMB,view_on_fertility_level,too_high
2011,Gambia,GMB,policy_on_fertility_level,lower
2011,Gambia,GMB,concern_about_adolescent_fertility,major_concern
2011,Gambia,GMB,policies_reduce_adolescent_fertility,yes
2011,Georgia,GEO,view_on_fertility_level,too_low
2011,Georgia,GEO,policy_on_fertility_level,raise
2011,Georgia,GEO,concern_about_adolescent_fertility,minor_concern
2011,Georgia,GEO,policies_reduce_adolescent_fertility,yes
2011,Germany,DEU,view_on_fertility_level,too_low
2011,Germany,DEU,policy_on_fertility_level,raise
2011,Germany,DEU,concern_about_adolescent_fertility,major_concern
2011,Germany,DEU,policies_reduce_adolescent_fertility,yes
2011,Ghana,GHA,view_on_fertility_level,too_high
2011,Ghana,GHA,policy_on_fertility_level,lower
2011,Ghana,GHA,concern_about_adolescent_fertility,major_concern
2011,Ghana,GHA,policies_reduce_adolescent_fertility,yes
2011,Greece,GRC,view_on_fertility_level,too_low
2011,Greece,GRC,policy_on_fertility_level,raise
2011,Greece,GRC,concern_about_adolescent_fertility,major_concern
2011,Greece,GRC,policies_reduce_adolescent_fertility,yes
2011,Grenada,GRD,view_on_fertility_level,satisfactory
2011,Grenada,GRD,policy_on_fertility_level,no_intervention
2011,Grenada,GRD,concern_about_adolescent_fertility,major_concern
2011,Grenada,GRD,policies_reduce_adolescent_fertility,yes
2011,Guatemala,GTM,view_on_fertility_level,too_high
2011,Guatemala,GTM,policy_on_fertility_level,lower
2011,Guatemala,GTM,concern_about_adolescent_fertility,major_concern
2011,Guatemala,GTM,policies_reduce_adolescent_fertility,yes
2011,Guinea,GIN,view_on_fertility_level,too_high
2011,Guinea,GIN,policy_on_fertility_level,lower
2011,Guinea,GIN,concern_about_adolescent_fertility,minor_concern
2011,Guinea,GIN,policies_reduce_adolescent_fertility,yes
2011,Guinea-Bissau,GNB,view_on_fertility_level,too_high
2011,Guinea-Bissau,GNB,policy_on_fertility_level,no_intervention
2011,Guinea-Bissau,GNB,concern_about_adolescent_fertility,major_concern
2011,Guinea-Bissau,GNB,policies_reduce_adolescent_fertility,yes
2011,Guyana,GUY,view_on_fertility_level,satisfactory
2011,Guyana,GUY,policy_on_fertility_level,no_intervention
2011,Guyana,GUY,concern_about_adolescent_fertility,major_concern
2011,Guyana,GUY,policies_reduce_adolescent_fertility,yes
2011,Haiti,HTI,view_on_fertility_level,too_high
2011,Haiti,HTI,policy_on_fertility_level,lower
2011,Haiti,HTI,concern_about_adolescent_fertility,major_concern
2011,Haiti,HTI,policies_reduce_adolescent_fertility,yes
2011,Holy See,,view_on_fertility_level,satisfactory
2011,Holy See,,policy_on_fertility_level,raise
2011,Holy See,,concern_about_adolescent_fertility,
2011,Holy See,,policies_reduce_adolescent_fertility,
2011,Honduras,HND,view_on_fertility_level,too_high
2011,Honduras,HND,policy_on_fertility_level,lower
2011,Honduras,HND,concern_about_adolescent_fertility,major_concern
2011,Honduras,HND,policies_reduce_adolescent_fertility,yes
2011,Hungary,HUN,view_on_fertility_level,too_low
2011,Hungary,HUN,policy_on_fertility_level,raise
2011,Hungary,HUN,concern_about_adolescent_fertility,minor_concern
2011,Hungary,HUN,policies_reduce_adolescent_fertility,yes
2011,Iceland,ISL,view_on_fertility_level,satisfactory
2011,Iceland,ISL,policy_on_fertility_level,maintain
2011,Iceland,ISL,concern_about_adolescent_fertility,minor_concern
2011,Iceland,ISL,policies_reduce_adolescent_fertility,yes
2011,India,IND,view_on_fertility_level,too_high
2011,India,IND,policy_on_fertility_level,lower
2011,India,IND,concern_about_adolescent_fertility,major_concern
2011,India,IND,policies_reduce_adolescent_fertility,yes
2011,Indonesia,IDN,view_on_fertility_level,too_high
2011,Indonesia,IDN,policy_on_fertility_level,lower
2011,Indonesia,IDN,concern_about_adolescent_fertility,major_concern
2011,Indonesia,IDN,policies_reduce_adolescent_fertility,yes
2011,Iran (Islamic Republic of),,view_on_fertility_level,too_low
2011,Iran (Islamic Republic of),,policy_on_fertility_level,raise
2011,Iran (Islamic Republic of),,concern_about_adolescent_fertility,major_concern
2011,Iran (Islamic Republic of),,policies_reduce_adolescent_fertility,yes
2011,Iraq,IRQ,view_on_fertility_level,too_high
2011,Iraq,IRQ,policy_on_fertility_level,no_intervention
2011,Iraq,IRQ,concern_about_adolescent_fertility,major_concern
2011,Iraq,IRQ,policies_reduce_adolescent_fertility,no
2011,Ireland,IRL,view_on_fertility_level,satisfactory
2011,Ireland,IRL,policy_on_fertility_level,no_intervention
2011,Ireland,IRL,concern_about_adolescent_fertility,major_concern
2011,Ireland,IRL,policies_reduce_adolescent_fertility,yes
2011,Israel,ISR,view_on_fertility_level,too_low
2011,Israel,ISR,policy_on_fertility_level,raise
2011,Israel,ISR,concern_about_adolescent_fertility,minor_concern
2011,Israel,ISR,policies_reduce_adolescent_fertility,yes
2011,Italy,ITA,view_on_fertility_level,too_low
2011,Italy,ITA,policy_on_fertility_level,raise
2011,Italy,ITA,concern_about_adolescent_fertility,not_a_concern
2011,Italy,ITA,policies_reduce_adolescent_fertility,no
2011,Jamaica,JAM,view_on_fertility_level,too_high
2011,Jamaica,JAM,policy_on_fertility_level,lower
2011,Jamaica,JAM,concern_about_adolescent_fertility,major_concern
2011,Jamaica,JAM,policies_reduce_adolescent_fertility,yes
2011,Japan,JPN,view_on_fertility_level,too_low
2011,Japan,JPN,policy_on_fertility_level,raise
2011,Japan,JPN,concern_about_adolescent_fertility,not_a_concern
2011,Japan,JPN,policies_reduce_adolescent_fertility,no
2011,Jordan,JOR,view_on_fertility_level,too_high
2011,Jordan,JOR,policy_on_fertility_level,lower
2011,Jordan,JOR,concern_about_adolescent_fertility,minor_concern
2011,Jordan,JOR,policies_reduce_adolescent_fertility,no
2011,Kazakhstan,KAZ,view_on_fertility_level,satisfactory
2011,Kazakhstan,KAZ,policy_on_fertility_level,maintain
2011,Kazakhstan,KAZ,concern_about_adolescent_fertility,major_concern
2011,Kazakhstan,KAZ,policies_reduce_adolescent_fertility,yes
2011,Kenya,KEN,view_on_fertility_level,too_high
2011,Kenya,KEN,policy_on_fertility_level,lower
2011,Kenya,KEN,concern_about_adolescent_fertility,major_concern
2011,Kenya,KEN,policies_reduce_adolescent_fertility,yes
2011,Kiribati,KIR,view_on_fertility_level,too_high
2011,Kiribati,KIR,policy_on_fertility_level,maintain
2011,Kiribati,KIR,concern_about_adolescent_fertility,minor_concern
2011,Kiribati,KIR,policies_reduce_adolescent_fertility,yes
2011,Kuwait,KWT,view_on_fertility_level,too_low
2011,Kuwait,KWT,policy_on_fertility_level,raise
2011,Kuwait,KWT,concern_about_adolescent_fertility,minor_concern
2011,Kuwait,KWT,policies_reduce_adolescent_fertility,yes
2011,Kyrgyzstan,KGZ,view_on_fertility_level,satisfactory
2011,Kyrgyzstan,KGZ,policy_on_fertility_level,maintain
2011,Kyrgyzstan,KGZ,concern_about_adolescent_fertility,major_concern
2011,Kyrgyzstan,KGZ,policies_reduce_adolescent_fertility,yes
2011,Lao People's Democratic Republic,,view_on_fertility_level,too_high
2011,Lao People's Democratic Republic,,policy_on_fertility_level,lower
2011,Lao People's Democratic Republic,,concern_about_adolescent_fertility,major_concern
2011,Lao People's Democratic Republic,,policies_reduce_adolescent_fertility,yes
2011,Latvia,LVA,view_on_fertility_level,too_low
2011,Latvia,LVA,policy_on_fertility_level,raise
2011,Latvia,LVA,concern_about_adolescent_fertility,major_concern
2011,Latvia,LVA,policies_reduce_adolescent_fertility,yes
2011,Lebanon,LBN,view_on_fertility_level,satisfactory
2011,Lebanon,LBN,policy_on_fertility_level,no_intervention
2011,Lebanon,LBN,concern_about_adolescent_fertility,minor_concern
2011,Lebanon,LBN,policies_reduce_adolescent_fertility,yes
2011,Lesotho,LSO,view_on_fertility_level,too_high
2011,Lesotho,LSO,policy_on_fertility_level,lower
2011,Lesotho,LSO,concern_about_adolescent_fertility,major_concern
2011,Lesotho,LSO,policies_reduce_adolescent_fertility,yes
2011,Liberia,LBR,view_on_fertility_level,too_high
2011,Liberia,LBR,policy_on_fertility_level,lower
2011,Liberia,LBR,concern_about_adolescent_fertility,major_concern
2011,Liberia,LBR,policies_reduce_adolescent_fertility,yes
2011,Libya,LBY,view_on_fertility_level,satisfactory
2011,Libya,LBY,policy_on_fertility_level,no_intervention
2011,Libya,LBY,concern_about_adolescent_fertility,minor_concern
2011,Libya,LBY,policies_reduce_adolescent_fertility,yes
2011,Liechtenstein,LIE,view_on_fertility_level,too_low
2011,Liechtenstein,LIE,policy_on_fertility_level,raise
2011,Liechtenstein,LIE,concern_about_adolescent_fertility,not_a_concern
2011,Liechtenstein,LIE,policies_reduce_adolescent_fertility,yes
2011,Lithuania,LTU,view_on_fertility_level,too_low
2011,Lithuania,LTU,policy_on_fertility_level,raise
2011,Lithuania,LTU,concern_about_adolescent_fertility,major_concern
2011,Lithuania,LTU,policies_reduce_adolescent_fertility,yes
2011,Luxembourg,LUX,view_on_fertility_level,too_low
2011,Luxembourg,LUX,policy_on_fertility_level,raise
2011,Luxembourg,LUX,concern_about_adolescent_fertility,minor_concern
2011,Luxembourg,LUX,policies_reduce_adolescent_fertility,yes
2011,Madagascar,MDG,view_on_fertility_level,too_high
2011,Madagascar,MDG,policy_on_fertility_level,lower
2011,Madagascar,MDG,concern_about_adolescent_fertility,major_concern
2011,Madagascar,MDG,policies_reduce_adolescent_fertility,yes
2011,Malawi,MWI,view_on_fertility_level,too_high
2011,Malawi,MWI,policy_on_fertility_level,lower
2011,Malawi,MWI,concern_about_adolescent_fertility,major_concern
2011,Malawi,MWI,policies_reduce_adolescent_fertility,yes
2011,Malaysia,MYS,view_on_fertility_level,satisfactory
2011,Malaysia,MYS,policy_on_fertility_level,maintain
2011,Malaysia,MYS,concern_about_adolescent_fertility,major_concern
2011,Malaysia,MYS,policies_reduce_adolescent_fertility,yes
2011,Maldives,MDV,view_on_fertility_level,satisfactory
2011,Maldives,MDV,policy_on_fertility_level,maintain
2011,Maldives,MDV,concern_about_adolescent_fertility,major_concern
2011,Maldives,MDV,policies_reduce_adolescent_fertility,yes
2011,Mali,MLI,view_on_fertility_level,too_high
2011,Mali,MLI,policy_on_fertility_level,lower
2011,Mali,MLI,concern_about_adolescent_fertility,major_concern
2011,Mali,MLI,policies_reduce_adolescent_fertility,yes
2011,Malta,MLT,view_on_fertility_level,too_low
2011,Malta,MLT,policy_on_fertility_level,raise
2011,Malta,MLT,concern_about_adolescent_fertility,minor_concern
2011,Malta,MLT,policies_reduce_adolescent_fertility,yes
2011,Marshall Islands,MHL,view_on_fertility_level,too_high
2011,Marshall Islands,MHL,policy_on_fertility_level,lower
2011,Marshall Islands,MHL,concern_about_adolescent_fertility,major_concern
2011,Marshall Islands,MHL,policies_reduce_adolescent_fertility,yes
2011,Mauritania,MRT,view_on_fertility_level,too_high
2011,Mauritania,MRT,policy_on_fertility_level,lower
2011,Mauritania,MRT,concern_about_adolescent_fertility,minor_concern
2011,Mauritania,MRT,policies_reduce_adolescent_fertility,yes
2011,Mauritius,MUS,view_on_fertility_level,satisfactory
2011,Mauritius,MUS,policy_on_fertility_level,maintain
2011,Mauritius,MUS,concern_about_adolescent_fertility,major_concern
2011,Mauritius,MUS,policies_reduce_adolescent_fertility,yes
2011,Mexico,MEX,view_on_fertility_level,satisfactory
2011,Mexico,MEX,policy_on_fertility_level,lower
2011,Mexico,MEX,concern_about_adolescent_fertility,major_concern
2011,Mexico,MEX,policies_reduce_adolescent_fertility,yes
2011,Micronesia (Federated States of),,view_on_fertility_level,too_high
2011,Micronesia (Federated States of),,policy_on_fertility_level,lower
2011,Micronesia (Federated States of),,concern_about_adolescent_fertility,major_concern
2011,Micronesia (Federated States of),,policies_reduce_adolescent_fertility,yes
2011,Monaco,MCO,view_on_fertility_level,satisfactory
2011,Monaco,MCO,policy_on_fertility_level,maintain
2011,Monaco,MCO,concern_about_adolescent_fertility,not_a_concern
2011,Monaco,MCO,policies_reduce_adolescent_fertility,no
2011,Mongolia,MNG,view_on_fertility_level,too_low
2011,Mongolia,MNG,policy_on_fertility_level,raise
2011,Mongolia,MNG,concern_about_adolescent_fertility,major_concern
2011,Mongolia,MNG,policies_reduce_adolescent_fertility,yes
2011,Montenegro,MNE,view_on_fertility_level,too_low
2011,Montenegro,MNE,policy_on_fertility_level,raise
2011,Montenegro,MNE,concern_about_adolescent_fertility,major_concern
2011,Montenegro,MNE,policies_reduce_adolescent_fertility,yes
2011,Morocco,MAR,view_on_fertility_level,satisfactory
2011,Morocco,MAR,policy_on_fertility_level,lower
2011,Morocco,MAR,concern_about_adolescent_fertility,minor_concern
2011,Morocco,MAR,policies_reduce_adolescent_fertility,yes
2011,Mozambique,MOZ,view_on_fertility_level,too_high
2011,Mozambique,MOZ,policy_on_fertility_level,lower
2011,Mozambique,MOZ,concern_about_adolescent_fertility,major_concern
2011,Mozambique,MOZ,policies_reduce_adolescent_fertility,yes
2011,Myanmar,MMR,view_on_fertility_level,satisfactory
2011,Myanmar,MMR,policy_on_fertility_level,maintain
2011,Myanmar,MMR,concern_about_adolescent_fertility,major_concern
2011,Myanmar,MMR,policies_reduce_adolescent_fertility,yes
2011,Namibia,NAM,view_on_fertility_level,satisfactory
2011,Namibia,NAM,policy_on_fertility_level,lower
2011,Namibia,NAM,concern_about_adolescent_fertility,major_concern
2011,Namibia,NAM,policies_reduce_adolescent_fertility,yes
2011,Nauru,NRU,view_on_fertility_level,satisfactory
2011,Nauru,NRU,policy_on_fertility_level,maintain
2011,Nauru,NRU,concern_about_adolescent_fertility,major_concern
2011,Nauru,NRU,policies_reduce_adolescent_fertility,yes
2011,Nepal,NPL,view_on_fertility_level,too_high
2011,Nepal,NPL,policy_on_fertility_level,lower
2011,Nepal,NPL,concern_about_adolescent_fertility,major_concern
2011,Nepal,NPL,policies_reduce_adolescent_fertility,yes
2011,Netherlands,NLD,view_on_fertility_level,satisfactory
2011,Netherlands,NLD,policy_on_fertility_level,no_intervention
2011,Netherlands,NLD,concern_about_adolescent_fertility,minor_concern
2011,Netherlands,NLD,policies_reduce_adolescent_fertility,yes
2011,New Zealand,NZL,view_on_fertility_level,satisfactory
2011,New Zealand,NZL,policy_on_fertility_level,maintain
2011,New Zealand,NZL,concern_about_adolescent_fertility,major_concern
2011,New Zealand,NZL,policies_reduce_adolescent_fertility,yes
2011,Nicaragua,NIC,view_on_fertility_level,too_high
2011,Nicaragua,NIC,policy_on_fertility_level,lower
2011,Nicaragua,NIC,concern_about_adolescent_fertility,major_concern
2011,Nicaragua,NIC,policies_reduce_adolescent_fertility,yes
2011,Niger,NER,view_on_fertility_level,too_high
2011,Niger,NER,policy_on_fertility_level,lower
2011,Niger,NER,concern_about_adolescent_fertility,major_concern
2011,Niger,NER,policies_reduce_adolescent_fertility,yes
2011,Nigeria,NGA,view_on_fertility_level,too_high
2011,Nigeria,NGA,policy_on_fertility_level,lower
2011,Nigeria,NGA,concern_about_adolescent_fertility,major_concern
2011,Nigeria,NGA,policies_reduce_adolescent_fertility,yes
2011,Niue,,view_on_fertility_level,too_low
2011,Niue,,policy_on_fertility_level,raise
2011,Niue,,concern_about_adolescent_fertility,minor_concern
2011,Niue,,policies_reduce_adolescent_fertility,yes
2011,Norway,NOR,view_on_fertility_level,satisfactory
2011,Norway,NOR,policy_on_fertility_level,maintain
2011,Norway,NOR,concern_about_adolescent_fertility,minor_concern
2011,Norway,NOR,policies_reduce_adolescent_fertility,yes
2011,Oman,OMN,view_on_fertility_level,satisfactory
2011,Oman,OMN,policy_on_fertility_level,lower
2011,Oman,OMN,concern_about_adolescent_fertility,minor_concern
2011,Oman,OMN,policies_reduce_adolescent_fertility,yes
2011,Pakistan,PAK,view_on_fertility_level,too_high
2011,Pakistan,PAK,policy_on_fertility_level,lower
2011,Pakistan,PAK,concern_about_adolescent_fertility,major_concern
2011,Pakistan,PAK,policies_reduce_adolescent_fertility,yes
2011,Palau,PLW,view_on_fertility_level,too_low
2011,Palau,PLW,policy_on_fertility_level,no_intervention
2011,Palau,PLW,concern_about_adolescent_fertility,minor_concern
2011,Palau,PLW,policies_reduce_adolescent_fertility,yes
2011,Panama,PAN,view_on_fertility_level,satisfactory
2011,Panama,PAN,policy_on_fertility_level,maintain
2011,Panama,PAN,concern_about_adolescent_fertility,major_concern
2011,Panama,PAN,policies_reduce_adolescent_fertility,yes
2011,Papua New Guinea,PNG,view_on_fertility_level,too_high
2011,Papua New Guinea,PNG,policy_on_fertility_level,lower
2011,Papua New Guinea,PNG,concern_about_adolescent_fertility,major_concern
2011,Papua New Guinea,PNG,policies_reduce_adolescent_fertility,yes
2011,Paraguay,PRY,view_on_fertility_level,too_high
2011,Paraguay,PRY,policy_on_fertility_level,lower
2011,Paraguay,PRY,concern_about_adolescent_fertility,major_concern
2011,Paraguay,PRY,policies_reduce_adolescent_fertility,yes
2011,Peru,PER,view_on_fertility_level,too_high
2011,Peru,PER,policy_on_fertility_level,lower
2011,Peru,PER,concern_about_adolescent_fertility,major_concern
2011,Peru,PER,policies_reduce_adolescent_fertility,yes
2011,Philippines,PHL,view_on_fertility_level,too_high
2011,Philippines,PHL,policy_on_fertility_level,lower
2011,Philippines,PHL,concern_about_adolescent_fertility,major_concern
2011,Philippines,PHL,policies_reduce_adolescent_fertility,yes
2011,Poland,POL,view_on_fertility_level,too_low
2011,Poland,POL,policy_on_fertility_level,raise
2011,Poland,POL,concern_about_adolescent_fertility,major_concern
2011,Poland,POL,policies_reduce_adolescent_fertility,yes
2011,Portugal,PRT,view_on_fertility_level,too_low
2011,Portugal,PRT,policy_on_fertility_level,raise
2011,Portugal,PRT,concern_about_adolescent_fertility,major_concern
2011,Portugal,PRT,policies_reduce_adolescent_fertility,yes
2011,Qatar,QAT,view_on_fertility_level,satisfactory
2011,Qatar,QAT,policy_on_fertility_level,raise
2011,Qatar,QAT,concern_about_adolescent_fertility,not_a_concern
2011,Qatar,QAT,policies_reduce_adolescent_fertility,no
2011,Republic of Korea,KOR,view_on_fertility_level,too_low
2011,Republic of Korea,KOR,policy_on_fertility_level,raise
2011,Republic of Korea,KOR,concern_about_adolescent_fertility,minor_concern
2011,Republic of Korea,KOR,policies_reduce_adolescent_fertility,yes
2011,Republic of Moldova,MDA,view_on_fertility_level,too_low
2011,Republic of Moldova,MDA,policy_on_fertility_level,raise
2011,Republic of Moldova,MDA,concern_about_adolescent_fertility,major_concern
2011,Republic of Moldova,MDA,policies_reduce_adolescent_fertility,yes
2011,Romania,ROU,view_on_fertility_level,too_low
2011,Romania,ROU,policy_on_fertility_level,raise
2011,Romania,ROU,concern_about_adolescent_fertility,minor_concern
2011,Romania,ROU,policies_reduce_adolescent_fertility,yes
2011,Russian Federation,RUS,view_on_fertility_level,too_low
2011,Russian Federation,RUS,policy_on_fertility_level,raise
2011,Russian Federation,RUS,concern_about_adolescent_fertility,major_concern
2011,Russian Federation,RUS,policies_reduce_adolescent_fertility,no
2011,Rwanda,RWA,view_on_fertility_level,too_high
2011,Rwanda,RWA,policy_on_fertility_level,lower
2011,Rwanda,RWA,concern_about_adolescent_fertility,major_concern
2011,Rwanda,RWA,policies_reduce_adolescent_fertility,yes
2011,Saint Kitts and Nevis,KNA,view_on_fertility_level,satisfactory
2011,Saint Kitts and Nevis,KNA,policy_on_fertility_level,no_intervention
2011,Saint Kitts and Nevis,KNA,concern_about_adolescent_fertility,major_concern
2011,Saint Kitts and Nevis,KNA,policies_reduce_adolescent_fertility,yes
2011,Saint Lucia,LCA,view_on_fertility_level,satisfactory
2011,Saint Lucia,LCA,policy_on_fertility_level,maintain
2011,Saint Lucia,LCA,concern_about_adolescent_fertility,major_concern
2011,Saint Lucia,LCA,policies_reduce_adolescent_fertility,yes
2011,Saint Vincent and the Grenadines,VCT,view_on_fertility_level,satisfactory
2011,Saint Vincent and the Grenadines,VCT,policy_on_fertility_level,maintain
2011,Saint Vincent and the Grenadines,VCT,concern_about_adolescent_fertility,major_concern
2011,Saint Vincent and the Grenadines,VCT,policies_reduce_adolescent_fertility,yes
2011,Samoa,WSM,view_on_fertility_level,too_high
2011,Samoa,WSM,policy_on_fertility_level,lower
2011,Samoa,WSM,concern_about_adolescent_fertility,major_concern
2011,Samoa,WSM,policies_reduce_adolescent_fertility,yes
2011,San Marino,SMR,view_on_fertility_level,satisfactory
2011,San Marino,SMR,policy_on_fertility_level,no_intervention
2011,San Marino,SMR,concern_about_adolescent_fertility,not_a_concern
2011,San Marino,SMR,policies_reduce_adolescent_fertility,no
2011,Sao Tome and Principe,STP,view_on_fertility_level,too_high
2011,Sao Tome and Principe,STP,policy_on_fertility_level,lower
2011,Sao Tome and Principe,STP,concern_about_adolescent_fertility,major_concern
2011,Sao Tome and Principe,STP,policies_reduce_adolescent_fertility,yes
2011,Saudi Arabia,SAU,view_on_fertility_level,satisfactory
2011,Saudi Arabia,SAU,policy_on_fertility_level,no_intervention
2011,Saudi Arabia,SAU,concern_about_adolescent_fertility,not_a_concern
2011,Saudi Arabia,SAU,policies_reduce_adolescent_fertility,no
2011,Senegal,SEN,view_on_fertility_level,too_high
2011,Senegal,SEN,policy_on_fertility_level,lower
2011,Senegal,SEN,concern_about_adolescent_fertility,major_concern
2011,Senegal,SEN,policies_reduce_adolescent_fertility,yes
2011,Serbia,SRB,view_on_fertility_level,too_low
2011,Serbia,SRB,policy_on_fertility_level,raise
2011,Serbia,SRB,concern_about_adolescent_fertility,major_concern
2011,Serbia,SRB,policies_reduce_adolescent_fertility,yes
2011,Seychelles,SYC,view_on_fertility_level,satisfactory
2011,Seychelles,SYC,policy_on_fertility_level,no_intervention
2011,Seychelles,SYC,concern_about_adolescent_fertility,major_concern
2011,Seychelles,SYC,policies_reduce_adolescent_fertility,yes
2011,Sierra Leone,SLE,view_on_fertility_level,too_high
2011,Sierra Leone,SLE,policy_on_fertility_level,lower
2011,Sierra Leone,SLE,concern_about_adolescent_fertility,major_concern
2011,Sierra Leone,SLE,policies_reduce_adolescent_fertility,yes
2011,Singapore,SGP,view_on_fertility_level,too_low
2011,Singapore,SGP,policy_on_fertility_level,raise
2011,Singapore,SGP,concern_about_adolescent_fertility,minor_concern
2011,Singapore,SGP,policies_reduce_adolescent_fertility,yes
2011,Slovakia,SVK,view_on_fertility_level,too_low
2011,Slovakia,SVK,policy_on_fertility_level,raise
2011,Slovakia,SVK,concern_about_adolescent_fertility,minor_concern
2011,Slovakia,SVK,policies_reduce_adolescent_fertility,yes
2011,Slovenia,SVN,view_on_fertility_level,too_low
2011,Slovenia,SVN,policy_on_fertility_level,raise
2011,Slovenia,SVN,concern_about_adolescent_fertility,minor_concern
2011,Slovenia,SVN,policies_reduce_adolescent_fertility,yes
2011,Solomon Islands,SLB,view_on_fertility_level,too_high
2011,Solomon Islands,SLB,policy_on_fertility_level,lower
2011,Solomon Islands,SLB,concern_about_adolescent_fertility,major_concern
2011,Solomon Islands,SLB,policies_reduce_adolescent_fertility,yes
2011,Somalia,,view_on_fertility_level,satisfactory
2011,Somalia,,policy_on_fertility_level,no_intervention
2011,Somalia,,concern_about_adolescent_fertility,major_concern
2011,Somalia,,policies_reduce_adolescent_fertility,yes
2011,South Africa,ZAF,view_on_fertility_level,satisfactory
2011,South Africa,ZAF,policy_on_fertility_level,maintain
2011,South Africa,ZAF,concern_about_adolescent_fertility,major_concern
2011,South Africa,ZAF,policies_reduce_adolescent_fertility,yes
2011,South Sudan,SSD,view_on_fertility_level,too_high
2011,South Sudan,SSD,policy_on_fertility_level,lower
2011,South Sudan,SSD,concern_about_adolescent_fertility,major_concern
2011,South Sudan,SSD,policies_reduce_adolescent_fertility,yes
2011,Spain,ESP,view_on_fertility_level,too_low
2011,Spain,ESP,policy_on_fertility_level,raise
2011,Spain,ESP,concern_about_adolescent_fertility,minor_concern
2011,Spain,ESP,policies_reduce_adolescent_fertility,yes
2011,Sri Lanka,LKA,view_on_fertility_level,satisfactory
2011,Sri Lanka,LKA,policy_on_fertility_level,maintain
2011,Sri Lanka,LKA,concern_about_adolescent_fertility,minor_concern
2011,Sri Lanka,LKA,policies_reduce_adolescent_fertility,yes
2011,Sudan,SDN,view_on_fertility_level,too_high
2011,Sudan,SDN,policy_on_fertility_level,lower
2011,Sudan,SDN,concern_about_adolescent_fertility,minor_concern
2011,Sudan,SDN,policies_reduce_adolescent_fertility,
2011,Suriname,SUR,view_on_fertility_level,satisfactory
2011,Suriname,SUR,policy_on_fertility_level,maintain
2011,Suriname,SUR,concern_about_adolescent_fertility,major_concern
2011,Suriname,SUR,policies_reduce_adolescent_fertility,yes
2011,Swaziland,SWZ,view_on_fertility_level,too_high
2011,Swaziland,SWZ,policy_on_fertility_level,lower
2011,Swaziland,SWZ,concern_about_adolescent_fertility,major_concern
2011,Swaziland,SWZ,policies_reduce_adolescent_fertility,yes
2011,Sweden,SWE,view_on_fertility_level,satisfactory
2011,Sweden,SWE,policy_on_fertility_level,raise
2011,Sweden,SWE,concern_about_adolescent_fertility,minor_concern
2011,Sweden,SWE,policies_reduce_adolescent_fertility,yes
2011,Switzerland,CHE,view_on_fertility_level,satisfactory
2011,Switzerland,CHE,policy_on_fertility_level,no_intervention
2011,Switzerland,CHE,concern_about_adolescent_fertility,not_a_concern
2011,Switzerland,CHE,policies_reduce_adolescent_fertility,no
2011,Syrian Arab Republic,SYR,view_on_fertility_level,too_high
2011,Syrian Arab Republic,SYR,policy_on_fertility_level,lower
2011,Syrian Arab Republic,SYR,concern_about_adolescent_fertility,major_concern
2011,Syrian Arab Republic,SYR,policies_reduce_adolescent_fertility,no
2011,Tajikistan,TJK,view_on_fertility_level,too_high
2011,Tajikistan,TJK,policy_on_fertility_level,lower
2011,Tajikistan,TJK,concern_about_adolescent_fertility,minor_concern
2011,Tajikistan,TJK,policies_reduce_adolescent_fertility,yes
2011,Thailand,THA,view_on_fertility_level,too_low
2011,Thailand,THA,policy_on_fertility_level,raise
2011,Thailand,THA,concern_about_adolescent_fertility,major_concern
2011,Thailand,THA,policies_reduce_adolescent_fertility,yes
2011,The former Yugoslav Rep. of Macedonia,MKD,view_on_fertility_level,too_low
2011,The former Yugoslav Rep. of Macedonia,MKD,policy_on_fertility_level,raise
2011,The former Yugoslav Rep. of Macedonia,MKD,concern_about_adolescent_fertility,major_concern
2011,The former Yugoslav Rep. of Macedonia,MKD,policies_reduce_adolescent_fertility,yes
2011,Timor-Leste,TLS,view_on_fertility_level,too_high
2011,Timor-Leste,TLS,policy_on_fertility_level,lower
2011,Timor-Leste,TLS,concern_about_adolescent_fertility,major_concern
2011,Timor-Leste,TLS,policies_reduce_adolescent_fertility,yes
2011,Togo,TGO,view_on_fertility_level,too_high
2011,Togo,TGO,policy_on_fertility_level,lower
2011,Togo,TGO,concern_about_adolescent_fertility,major_concern
2011,Togo,TGO,policies_reduce_adolescent_fertility,yes
2011,Tonga,TON,view_on_fertility_level,satisfactory
2011,Tonga,TON,policy_on_fertility_level,maintain
2011,Tonga,TON,concern_about_adolescent_fertility,minor_concern
2011,Tonga,TON,policies_reduce_adolescent_fertility,yes
2011,Trinidad and Tobago,TTO,view_on_fertility_level,satisfactory
2011,Trinidad and Tobago,TTO,policy_on_fertility_level,maintain
2011,Trinidad and Tobago,TTO,concern_about_adolescent_fertility,major_concern
2011,Trinidad and Tobago,TTO,policies_reduce_adolescent_fertility,yes
2011,Tunisia,TUN,view_on_fertility_level,satisfactory
2011,Tunisia,TUN,policy_on_fertility_level,lower
2011,Tunisia,TUN,concern_about_adolescent_fertility,not_a_concern
2011,Tunisia,TUN,policies_reduce_adolescent_fertility,no
2011,Turkey,TUR,view_on_fertility_level,satisfactory
2011,Turkey,TUR,policy_on_fertility_level,maintain
2011,Turkey,TUR,concern_about_adolescent_fertility,major_concern
2011,Turkey,TUR,policies_reduce_adolescent_fertility,yes
2011,Turkmenistan,TKM,view_on_fertility_level,satisfactory
2011,Turkmenistan,TKM,policy_on_fertility_level,maintain
2011,Turkmenistan,TKM,concern_about_adolescent_fertility,minor_concern
2011,Turkmenistan,TKM,policies_reduce_adolescent_fertility,yes
2011,Tuvalu,TUV,view_on_fertility_level,too_high
2011,Tuvalu,TUV,policy_on_fertility_level,lower
2011,Tuvalu,TUV,concern_about_adolescent_fertility,major_concern
2011,Tuvalu,TUV,policies_reduce_adolescent_fertility,yes
2011,Uganda,UGA,view_on_fertility_level,too_high
2011,Uganda,UGA,policy_on_fertility_level,lower
2011,Uganda,UGA,concern_about_adolescent_fertility,major_concern
2011,Uganda,UGA,policies_reduce_adolescent_fertility,yes
2011,Ukraine,UKR,view_on_fertility_level,too_low
2011,Ukraine,UKR,policy_on_fertility_level,raise
2011,Ukraine,UKR,concern_about_adolescent_fertility,not_a_concern
2011,Ukraine,UKR,policies_reduce_adolescent_fertility,no
2011,United Arab Emirates,ARE,view_on_fertility_level,satisfactory
2011,United Arab Emirates,ARE,policy_on_fertility_level,maintain
2011,United Arab Emirates,ARE,concern_about_adolescent_fertility,not_a_concern
2011,United Arab Emirates,ARE,policies_reduce_adolescent_fertility,no
2011,United Kingdom,GBR,view_on_fertility_level,satisfactory
2011,United Kingdom,GBR,policy_on_fertility_level,no_intervention
2011,United Kingdom,GBR,concern_about_adolescent_fertility,major_concern
2011,United Kingdom,GBR,policies_reduce_adolescent_fertility,yes
2011,United Republic of Tanzania,TZA,view_on_fertility_level,too_high
2011,United Republic of Tanzania,TZA,policy_on_fertility_level,lower
2011,United Republic of Tanzania,TZA,concern_about_adolescent_fertility,major_concern
2011,United Republic of Tanzania,TZA,policies_reduce_adolescent_fertility,yes
2011,United States of America,USA,view_on_fertility_level,satisfactory
2011,United States of America,USA,policy_on_fertility_level,no_intervention
2011,United States of America,USA,concern_about_adolescent_fertility,major_concern
2011,United States of America,USA,policies_reduce_adolescent_fertility,yes
2011,Uruguay,URY,view_on_fertility_level,too_low
2011,Uruguay,URY,policy_on_fertility_level,raise
2011,Uruguay,URY,concern_about_adolescent_fertility,major_concern
2011,Uruguay,URY,policies_reduce_adolescent_fertility,yes
2011,Uzbekistan,UZB,view_on_fertility_level,satisfactory
2011,Uzbekistan,UZB,policy_on_fertility_level,maintain
2011,Uzbekistan,UZB,concern_about_adolescent_fertility,minor_concern
2011,Uzbekistan,UZB,policies_reduce_adolescent_fertility,yes
2011,Vanuatu,VUT,view_on_fertility_level,too_high
2011,Vanuatu,VUT,policy_on_fertility_level,lower
2011,Vanuatu,VUT,concern_about_adolescent_fertility,major_concern
2011,Vanuatu,VUT,policies_reduce_adolescent_fertility,yes
2011,Venezuela (Bolivarian Republic of),,view_on_fertility_level,satisfactory
2011,Venezuela (Bolivarian Republic of),,policy_on_fertility_level,no_intervention
2011,Venezuela (Bolivarian Republic of),,concern_about_adolescent_fertility,major_concern
2011,Venezuela (Bolivarian Republic of),,policies_reduce_adolescent_fertility,yes
2011,Viet Nam,VNM,view_on_fertility_level,satisfactory
2011,Viet Nam,VNM,policy_on_fertility_level,maintain
2011,Viet Nam,VNM,concern_about_adolescent_fertility,minor_concern
2011,Viet Nam,VNM,policies_reduce_adolescent_fertility,yes
2011,Yemen,YEM,view_on_fertility_level,too_high
2011,Yemen,YEM,policy_on_fertility_level,lower
2011,Yemen,YEM,concern_about_adolescent_fertility,major_concern
2011,Yemen,YEM,policies_reduce_adolescent_fertility,yes
2011,Zambia,ZMB,view_on_fertility_level,too_high
2011,Zambia,ZMB,policy_on_fertility_level,lower
2011,Zambia,ZMB,concern_about_adolescent_fertility,major_concern
2011,Zambia,ZMB,policies_reduce_adolescent_fertility,yes
2011,Zimbabwe,ZWE,view_on_fertility_level,too_high
2011,Zimbabwe,ZWE,policy_on_fertility_level,lower
2011,Zimbabwe,ZWE,concern_about_adolescent_fertility,major_concern
2011,Zimbabwe,ZWE,policies_reduce_adolescent_fertility,yes
2011,Afghanistan,AFG,family_planning_support,direct_support
2011,Afghanistan,AFG,abortion_grounds,1
2011,Afghanistan,AFG,domestic_violence_policies,2
2011,Albania,ALB,family_planning_support,direct_support
2011,Albania,ALB,abortion_grounds,1|2|3|4|5|6|7
2011,Albania,ALB,domestic_violence_policies,1|2
2011,Algeria,DZA,family_planning_support,direct_support
2011,Algeria,DZA,abortion_grounds,1|2|3
2011,Algeria,DZA,domestic_violence_policies,1
2011,Andorra,AND,family_planning_support,no_support
2011,Andorra,AND,abortion_grounds,1
2011,Andorra,AND,domestic_violence_policies,1|2
2011,Angola,AGO,family_planning_support,direct_support
2011,Angola,AGO,abortion_grounds,1
2011,Angola,AGO,domestic_violence_policies,1|2
2011,Antigua and Barbuda,ATG,family_planning_support,direct_support
2011,Antigua and Barbuda,ATG,abortion_grounds,1
2011,Antigua and Barbuda,ATG,domestic_violence_policies,1|2
2011,Argentina,ARG,family_planning_support,direct_support
2011,Argentina,ARG,abortion_grounds,1|2
2011,Argentina,ARG,domestic_violence_policies,1|2
2011,Armenia,ARM,family_planning_support,indirect_support
2011,Armenia,ARM,abortion_grounds,1|2|3|4|5|6|7
2011,Armenia,ARM,domestic_violence_policies,2
2011,Australia,AUS,family_planning_support,indirect_support
2011,Australia,AUS,abortion_grounds,1|2|3|4|5|6|7
2011,Australia,AUS,domestic_violence_policies,1|2
2011,Austria,AUT,family_planning_support,indirect_support
2011,Austria,AUT,abortion_grounds,1|2|3|4|5|6|7
2011,Austria,AUT,domestic_violence_policies,1|2
2011,Azerbaijan,AZE,family_planning_support,direct_support
2011,Azerbaijan,AZE,abortion_grounds,1|2|3|4|5|6|7
2011,Azerbaijan,AZE,domestic_violence_policies,1|2
2011,Bahamas,BHS,family_planning_support,direct_support
2011,Bahamas,BHS,abortion_grounds,1|2|3|4|5
2011,Bahamas,BHS,domestic_violence_policies,1|2
2011,Bahrain,BHR,family_planning_support,direct_support
2011,Bahrain,BHR,abortion_grounds,1|2|3|4|5|6|7
2011,Bahrain,BHR,domestic_violence_policies,2
2011,Bangladesh,BGD,family_planning_support,direct_support
2011,Bangladesh,BGD,abortion_grounds,1
2011,Bangladesh,BGD,domestic_violence_policies,1|2
2011,Barbados,BRB,family_planning_support,direct_support
2011,Barbados,BRB,abortion_grounds,1|2|3|4|5|6
2011,Barbados,BRB,domestic_violence_policies,1|2
2011,Belarus,BLR,family_planning_support,direct_support
2011,Belarus,BLR,abortion_grounds,1|2|3|4|5|6|7
2011,Belarus,BLR,domestic_violence_policies,1|2
2011,Belgium,BEL,family_planning_support,direct_support
2011,Belgium,BEL,abortion_grounds,1|2|3|4|5|6|7
2011,Belgium,BEL,domestic_violence_policies,1|2
2011,Belize,BLZ,family_planning_support,direct_support
2011,Belize,BLZ,abortion_grounds,1|2|3|5|6
2011,Belize,BLZ,domestic_violence_policies,1|2
2011,Benin,BEN,family_planning_support,direct_support
2011,Benin,BEN,abortion_grounds,1|2|3|4|5
2011,Benin,BEN,domestic_violence_policies,1
2011,Bhutan,BTN,family_planning_support,direct_support
2011,Bhutan,BTN,abortion_grounds,1|3|4
2011,Bhutan,BTN,domestic_violence_policies,1|2
2011,Bolivia (Plurinational State of),BOL,family_planning_support,direct_support
2011,Bolivia (Plurinational State of),BOL,abortion_grounds,1|2|3|4
2011,Bolivia (Plurinational State of),BOL,domestic_violence_policies,1|2
2011,Bosnia and Herzegovina,BIH,family_planning_support,indirect_support
2011,Bosnia and Herzegovina,BIH,abortion_grounds,1|2|3|4|5|6|7
2011,Bosnia and Herzegovina,BIH,domestic_violence_policies,1|2
2011,Botswana,BWA,family_planning_support,direct_support
2011,Botswana,BWA,abortion_grounds,1|2|3|4|5
2011,Botswana,BWA,domestic_violence_policies,1|2
2011,Brazil,BRA,family_planning_support,direct_support
2011,Brazil,BRA,abortion_grounds,1|4
2011,Brazil,BRA,domestic_violence_policies,1|2
2011,Brunei Darussalam,BRN,family_planning_support,no_support
2011,Brunei Darussalam,BRN,abortion_grounds,1
2011,Brunei Darussalam,BRN,domestic_violence_policies,2
2011,Bulgaria,BGR,family_planning_support,indirect_support
2011,Bulgaria,BGR,abortion_grounds,1|2|3|4|5|6|7
2011,Bulgaria,BGR,domestic_violence_policies,1|2
2011,Burkina Faso,BFA,family_planning_support,direct_support
2011,Burkina Faso,BFA,abortion_grounds,1|2|3|4|5
2011,Burkina Faso,BFA,domestic_violence_policies,1|2
2011,Burundi,BDI,family_planning_support,direct_support
2011,Burundi,BDI,abortion_grounds,1|2|3
2011,Burundi,BDI,domestic_violence_policies,1|2
2011,Cabo Verde,CPV,family_planning_support,direct_support
2011,Cabo Verde,CPV,abortion_grounds,1|2|3|4|5|6|7
2011,Cabo Verde,CPV,domestic_violence_policies,1|2
2011,Cambodia,KHM,family_planning_support,direct_support
2011,Cambodia,KHM,abortion_grounds,1|2|3|4|5|6|7
2011,Cambodia,KHM,domestic_violence_policies,1|2
2011,Cameroon,CMR,family_planning_support,direct_support
2011,Cameroon,CMR,abortion_grounds,1|2|3|4
2011,Cameroon,CMR,domestic_violence_policies,2
2011,Canada,CAN,family_planning_support,indirect_support
2011,Canada,CAN,abortion_grounds,1|2|3|4|5|6|7
2011,Canada,CAN,domestic_violence_policies,1|2
2011,Central African Republic,CAF,family_planning_support,indirect_support
2011,Central African Republic,CAF,abortion_grounds,1
2011,Central African Republic,CAF,domestic_violence_policies,1
2011,Chad,TCD,family_planning_support,direct_support
2011,Chad,TCD,abortion_grounds,1|2|5
2011,Chad,TCD,domestic_violence_policies,1|2
2011,Chile,CHL,family_planning_support,direct_support
2011,Chile,CHL,abortion_grounds,not_permitted
2011,Chile,CHL,domestic_violence_policies,1|2
2011,China,CHN,family_planning_support,direct_support
2011,China,CHN,abortion_grounds,1|2|3|4|5|6|7
2011,China,CHN,domestic_violence_policies,1|2
2011,Colombia,COL,family_planning_support,direct_support
2011,Colombia,COL,abortion_grounds,1|2|3|4|5
2011,Colombia,COL,domestic_violence_policies,1|2
2011,Comoros,COM,family_planning_support,direct_support
2011,Comoros,COM,abortion_grounds,1|2|3
2011,Comoros,COM,domestic_violence_policies,Neither
2011,Congo,,family_planning_support,direct_support
2011,Congo,,abortion_grounds,1
2011,Congo,,domestic_violence_policies,1|2
2011,Cook Islands,,family_planning_support,direct_support
2011,Cook Islands,,abortion_grounds,1|2|3|4
2011,Cook Islands,,domestic_violence_policies,2
2011,Costa Rica,CRI,family_planning_support,direct_support
2011,Costa Rica,CRI,abortion_grounds,1|2|3
2011,Costa Rica,CRI,domestic_violence_policies,1|2
2011,Côte d'Ivoire,CIV,family_planning_support,direct_support
2011,Côte d'Ivoire,CIV,abortion_grounds,1
2011,Côte d'Ivoire,CIV,domestic_violence_policies,1|2
2011,Croatia,HRV,family_planning_support,direct_support
2011,Croatia,HRV,abortion_grounds,1|2|3|4|5|6|7
2011,Croatia,HRV,domestic_violence_policies,1|2
2011,Cuba,CUB,family_planning_support,direct_support
2011,Cuba,CUB,abortion_grounds,1|2|3|4|5|6|7
2011,Cuba,CUB,domestic_violence_policies,1|2
2011,Cyprus,CYP,family_planning_support,direct_support
2011,Cyprus,CYP,abortion_grounds,1|2|3|4|5
2011,Cyprus,CYP,domestic_violence_policies,1|2
2011,Czech Republic,CZE,family_planning_support,indirect_support
2011,Czech Republic,CZE,abortion_grounds,1|2|3|4|5|6|7
2011,Czech Republic,CZE,domestic_violence_policies,1|2
2011,Democratic People's Republic of Korea,PRK,family_planning_support,direct_support
2011,Democratic People's Republic of Korea,PRK,abortion_grounds,1|2|3|4|5|6|7
2011,Democratic People's Republic of Korea,PRK,domestic_violence_policies,Neither
2011,Democratic Republic of the Congo,,family_planning_support,direct_support
2011,Democratic Republic of the Congo,,abortion_grounds,1
2011,Democratic Republic of the Congo,,domestic_violence_policies,1|2
2011,Denmark,DNK,family_planning_support,direct_support
2011,Denmark,DNK,abortion_grounds,1|2|3|4|5|6|7
2011,Denmark,DNK,domestic_violence_policies,1|2
2011,Djibouti,DJI,family_planning_support,direct_support
2011,Djibouti,DJI,abortion_grounds,1
2011,Djibouti,DJI,domestic_violence_policies,1|2
2011,Dominica,DMA,family_planning_support,direct_support
2011,Dominica,DMA,abortion_grounds,1
2011,Dominica,DMA,domestic_violence_policies,1|2
2011,Dominican Republic,DOM,family_planning_support,direct_support
2011,Dominican Republic,DOM,abortion_grounds,not_permitted
2011,Dominican Republic,DOM,domestic_violence_policies,1|2
2011,Ecuador,ECU,family_planning_support,direct_support
2011,Ecuador,ECU,abortion_grounds,1|2|3
2011,Ecuador,ECU,domestic_violence_policies,1|2
2011,Egypt,EGY,family_planning_support,direct_support
2011,Egypt,EGY,abortion_grounds,1
2011,Egypt,EGY,domestic_violence_policies,1|2
2011,El Salvador,SLV,family_planning_support,direct_support
2011,El Salvador,SLV,abortion_grounds,not_permitted
2011,El Salvador,SLV,domestic_violence_policies,1|2
2011,Equatorial Guinea,GNQ,family_planning_support,direct_support
2011,Equatorial Guinea,GNQ,abortion_grounds,1|2|3
2011,Equatorial Guinea,GNQ,domestic_violence_policies,Neither
2011,Eritrea,ERI,family_planning_support,direct_support
2011,Eritrea,ERI,abortion_grounds,1|2|3|4|5
2011,Eritrea,ERI,domestic_violence_policies,1|2
2011,Estonia,EST,family_planning_support,indirect_support
2011,Estonia,EST,abortion_grounds,1|2|3|4|5|6|7
2011,Estonia,EST,domestic_violence_policies,1|2
2011,Ethiopia,ETH,family_planning_support,direct_support
2011,Ethiopia,ETH,abortion_grounds,1|2|3|4|5
2011,Ethiopia,ETH,domestic_violence_policies,1|2
2011,Fiji,FJI,family_planning_support,direct_support
2011,Fiji,FJI,abortion_grounds,1|2|3|4|5|6
2011,Fiji,FJI,domestic_violence_policies,1|2
2011,Finland,FIN,family_planning_support,direct_support
2011,Finland,FIN,abortion_grounds,1|2|3|4|5|6
2011,Finland,FIN,domestic_violence_policies,1|2
2011,France,FRA,family_planning_support,direct_support
2011,France,FRA,abortion_grounds,1|2|3|4|5|6|7
2011,France,FRA,domestic_violence_policies,1|2
2011,Gabon,GAB,family_planning_support,direct_support
2011,Gabon,GAB,abortion_grounds,1
2011,Gabon,GAB,domestic_violence_policies,Neither
2011,Gambia,GMB,family_planning_support,direct_support
2011,Gambia,GMB,abortion_grounds,1|2|3
2011,Gambia,GMB,domestic_violence_policies,2
2011,Georgia,GEO,family_planning_support,direct_support
2011,Georgia,GEO,abortion_grounds,1|2|3|4|5|6|7
2011,Georgia,GEO,domestic_violence_policies,1|2
2011,Germany,DEU,family_planning_support,no_support
2011,Germany,DEU,abortion_grounds,1|2|3|4|5|6|7
2011,Germany,DEU,domestic_violence_policies,1|2
2011,Ghana,GHA,family_planning_support,direct_support
2011,Ghana,GHA,abortion_grounds,1|2|3|4|5
2011,Ghana,GHA,domestic_violence_policies,1|2
2011,Greece,GRC,family_planning_support,no_support
2011,Greece,GRC,abortion_grounds,1|2|3|4|5|6|7
2011,Greece,GRC,domestic_violence_policies,1|2
2011,Grenada,GRD,family_planning_support,direct_support
2011,Grenada,GRD,abortion_grounds,1|2|3
2011,Grenada,GRD,domestic_violence_policies,1|2
2011,Guatemala,GTM,family_planning_support,direct_support
2011,Guatemala,GTM,abortion_grounds,1
2011,Guatemala,GTM,domestic_violence_policies,1|2
2011,Guinea,GIN,family_planning_support,direct_support
2011,Guinea,GIN,abortion_grounds,1|2|3|4|5
2011,Guinea,GIN,domestic_violence_policies,1
2011,Guinea-Bissau,GNB,family_planning_support,direct_support
2011,Guinea-Bissau,GNB,abortion_grounds,1
2011,Guinea-Bissau,GNB,domestic_violence_policies,Neither
2011,Guyana,GUY,family_planning_support,direct_support
2011,Guyana,GUY,abortion_grounds,1|2|3|4|5|6|7
2011,Guyana,GUY,domestic_violence_policies,1|2
2011,Haiti,HTI,family_planning_support,direct_support
2011,Haiti,HTI,abortion_grounds,1
2011,Haiti,HTI,domestic_violence_policies,1|2
2011,Holy See,,family_planning_support,not_permitted
2011,Holy See,,abortion_grounds,not_permitted
2011,Holy See,,domestic_violence_policies,
2011,Honduras,HND,family_planning_support,direct_support
2011,Honduras,HND,abortion_grounds,1
2011,Honduras,HND,domestic_violence_policies,1|2
2011,Hungary,HUN,family_planning_support,indirect_support
2011,Hungary,HUN,abortion_grounds,1|2|3|4|5|6|7
2011,Hungary,HUN,domestic_violence_policies,1|2
2011,Iceland,ISL,family_planning_support,direct_support
2011,Iceland,ISL,abortion_grounds,1|2|3|4|5|6
2011,Iceland,ISL,domestic_violence_policies,1|2
2011,India,IND,family_planning_support,direct_support
2011,India,IND,abortion_grounds,1|2|3|4|5|6
2011,India,IND,domestic_violence_policies,1|2
2011,Indonesia,IDN,family_planning_support,direct_support
2011,Indonesia,IDN,abortion_grounds,1|4
2011,Indonesia,IDN,domestic_violence_policies,1|2
2011,Iran (Islamic Republic of),,family_planning_support,no_support
2011,Iran (Islamic Republic of),,abortion_grounds,1
2011,Iran (Islamic Republic of),,domestic_violence_policies,Neither
2011,Iraq,IRQ,family_planning_support,direct_support
2011,Iraq,IRQ,abortion_grounds,1
2011,Iraq,IRQ,domestic_violence_policies,1|2
2011,Ireland,IRL,family_planning_support,direct_support
2011,Ireland,IRL,abortion_grounds,1
2011,Ireland,IRL,domestic_violence_policies,1|2
2011,Israel,ISR,family_planning_support,indirect_support
2011,Israel,ISR,abortion_grounds,1|2|3|4|5
2011,Israel,ISR,domestic_violence_policies,1|2
2011,Italy,ITA,family_planning_support,indirect_support
2011,Italy,ITA,abortion_grounds,1|2|3|4|5|6|7
2011,Italy,ITA,domestic_violence_policies,1|2
2011,Jamaica,JAM,family_planning_support,direct_support
2011,Jamaica,JAM,abortion_grounds,1|2|3
2011,Jamaica,JAM,domestic_violence_policies,1|2
2011,Japan,JPN,family_planning_support,indirect_support
2011,Japan,JPN,abortion_grounds,1|2|4|6
2011,Japan,JPN,domestic_violence_policies,1|2
2011,Jordan,JOR,family_planning_support,direct_support
2011,Jordan,JOR,abortion_grounds,1|2|3|5
2011,Jordan,JOR,domestic_violence_policies,1|2
2011,Kazakhstan,KAZ,family_planning_support,indirect_support
2011,Kazakhstan,KAZ,abortion_grounds,1|2|3|4|5|6|7
2011,Kazakhstan,KAZ,domestic_violence_policies,1|2
2011,Kenya,KEN,family_planning_support,direct_support
2011,Kenya,KEN,abortion_grounds,1|2|3
2011,Kenya,KEN,domestic_violence_policies,1
2011,Kiribati,KIR,family_planning_support,direct_support
2011,Kiribati,KIR,abortion_grounds,1
2011,Kiribati,KIR,domestic_violence_policies,2
2011,Kuwait,KWT,family_planning_support,direct_support
2011,Kuwait,KWT,abortion_grounds,1|2|3|5
2011,Kuwait,KWT,domestic_violence_policies,Neither
2011,Kyrgyzstan,KGZ,family_planning_support,direct_support
2011,Kyrgyzstan,KGZ,abortion_grounds,1|2|3|4|5|6|7
2011,Kyrgyzstan,KGZ,domestic_violence_policies,1|2
2011,Lao People's Democratic Republic,,family_planning_support,direct_support
2011,Lao People's Democratic Republic,,abortion_grounds,1|2
2011,Lao People's Democratic Republic,,domestic_violence_policies,1|2
2011,Latvia,LVA,family_planning_support,no_support
2011,Latvia,LVA,abortion_grounds,1|2|3|4|5|6|7
2011,Latvia,LVA,domestic_violence_policies,2
2011,Lebanon,LBN,family_planning_support,direct_support
2011,Lebanon,LBN,abortion_grounds,1
2011,Lebanon,LBN,domestic_violence_policies,2
2011,Lesotho,LSO,family_planning_support,direct_support
2011,Lesotho,LSO,abortion_grounds,1
2011,Lesotho,LSO,domestic_violence_policies,1
2011,Liberia,LBR,family_planning_support,direct_support
2011,Liberia,LBR,abortion_grounds,1|2|3|4|5
2011,Liberia,LBR,domestic_violence_policies,1|2
2011,Libya,LBY,family_planning_support,no_support
2011,Libya,LBY,abortion_grounds,1
2011,Libya,LBY,domestic_violence_policies,1
2011,Liechtenstein,LIE,family_planning_support,no_support
2011,Liechtenstein,LIE,abortion_grounds,1|2|3
2011,Liechtenstein,LIE,domestic_violence_policies,1|2
2011,Lithuania,LTU,family_planning_support,indirect_support
2011,Lithuania,LTU,abortion_grounds,1|2|3|4|5|6|7
2011,Lithuania,LTU,domestic_violence_policies,1|2
2011,Luxembourg,LUX,family_planning_support,indirect_support
2011,Luxembourg,LUX,abortion_grounds,1|2|3|4|5|6
2011,Luxembourg,LUX,domestic_violence_policies,1|2
2011,Madagascar,MDG,family_planning_support,direct_support
2011,Madagascar,MDG,abortion_grounds,1
2011,Madagascar,MDG,domestic_violence_policies,1|2
2011,Malawi,MWI,family_planning_support,direct_support
2011,Malawi,MWI,abortion_grounds,1
2011,Malawi,MWI,domestic_violence_policies,1|2
2011,Malaysia,MYS,family_planning_support,direct_support
2011,Malaysia,MYS,abortion_grounds,1|2|3
2011,Malaysia,MYS,domestic_violence_policies,1|2
2011,Maldives,MDV,family_planning_support,direct_support
2011,Maldives,MDV,abortion_grounds,1|2
2011,Maldives,MDV,domestic_violence_policies,1|2
2011,Mali,MLI,family_planning_support,direct_support
2011,Mali,MLI,abortion_grounds,1|4
2011,Mali,MLI,domestic_violence_policies,Neither
2011,Malta,MLT,family_planning_support,no_support
2011,Malta,MLT,abortion_grounds,not_permitted
2011,Malta,MLT,domestic_violence_policies,1|2
2011,Marshall Islands,MHL,family_planning_support,direct_support
2011,Marshall Islands,MHL,abortion_grounds,1
2011,Marshall Islands,MHL,domestic_violence_policies,Neither
2011,Mauritania,MRT,family_planning_support,direct_support
2011,Mauritania,MRT,abortion_grounds,1
2011,Mauritania,MRT,domestic_violence_policies,2
2011,Mauritius,MUS,family_planning_support,direct_support
2011,Mauritius,MUS,abortion_grounds,1
2011,Mauritius,MUS,domestic_violence_policies,1|2
2011,Mexico,MEX,family_planning_support,direct_support
2011,Mexico,MEX,abortion_grounds,1|2|3|4|5|6|7
2011,Mexico,MEX,domestic_violence_policies,1|2
2011,Micronesia (Federated States of),,family_planning_support,direct_support
2011,Micronesia (Federated States of),,abortion_grounds,1
2011,Micronesia (Federated States of),,domestic_violence_policies,2
2011,Monaco,MCO,family_planning_support,no_support
2011,Monaco,MCO,abortion_grounds,1|4|5
2011,Monaco,MCO,domestic_violence_policies,1|2
2011,Mongolia,MNG,family_planning_support,direct_support
2011,Mongolia,MNG,abortion_grounds,1|2|3|4|5|6|7
2011,Mongolia,MNG,domestic_violence_policies,1|2
2011,Montenegro,MNE,family_planning_support,direct_support
2011,Montenegro,MNE,abortion_grounds,1|2|3|4|5|6|7
2011,Montenegro,MNE,domestic_violence_policies,1|2
2011,Morocco,MAR,family_planning_support,direct_support
2011,Morocco,MAR,abortion_grounds,1|2|3
2011,Morocco,MAR,domestic_violence_policies,1|2
2011,Mozambique,MOZ,family_planning_support,direct_support
2011,Mozambique,MOZ,abortion_grounds,1|2|3
2011,Mozambique,MOZ,domestic_violence_policies,1|2
2011,Myanmar,MMR,family_planning_support,direct_support
2011,Myanmar,MMR,abortion_grounds,1
2011,Myanmar,MMR,domestic_violence_policies,2
2011,Namibia,NAM,family_planning_support,direct_support
2011,Namibia,NAM,abortion_grounds,1|2|3|4|5
2011,Namibia,NAM,domestic_violence_policies,1|2
2011,Nauru,NRU,family_planning_support,direct_support
2011,Nauru,NRU,abortion_grounds,1|2|3
2011,Nauru,NRU,domestic_violence_policies,2
2011,Nepal,NPL,family_planning_support,direct_support
2011,Nepal,NPL,abortion_grounds,1|2|3|4|5|6|7
2011,Nepal,NPL,domestic_violence_policies,1|2
2011,Netherlands,NLD,family_planning_support,indirect_support
2011,Netherlands,NLD,abortion_grounds,1|2|3|4|5|6|7
2011,Netherlands,NLD,domestic_violence_policies,1|2
2011,New Zealand,NZL,family_planning_support,direct_support
2011,New Zealand,NZL,abortion_grounds,1|2|3|4|5
2011,New Zealand,NZL,domestic_violence_policies,1|2
2011,Nicaragua,NIC,family_planning_support,direct_support
2011,Nicaragua,NIC,abortion_grounds,not_permitted
2011,Nicaragua,NIC,domestic_violence_policies,1|2
2011,Niger,NER,family_planning_support,direct_support
2011,Niger,NER,abortion_grounds,1|2|3|5
2011,Niger,NER,domestic_violence_policies,1|2
2011,Nigeria,NGA,family_planning_support,direct_support
2011,Nigeria,NGA,abortion_grounds,1|2|3
2011,Nigeria,NGA,domestic_violence_policies,2
2011,Niue,,family_planning_support,direct_support
2011,Niue,,abortion_grounds,1|2|3
2011,Niue,,domestic_violence_policies,2
2011,Norway,NOR,family_planning_support,direct_support
2011,Norway,NOR,abortion_grounds,1|2|3|4|5|6|7
2011,Norway,NOR,domestic_violence_policies,1|2
2011,Oman,OMN,family_planning_support,direct_support
2011,Oman,OMN,abortion_grounds,1|5
2011,Oman,OMN,domestic_violence_policies,Neither
2011,Pakistan,PAK,family_planning_support,direct_support
2011,Pakistan,PAK,abortion_grounds,1|2|3
2011,Pakistan,PAK,domestic_violence_policies,1|2
2011,Palau,PLW,family_planning_support,direct_support
2011,Palau,PLW,abortion_grounds,1
2011,Palau,PLW,domestic_violence_policies,2
2011,Panama,PAN,family_planning_support,direct_support
2011,Panama,PAN,abortion_grounds,1|4|5
2011,Panama,PAN,domestic_violence_policies,1|2
2011,Papua New Guinea,PNG,family_planning_support,direct_support
2011,Papua New Guinea,PNG,abortion_grounds,1
2011,Papua New Guinea,PNG,domestic_violence_policies,2
2011,Paraguay,PRY,family_planning_support,direct_support
2011,Paraguay,PRY,abortion_grounds,1
2011,Paraguay,PRY,domestic_violence_policies,1|2
2011,Peru,PER,family_planning_support,direct_support
2011,Peru,PER,abortion_grounds,1|2|3
2011,Peru,PER,domestic_violence_policies,1|2
2011,Philippines,PHL,family_planning_support,direct_support
2011,Philippines,PHL,abortion_grounds,1
2011,Philippines,PHL,domestic_violence_policies,1|2
2011,Poland,POL,family_planning_support,no_support
2011,Poland,POL,abortion_grounds,1|2|3|4|5
2011,Poland,POL,domestic_violence_policies,1|2
2011,Portugal,PRT,family_planning_support,direct_support
2011,Portugal,PRT,abortion_grounds,1|2|3|4|5|6|7
2011,Portugal,PRT,domestic_violence_policies,1|2
2011,Qatar,QAT,family_planning_support,no_support
2011,Qatar,QAT,abortion_grounds,1|2|3|5
2011,Qatar,QAT,domestic_violence_policies,2
2011,Republic of Korea,KOR,family_planning_support,direct_support
2011,Republic of Korea,KOR,abortion_grounds,1|2|3|4|5
2011,Republic of Korea,KOR,domestic_violence_policies,1|2
2011,Republic of Moldova,MDA,family_planning_support,direct_support
2011,Republic of Moldova,MDA,abortion_grounds,1|2|3|4|5|6|7
2011,Republic of Moldova,MDA,domestic_violence_policies,1|2
2011,Romania,ROU,family_planning_support,direct_support
2011,Romania,ROU,abortion_grounds,1|2|3|4|5|6|7
2011,Romania,ROU,domestic_violence_policies,1|2
2011,Russian Federation,RUS,family_planning_support,indirect_support
2011,Russian Federation,RUS,abortion_grounds,1|2|3|4|5|6|7
2011,Russian Federation,RUS,domestic_violence_policies,Neither
2011,Rwanda,RWA,family_planning_support,direct_support
2011,Rwanda,RWA,abortion_grounds,1|2|3
2011,Rwanda,RWA,domestic_violence_policies,1|2
2011,Saint Kitts and Nevis,KNA,family_planning_support,direct_support
2011,Saint Kitts and Nevis,KNA,abortion_grounds,1|2|3|4
2011,Saint Kitts and Nevis,KNA,domestic_violence_policies,1|2
2011,Saint Lucia,LCA,family_planning_support,direct_support
2011,Saint Lucia,LCA,abortion_grounds,1|2|3|4
2011,Saint Lucia,LCA,domestic_violence_policies,1|2
2011,Saint Vincent and the Grenadines,VCT,family_planning_support,direct_support
2011,Saint Vincent and the Grenadines,VCT,abortion_grounds,1|2|3|4|5|6
2011,Saint Vincent and the Grenadines,VCT,domestic_violence_policies,1|2
2011,Samoa,WSM,family_planning_support,direct_support
2011,Samoa,WSM,abortion_grounds,1|2|3
2011,Samoa,WSM,domestic_violence_policies,2
2011,San Marino,SMR,family_planning_support,no_support
2011,San Marino,SMR,abortion_grounds,1
2011,San Marino,SMR,domestic_violence_policies,1|2
2011,Sao Tome and Principe,STP,family_planning_support,direct_support
2011,Sao Tome and Principe,STP,abortion_grounds,1
2011,Sao Tome and Principe,STP,domestic_violence_policies,1
2011,Saudi Arabia,SAU,family_planning_support,no_support
2011,Saudi Arabia,SAU,abortion_grounds,1|2|3
2011,Saudi Arabia,SAU,domestic_violence_policies,2
2011,Senegal,SEN,family_planning_support,direct_support
2011,Senegal,SEN,abortion_grounds,1
2011,Senegal,SEN,domestic_violence_policies,1|2
2011,Serbia,SRB,family_planning_support,direct_support
2011,Serbia,SRB,abortion_grounds,1|2|3|4|5|6|7
2011,Serbia,SRB,domestic_violence_policies,1|2
2011,Seychelles,SYC,family_planning_support,direct_support
2011,Seychelles,SYC,abortion_grounds,1|2|3|4|5
2011,Seychelles,SYC,domestic_violence_policies,1|2
2011,Sierra Leone,SLE,family_planning_support,direct_support
2011,Sierra Leone,SLE,abortion_grounds,1|2|3
2011,Sierra Leone,SLE,domestic_violence_policies,1|2
2011,Singapore,SGP,family_planning_support,direct_support
2011,Singapore,SGP,abortion_grounds,1|2|3|4|5|6|7
2011,Singapore,SGP,domestic_violence_policies,1|2
2011,Slovakia,SVK,family_planning_support,no_support
2011,Slovakia,SVK,abortion_grounds,1|2|3|4|5|6|7
2011,Slovakia,SVK,domestic_violence_policies,1|2
2011,Slovenia,SVN,family_planning_support,direct_support
2011,Slovenia,SVN,abortion_grounds,1|2|3|4|5|6|7
2011,Slovenia,SVN,domestic_violence_policies,1|2
2011,Solomon Islands,SLB,family_planning_support,direct_support
2011,Solomon Islands,SLB,abortion_grounds,1
2011,Solomon Islands,SLB,domestic_violence_policies,1|2
2011,Somalia,,family_planning_support,indirect_support
2011,Somalia,,abortion_grounds,1
2011,Somalia,,domestic_violence_policies,
2011,South Africa,ZAF,family_planning_support,direct_support
2011,South Africa,ZAF,abortion_grounds,1|2|3|4|5|6|7
2011,South Africa,ZAF,domestic_violence_policies,1|2
2011,South Sudan,SSD,family_planning_support,direct_support
2011,South Sudan,SSD,abortion_grounds,
2011,South Sudan,SSD,domestic_violence_policies,
2011,Spain,ESP,family_planning_support,direct_support
2011,Spain,ESP,abortion_grounds,1|2|3|4|5|6|7
2011,Spain,ESP,domestic_violence_policies,1|2
2011,Sri Lanka,LKA,family_planning_support,direct_support
2011,Sri Lanka,LKA,abortion_grounds,1
2011,Sri Lanka,LKA,domestic_violence_policies,1|2
2011,Sudan,SDN,family_planning_support,direct_support
2011,Sudan,SDN,abortion_grounds,1|4|5
2011,Sudan,SDN,domestic_violence_policies,2
2011,Suriname,SUR,family_planning_support,indirect_support
2011,Suriname,SUR,abortion_grounds,1
2011,Suriname,SUR,domestic_violence_policies,1|2
2011,Swaziland,SWZ,family_planning_support,direct_support
2011,Swaziland,SWZ,abortion_grounds,1|2|3|5
2011,Swaziland,SWZ,domestic_violence_policies,2
2011,Sweden,SWE,family_planning_support,direct_support
2011,Sweden,SWE,abortion_grounds,1|2|3|4|5|6|7
2011,Sweden,SWE,domestic_violence_policies,1|2
2011,Switzerland,CHE,family_planning_support,no_support
2011,Switzerland,CHE,abortion_grounds,1|2|3|4|5|6|7
2011,Switzerland,CHE,domestic_violence_policies,1|2
2011,Syrian Arab Republic,SYR,family_planning_support,direct_support
2011,Syrian Arab Republic,SYR,abortion_grounds,1
2011,Syrian Arab Republic,SYR,domestic_violence_policies,2
2011,Tajikistan,TJK,family_planning_support,direct_support
2011,Tajikistan,TJK,abortion_grounds,1|2|3|4|5|6|7
2011,Tajikistan,TJK,domestic_violence_policies,2
2011,Thailand,THA,family_planning_support,direct_support
2011,Thailand,THA,abortion_grounds,1|2|3|4|5
2011,Thailand,THA,domestic_violence_policies,1|2
2011,The former Yugoslav Rep. of Macedonia,MKD,family_planning_support,direct_support
2011,The former Yugoslav Rep. of Macedonia,MKD,abortion_grounds,1|2|3|4|5|6|7
2011,The former Yugoslav Rep. of Macedonia,MKD,domestic_violence_policies,1|2
2011,Timor-Leste,TLS,family_planning_support,direct_support
2011,Timor-Leste,TLS,abortion_grounds,1
2011,Timor-Leste,TLS,domestic_violence_policies,1|2
2011,Togo,TGO,family_planning_support,direct_support
2011,Togo,TGO,abortion_grounds,1|2|4|5
2011,Togo,TGO,domestic_violence_policies,Neither
2011,Tonga,TON,family_planning_support,direct_support
2011,Tonga,TON,abortion_grounds,1
2011,Tonga,TON,domestic_violence_policies,2
2011,Trinidad and Tobago,TTO,family_planning_support,direct_support
2011,Trinidad and Tobago,TTO,abortion_grounds,1|2|3
2011,Trinidad and Tobago,TTO,domestic_violence_policies,1|2
2011,Tunisia,TUN,family_planning_support,direct_support
2011,Tunisia,TUN,abortion_grounds,1|2|3|4|5|6|7
2011,Tunisia,TUN,domestic_violence_policies,2
2011,Turkey,TUR,family_planning_support,direct_support
2011,Turkey,TUR,abortion_grounds,1|2|3|4|5|6|7
2011,Turkey,TUR,domestic_violence_policies,1|2
2011,Turkmenistan,TKM,family_planning_support,indirect_support
2011,Turkmenistan,TKM,abortion_grounds,1|2|3|4|5|6|7
2011,Turkmenistan,TKM,domestic_violence_policies,Neither
2011,Tuvalu,TUV,family_planning_support,direct_support
2011,Tuvalu,TUV,abortion_grounds,1
2011,Tuvalu,TUV,domestic_violence_policies,1
2011,Uganda,UGA,family_planning_support,direct_support
2011,Uganda,UGA,abortion_grounds,1|2|3
2011,Uganda,UGA,domestic_violence_policies,1|2
2011,Ukraine,UKR,family_planning_support,indirect_support
2011,Ukraine,UKR,abortion_grounds,1|2|3|4|5|6|7
2011,Ukraine,UKR,domestic_violence_policies,1|2
2011,United Arab Emirates,ARE,family_planning_support,no_support
2011,United Arab Emirates,ARE,abortion_grounds,1|2|3
2011,United Arab Emirates,ARE,domestic_violence_policies,2
2011,United Kingdom,GBR,family_planning_support,direct_support
2011,United Kingdom,GBR,abortion_grounds,1|2|3|5|6
2011,United Kingdom,GBR,domestic_violence_policies,1|2
2011,United Republic of Tanzania,TZA,family_planning_support,direct_support
2011,United Republic of Tanzania,TZA,abortion_grounds,1|2|3
2011,United Republic of Tanzania,TZA,domestic_violence_policies,1|2
2011,United States of America,USA,family_planning_support,direct_support
2011,United States of America,USA,abortion_grounds,1|2|3|4|5|6|7
2011,United States of America,USA,domestic_violence_policies,1|2
2011,Uruguay,URY,family_planning_support,direct_support
2011,Uruguay,URY,abortion_grounds,1|2|3|4
2011,Uruguay,URY,domestic_violence_policies,1|2
2011,Uzbekistan,UZB,family_planning_support,direct_support
2011,Uzbekistan,UZB,abortion_grounds,1|2|3|4|5|6|7
2011,Uzbekistan,UZB,domestic_violence_policies,2
2011,Vanuatu,VUT,family_planning_support,direct_support
2011,Vanuatu,VUT,abortion_grounds,1|2|3
2011,Vanuatu,VUT,domestic_violence_policies,1
2011,Venezuela (Bolivarian Republic of),,family_planning_support,direct_support
2011,Venezuela (Bolivarian Republic of),,abortion_grounds,1
2011,Venezuela (Bolivarian Republic of),,domestic_violence_policies,1|2
2011,Viet Nam,VNM,family_planning_support,direct_support
2011,Viet Nam,VNM,abortion_grounds,1|2|3|4|5|6|7
2011,Viet Nam,VNM,domestic_violence_policies,1|2
2011,Yemen,YEM,family_planning_support,direct_support
2011,Yemen,YEM,abortion_grounds,1
2011,Yemen,YEM,domestic_violence_policies,1|2
2011,Zambia,ZMB,family_planning_support,direct_support
2011,Zambia,ZMB,abortion_grounds,1|2|3|5|6
2011,Zambia,ZMB,domestic_violence_policies,2
2011,Zimbabwe,ZWE,family_planning_support,direct_support
2011,Zimbabwe,ZWE,abortion_grounds,1|2|4|5
2011,Zimbabwe,ZWE,domestic_violence_policies,1|2
2013,Afghanistan,AFG,policy_on_fertility_level,lower
2013,Afghanistan,AFG,concern_about_adolescent_fertility,major_concern
2013,Afghanistan,AFG,policies_reduce_adolescent_fertility,yes
2013,Albania,ALB,policy_on_fertility_level,maintain
2013,Albania,ALB,concern_about_adolescent_fertility,minor_concern
2013,Albania,ALB,policies_reduce_adolescent_fertility,yes
2013,Algeria,DZA,policy_on_fertility_level,lower
2013,Algeria,DZA,concern_about_adolescent_fertility,major_concern
2013,Algeria,DZA,policies_reduce_adolescent_fertility,yes
2013,Andorra,AND,policy_on_fertility_level,maintain
2013,Andorra,AND,concern_about_adolescent_fertility,minor_concern
2013,Andorra,AND,policies_reduce_adolescent_fertility,yes
2013,Angola,AGO,policy_on_fertility_level,lower
2013,Angola,AGO,concern_about_adolescent_fertility,major_concern
2013,Angola,AGO,policies_reduce_adolescent_fertility,yes
2013,Antigua and Barbuda,ATG,policy_on_fertility_level,no_intervention
2013,Antigua and Barbuda,ATG,concern_about_adolescent_fertility,major_concern
2013,Antigua and Barbuda,ATG,policies_reduce_adolescent_fertility,yes
2013,Argentina,ARG,policy_on_fertility_level,no_intervention
2013,Argentina,ARG,concern_about_adolescent_fertility,major_concern
2013,Argentina,ARG,policies_reduce_adolescent_fertility,yes
2013,Armenia,ARM,policy_on_fertility_level,raise
2013,Armenia,ARM,concern_about_adolescent_fertility,minor_concern
2013,Armenia,ARM,policies_reduce_adolescent_fertility,yes
2013,Australia,AUS,policy_on_fertility_level,raise
2013,Australia,AUS,concern_about_adolescent_fertility,minor_concern
2013,Australia,AUS,policies_reduce_adolescent_fertility,yes
2013,Austria,AUT,policy_on_fertility_level,raise
2013,Austria,AUT,concern_about_adolescent_fertility,minor_concern
2013,Austria,AUT,policies_reduce_adolescent_fertility,no
2013,Azerbaijan,AZE,policy_on_fertility_level,raise
2013,Azerbaijan,AZE,concern_about_adolescent_fertility,major_concern
2013,Azerbaijan,AZE,policies_reduce_adolescent_fertility,yes
2013,Bahamas,BHS,policy_on_fertility_level,no_intervention
2013,Bahamas,BHS,concern_about_adolescent_fertility,major_concern
2013,Bahamas,BHS,policies_reduce_adolescent_fertility,yes
2013,Bahrain,BHR,policy_on_fertility_level,lower
2013,Bahrain,BHR,concern_about_adolescent_fertility,not_a_concern
2013,Bahrain,BHR,policies_reduce_adolescent_fertility,no
2013,Bangladesh,BGD,policy_on_fertility_level,lower
2013,Bangladesh,BGD,concern_about_adolescent_fertility,major_concern
2013,Bangladesh,BGD,policies_reduce_adolescent_fertility,yes
2013,Barbados,BRB,policy_on_fertility_level,raise
2013,Barbados,BRB,concern_about_adolescent_fertility,major_concern
2013,Barbados,BRB,policies_reduce_adolescent_fertility,yes
2013,Belarus,BLR,policy_on_fertility_level,raise
2013,Belarus,BLR,concern_about_adolescent_fertility,major_concern
2013,Belarus,BLR,policies_reduce_adolescent_fertility,yes
2013,Belgium,BEL,policy_on_fertility_level,raise
2013,Belgium,BEL,concern_about_adolescent_fertility,minor_concern
2013,Belgium,BEL,policies_reduce_adolescent_fertility,no
2013,Belize,BLZ,policy_on_fertility_level,lower
2013,Belize,BLZ,concern_about_adolescent_fertility,major_concern
2013,Belize,BLZ,policies_reduce_adolescent_fertility,yes
2013,Benin,BEN,policy_on_fertility_level,lower
2013,Benin,BEN,concern_about_adolescent_fertility,major_concern
2013,Benin,BEN,policies_reduce_adolescent_fertility,yes
2013,Bhutan,BTN,policy_on_fertility_level,lower
2013,Bhutan,BTN,concern_about_adolescent_fertility,major_concern
2013,Bhutan,BTN,policies_reduce_adolescent_fertility,yes
2013,Bolivia (Plurinational State of),BOL,policy_on_fertility_level,maintain
2013,Bolivia (Plurinational State of),BOL,concern_about_adolescent_fertility,major_concern
2013,Bolivia (Plurinational State of),BOL,policies_reduce_adolescent_fertility,yes
2013,Bosnia and Herzegovina,BIH,policy_on_fertility_level,no_intervention
2013,Bosnia and Herzegovina,BIH,concern_about_adolescent_fertility,minor_concern
2013,Bosnia and Herzegovina,BIH,policies_reduce_adolescent_fertility,yes
2013,Botswana,BWA,policy_on_fertility_level,maintain
2013,Botswana,BWA,concern_about_adolescent_fertility,minor_concern
2013,Botswana,BWA,policies_reduce_adolescent_fertility,yes
2013,Brazil,BRA,policy_on_fertility_level,no_intervention
2013,Brazil,BRA,concern_about_adolescent_fertility,major_concern
2013,Brazil,BRA,policies_reduce_adolescent_fertility,yes
2013,Brunei Darussalam,BRN,policy_on_fertility_level,no_intervention
2013,Brunei Darussalam,BRN,concern_about_adolescent_fertility,major_concern
2013,Brunei Darussalam,BRN,policies_reduce_adolescent_fertility,yes
2013,Bulgaria,BGR,policy_on_fertility_level,raise
2013,Bulgaria,BGR,concern_about_adolescent_fertility,major_concern
2013,Bulgaria,BGR,policies_reduce_adolescent_fertility,yes
2013,Burkina Faso,BFA,policy_on_fertility_level,lower
2013,Burkina Faso,BFA,concern_about_adolescent_fertility,major_concern
2013,Burkina Faso,BFA,policies_reduce_adolescent_fertility,yes
2013,Burundi,BDI,policy_on_fertility_level,lower
2013,Burundi,BDI,concern_about_adolescent_fertility,minor_concern
2013,Burundi,BDI,policies_reduce_adolescent_fertility,yes
2013,Cabo Verde,CPV,policy_on_fertility_level,lower
2013,Cabo Verde,CPV,concern_about_adolescent_fertility,major_concern
2013,Cabo Verde,CPV,policies_reduce_adolescent_fertility,yes
2013,Cambodia,KHM,policy_on_fertility_level,lower
2013,Cambodia,KHM,concern_about_adolescent_fertility,minor_concern
2013,Cambodia,KHM,policies_reduce_adolescent_fertility,yes
2013,Cameroon,CMR,policy_on_fertility_level,no_intervention
2013,Cameroon,CMR,concern_about_adolescent_fertility,major_concern
2013,Cameroon,CMR,policies_reduce_adolescent_fertility,yes
2013,Canada,CAN,policy_on_fertility_level,no_intervention
2013,Canada,CAN,concern_about_adolescent_fertility,minor_concern
2013,Canada,CAN,policies_reduce_adolescent_fertility,yes
2013,Central African Republic,CAF,policy_on_fertility_level,lower
2013,Central African Republic,CAF,concern_about_adolescent_fertility,major_concern
2013,Central African Republic,CAF,policies_reduce_adolescent_fertility,yes
2013,Chad,TCD,policy_on_fertility_level,lower
2013,Chad,TCD,concern_about_adolescent_fertility,major_concern
2013,Chad,TCD,policies_reduce_adolescent_fertility,yes
2013,Chile,CHL,policy_on_fertility_level,no_intervention
2013,Chile,CHL,concern_about_adolescent_fertility,major_concern
2013,Chile,CHL,policies_reduce_adolescent_fertility,yes
2013,China,CHN,policy_on_fertility_level,maintain
2013,China,CHN,concern_about_adolescent_fertility,major_concern
2013,China,CHN,policies_reduce_adolescent_fertility,yes
2013,Colombia,COL,policy_on_fertility_level,lower
2013,Colombia,COL,concern_about_adolescent_fertility,major_concern
2013,Colombia,COL,policies_reduce_adolescent_fertility,yes
2013,Comoros,COM,policy_on_fertility_level,lower
2013,Comoros,COM,concern_about_adolescent_fertility,major_concern
2013,Comoros,COM,policies_reduce_adolescent_fertility,yes
2013,Congo,,policy_on_fertility_level,lower
2013,Congo,,concern_about_adolescent_fertility,major_concern
2013,Congo,,policies_reduce_adolescent_fertility,yes
2013,Cook Islands,,policy_on_fertility_level,raise
2013,Cook Islands,,concern_about_adolescent_fertility,major_concern
2013,Cook Islands,,policies_reduce_adolescent_fertility,yes
2013,Costa Rica,CRI,policy_on_fertility_level,maintain
2013,Costa Rica,CRI,concern_about_adolescent_fertility,major_concern
2013,Costa Rica,CRI,policies_reduce_adolescent_fertility,yes
2013,Côte d'Ivoire,CIV,policy_on_fertility_level,lower
2013,Côte d'Ivoire,CIV,concern_about_adolescent_fertility,major_concern
2013,Côte d'Ivoire,CIV,policies_reduce_adolescent_fertility,yes
2013,Croatia,HRV,policy_on_fertility_level,raise
2013,Croatia,HRV,concern_about_adolescent_fertility,major_concern
2013,Croatia,HRV,policies_reduce_adolescent_fertility,yes
2013,Cuba,CUB,policy_on_fertility_level,raise
2013,Cuba,CUB,concern_about_adolescent_fertility,major_concern
2013,Cuba,CUB,policies_reduce_adolescent_fertility,yes
2013,Cyprus,CYP,policy_on_fertility_level,raise
2013,Cyprus,CYP,concern_about_adolescent_fertility,minor_concern
2013,Cyprus,CYP,policies_reduce_adolescent_fertility,yes
2013,Czech Republic,CZE,policy_on_fertility_level,raise
2013,Czech Republic,CZE,concern_about_adolescent_fertility,major_concern
2013,Czech Republic,CZE,policies_reduce_adolescent_fertility,yes
2013,Democratic People's Republic of Korea,PRK,policy_on_fertility_level,raise
2013,Democratic People's Republic of Korea,PRK,concern_about_adolescent_fertility,not_a_concern
2013,Democratic People's Republic of Korea,PRK,policies_reduce_adolescent_fertility,no
2013,Democratic Republic of the Congo,,policy_on_fertility_level,lower
2013,Democratic Republic of the Congo,,concern_about_adolescent_fertility,major_concern
2013,Democratic Republic of the Congo,,policies_reduce_adolescent_fertility,yes
2013,Denmark,DNK,policy_on_fertility_level,raise
2013,Denmark,DNK,concern_about_adolescent_fertility,not_a_concern
2013,Denmark,DNK,policies_reduce_adolescent_fertility,no
2013,Djibouti,DJI,policy_on_fertility_level,lower
2013,Djibouti,DJI,concern_about_adolescent_fertility,minor_concern
2013,Djibouti,DJI,policies_reduce_adolescent_fertility,yes
2013,Dominica,DMA,policy_on_fertility_level,no_intervention
2013,Dominica,DMA,concern_about_adolescent_fertility,major_concern
2013,Dominica,DMA,policies_reduce_adolescent_fertility,yes
2013,Dominican Republic,DOM,policy_on_fertility_level,lower
2013,Dominican Republic,DOM,concern_about_adolescent_fertility,major_concern
2013,Dominican Republic,DOM,policies_reduce_adolescent_fertility,yes
2013,Ecuador,ECU,policy_on_fertility_level,maintain
2013,Ecuador,ECU,concern_about_adolescent_fertility,major_concern
2013,Ecuador,ECU,policies_reduce_adolescent_fertility,yes
2013,Egypt,EGY,policy_on_fertility_level,lower
2013,Egypt,EGY,concern_about_adolescent_fertility,minor_concern
2013,Egypt,EGY,policies_reduce_adolescent_fertility,yes
2013,El Salvador,SLV,policy_on_fertility_level,no_intervention
2013,El Salvador,SLV,concern_about_adolescent_fertility,major_concern
2013,El Salvador,SLV,policies_reduce_adolescent_fertility,yes
2013,Equatorial Guinea,GNQ,policy_on_fertility_level,maintain
2013,Equatorial Guinea,GNQ,concern_about_adolescent_fertility,major_concern
2013,Equatorial Guinea,GNQ,policies_reduce_adolescent_fertility,yes
2013,Eritrea,ERI,policy_on_fertility_level,lower
2013,Eritrea,ERI,concern_about_adolescent_fertility,major_concern
2013,Eritrea,ERI,policies_reduce_adolescent_fertility,yes
2013,Estonia,EST,policy_on_fertility_level,raise
2013,Estonia,EST,concern_about_adolescent_fertility,not_a_concern
2013,Estonia,EST,policies_reduce_adolescent_fertility,no
2013,Ethiopia,ETH,policy_on_fertility_level,lower
2013,Ethiopia,ETH,concern_about_adolescent_fertility,major_concern
2013,Ethiopia,ETH,policies_reduce_adolescent_fertility,yes
2013,Fiji,FJI,policy_on_fertility_level,lower
2013,Fiji,FJI,concern_about_adolescent_fertility,minor_concern
2013,Fiji,FJI,policies_reduce_adolescent_fertility,yes
2013,Finland,FIN,policy_on_fertility_level,maintain
2013,Finland,FIN,concern_about_adolescent_fertility,minor_concern
2013,Finland,FIN,policies_reduce_adolescent_fertility,yes
2013,France,FRA,policy_on_fertility_level,raise
2013,France,FRA,concern_about_adolescent_fertility,minor_concern
2013,France,FRA,policies_reduce_adolescent_fertility,yes
2013,Gabon,GAB,policy_on_fertility_level,raise
2013,Gabon,GAB,concern_about_adolescent_fertility,minor_concern
2013,Gabon,GAB,policies_reduce_adolescent_fertility,yes
2013,Gambia,GMB,policy_on_fertility_level,lower
2013,Gambia,GMB,concern_about_adolescent_fertility,major_concern
2013,Gambia,GMB,policies_reduce_adolescent_fertility,yes
2013,Georgia,GEO,policy_on_fertility_level,raise
2013,Georgia,GEO,concern_about_adolescent_fertility,minor_concern
2013,Georgia,GEO,policies_reduce_adolescent_fertility,yes
2013,Germany,DEU,policy_on_fertility_level,raise
2013,Germany,DEU,concern_about_adolescent_fertility,major_concern
2013,Germany,DEU,policies_reduce_adolescent_fertility,yes
2013,Ghana,GHA,policy_on_fertility_level,lower
2013,Ghana,GHA,concern_about_adolescent_fertility,major_concern
2013,Ghana,GHA,policies_reduce_adolescent_fertility,yes
2013,Greece,GRC,policy_on_fertility_level,raise
2013,Greece,GRC,concern_about_adolescent_fertility,major_concern
2013,Greece,GRC,policies_reduce_adolescent_fertility,yes
2013,Grenada,GRD,policy_on_fertility_level,no_intervention
2013,Grenada,GRD,concern_about_adolescent_fertility,major_concern
2013,Grenada,GRD,policies_reduce_adolescent_fertility,yes
2013,Guatemala,GTM,policy_on_fertility_level,lower
2013,Guatemala,GTM,concern_about_adolescent_fertility,major_concern
2013,Guatemala,GTM,policies_reduce_adolescent_fertility,yes
2013,Guinea,GIN,policy_on_fertility_level,lower
2013,Guinea,GIN,concern_about_adolescent_fertility,minor_concern
2013,Guinea,GIN,policies_reduce_adolescent_fertility,yes
2013,Guinea-Bissau,GNB,policy_on_fertility_level,lower
2013,Guinea-Bissau,GNB,concern_about_adolescent_fertility,major_concern
2013,Guinea-Bissau,GNB,policies_reduce_adolescent_fertility,yes
2013,Guyana,GUY,policy_on_fertility_level,no_intervention
2013,Guyana,GUY,concern_about_adolescent_fertility,major_concern
2013,Guyana,GUY,policies_reduce_adolescent_fertility,yes
2013,Haiti,HTI,policy_on_fertility_level,lower
2013,Haiti,HTI,concern_about_adolescent_fertility,major_concern
2013,Haiti,HTI,policies_reduce_adolescent_fertility,yes
2013,Holy See,,policy_on_fertility_level,raise
2013,Holy See,,concern_about_adolescent_fertility,
2013,Holy See,,policies_reduce_adolescent_fertility,
2013,Honduras,HND,policy_on_fertility_level,lower
2013,Honduras,HND,concern_about_adolescent_fertility,major_concern
2013,Honduras,HND,policies_reduce_adolescent_fertility,yes
2013,Hungary,HUN,policy_on_fertility_level,raise
2013,Hungary,HUN,concern_about_adolescent_fertility,minor_concern
2013,Hungary,HUN,policies_reduce_adolescent_fertility,yes
2013,Iceland,ISL,policy_on_fertility_level,maintain
2013,Iceland,ISL,concern_about_adolescent_fertility,minor_concern
2013,Iceland,ISL,policies_reduce_adolescent_fertility,yes
2013,India,IND,policy_on_fertility_level,lower
2013,India,IND,concern_about_adolescent_fertility,major_concern
2013,India,IND,policies_reduce_adolescent_fertility,yes
2013,Indonesia,IDN,policy_on_fertility_level,lower
2013,Indonesia,IDN,concern_about_adolescent_fertility,major_concern
2013,Indonesia,IDN,policies_reduce_adolescent_fertility,yes
2013,Iran (Islamic Republic of),,policy_on_fertility_level,raise
2013,Iran (Islamic Republic of),,concern_about_adolescent_fertility,major_concern
2013,Iran (Islamic Republic of),,policies_reduce_adolescent_fertility,yes
2013,Iraq,IRQ,policy_on_fertility_level,lower
2013,Iraq,IRQ,concern_about_adolescent_fertility,major_concern
2013,Iraq,IRQ,policies_reduce_adolescent_fertility,no
2013,Ireland,IRL,policy_on_fertility_level,no_intervention
2013,Ireland,IRL,concern_about_adolescent_fertility,major_concern
2013,Ireland,IRL,policies_reduce_adolescent_fertility,yes
2013,Israel,ISR,policy_on_fertility_level,raise
2013,Israel,ISR,concern_about_adolescent_fertility,minor_concern
2013,Israel,ISR,policies_reduce_adolescent_fertility,yes
2013,Italy,ITA,policy_on_fertility_level,raise
2013,Italy,ITA,concern_about_adolescent_fertility,not_a_concern
2013,Italy,ITA,policies_reduce_adolescent_fertility,no
2013,Jamaica,JAM,policy_on_fertility_level,lower
2013,Jamaica,JAM,concern_about_adolescent_fertility,major_concern
2013,Jamaica,JAM,policies_reduce_adolescent_fertility,yes
2013,Japan,JPN,policy_on_fertility_level,raise
2013,Japan,JPN,concern_about_adolescent_fertility,not_a_concern
2013,Japan,JPN,policies_reduce_adolescent_fertility,no
2013,Jordan,JOR,policy_on_fertility_level,lower
2013,Jordan,JOR,concern_about_adolescent_fertility,minor_concern
2013,Jordan,JOR,policies_reduce_adolescent_fertility,no
2013,Kazakhstan,KAZ,policy_on_fertility_level,maintain
2013,Kazakhstan,KAZ,concern_about_adolescent_fertility,major_concern
2013,Kazakhstan,KAZ,policies_reduce_adolescent_fertility,yes
2013,Kenya,KEN,policy_on_fertility_level,lower
2013,Kenya,KEN,concern_about_adolescent_fertility,major_concern
2013,Kenya,KEN,policies_reduce_adolescent_fertility,yes
2013,Kiribati,KIR,policy_on_fertility_level,lower
2013,Kiribati,KIR,concern_about_adolescent_fertility,major_concern
2013,Kiribati,KIR,policies_reduce_adolescent_fertility,yes
2013,Kuwait,KWT,policy_on_fertility_level,raise
2013,Kuwait,KWT,concern_about_adolescent_fertility,minor_concern
2013,Kuwait,KWT,policies_reduce_adolescent_fertility,yes
2013,Kyrgyzstan,KGZ,policy_on_fertility_level,maintain
2013,Kyrgyzstan,KGZ,concern_about_adolescent_fertility,major_concern
2013,Kyrgyzstan,KGZ,policies_reduce_adolescent_fertility,yes
2013,Lao People's Democratic Republic,,policy_on_fertility_level,lower
2013,Lao People's Democratic Republic,,concern_about_adolescent_fertility,major_concern
2013,Lao People's Democratic Republic,,policies_reduce_adolescent_fertility,yes
2013,Latvia,LVA,policy_on_fertility_level,raise
2013,Latvia,LVA,concern_about_adolescent_fertility,major_concern
2013,Latvia,LVA,policies_reduce_adolescent_fertility,yes
2013,Lebanon,LBN,policy_on_fertility_level,no_intervention
2013,Lebanon,LBN,concern_about_adolescent_fertility,minor_concern
2013,Lebanon,LBN,policies_reduce_adolescent_fertility,yes
2013,Lesotho,LSO,policy_on_fertility_level,lower
2013,Lesotho,LSO,concern_about_adolescent_fertility,major_concern
2013,Lesotho,LSO,policies_reduce_adolescent_fertility,yes
2013,Liberia,LBR,policy_on_fertility_level,lower
2013,Liberia,LBR,concern_about_adolescent_fertility,major_concern
2013,Liberia,LBR,policies_reduce_adolescent_fertility,yes
2013,Libya,LBY,policy_on_fertility_level,no_intervention
2013,Libya,LBY,concern_about_adolescent_fertility,minor_concern
2013,Libya,LBY,policies_reduce_adolescent_fertility,yes
2013,Liechtenstein,LIE,policy_on_fertility_level,raise
2013,Liechtenstein,LIE,concern_about_adolescent_fertility,not_a_concern
2013,Liechtenstein,LIE,policies_reduce_adolescent_fertility,yes
2013,Lithuania,LTU,policy_on_fertility_level,raise
2013,Lithuania,LTU,concern_about_adolescent_fertility,major_concern
2013,Lithuania,LTU,policies_reduce_adolescent_fertility,yes
2013,Luxembourg,LUX,policy_on_fertility_level,raise
2013,Luxembourg,LUX,concern_about_adolescent_fertility,minor_concern
2013,Luxembourg,LUX,policies_reduce_adolescent_fertility,yes
2013,Madagascar,MDG,policy_on_fertility_level,lower
2013,Madagascar,MDG,concern_about_adolescent_fertility,major_concern
2013,Madagascar,MDG,policies_reduce_adolescent_fertility,yes
2013,Malawi,MWI,policy_on_fertility_level,lower
2013,Malawi,MWI,concern_about_adolescent_fertility,major_concern
2013,Malawi,MWI,policies_reduce_adolescent_fertility,yes
2013,Malaysia,MYS,policy_on_fertility_level,maintain
2013,Malaysia,MYS,concern_about_adolescent_fertility,major_concern
2013,Malaysia,MYS,policies_reduce_adolescent_fertility,yes
2013,Maldives,MDV,policy_on_fertility_level,maintain
2013,Maldives,MDV,concern_about_adolescent_fertility,major_concern
2013,Maldives,MDV,policies_reduce_adolescent_fertility,yes
2013,Mali,MLI,policy_on_fertility_level,lower
2013,Mali,MLI,concern_about_adolescent_fertility,major_concern
2013,Mali,MLI,policies_reduce_adolescent_fertility,yes
2013,Malta,MLT,policy_on_fertility_level,raise
2013,Malta,MLT,concern_about_adolescent_fertility,minor_concern
2013,Malta,MLT,policies_reduce_adolescent_fertility,yes
2013,Marshall Islands,MHL,policy_on_fertility_level,lower
2013,Marshall Islands,MHL,concern_about_adolescent_fertility,major_concern
2013,Marshall Islands,MHL,policies_reduce_adolescent_fertility,yes
2013,Mauritania,MRT,policy_on_fertility_level,lower
2013,Mauritania,MRT,concern_about_adolescent_fertility,minor_concern
2013,Mauritania,MRT,policies_reduce_adolescent_fertility,yes
2013,Mauritius,MUS,policy_on_fertility_level,maintain
2013,Mauritius,MUS,concern_about_adolescent_fertility,major_concern
2013,Mauritius,MUS,policies_reduce_adolescent_fertility,yes
2013,Mexico,MEX,policy_on_fertility_level,lower
2013,Mexico,MEX,concern_about_adolescent_fertility,major_concern
2013,Mexico,MEX,policies_reduce_adolescent_fertility,yes
2013,Micronesia (Federated States of),,policy_on_fertility_level,lower
2013,Micronesia (Federated States of),,concern_about_adolescent_fertility,major_concern
2013,Micronesia (Federated States of),,policies_reduce_adolescent_fertility,yes
2013,Monaco,MCO,policy_on_fertility_level,maintain
2013,Monaco,MCO,concern_about_adolescent_fertility,not_a_concern
2013,Monaco,MCO,policies_reduce_adolescent_fertility,no
2013,Mongolia,MNG,policy_on_fertility_level,raise
2013,Mongolia,MNG,concern_about_adolescent_fertility,major_concern
2013,Mongolia,MNG,policies_reduce_adolescent_fertility,yes
2013,Montenegro,MNE,policy_on_fertility_level,raise
2013,Montenegro,MNE,concern_about_adolescent_fertility,major_concern
2013,Montenegro,MNE,policies_reduce_adolescent_fertility,yes
2013,Morocco,MAR,policy_on_fertility_level,lower
2013,Morocco,MAR,concern_about_adolescent_fertility,minor_concern
2013,Morocco,MAR,policies_reduce_adolescent_fertility,yes
2013,Mozambique,MOZ,policy_on_fertility_level,lower
2013,Mozambique,MOZ,concern_about_adolescent_fertility,major_concern
2013,Mozambique,MOZ,policies_reduce_adolescent_fertility,yes
2013,Myanmar,MMR,policy_on_fertility_level,maintain
2013,Myanmar,MMR,concern_about_adolescent_fertility,major_concern
2013,Myanmar,MMR,policies_reduce_adolescent_fertility,yes
2013,Namibia,NAM,policy_on_fertility_level,lower
2013,Namibia,NAM,concern_about_adolescent_fertility,major_concern
2013,Namibia,NAM,policies_reduce_adolescent_fertility,yes
2013,Nauru,NRU,policy_on_fertility_level,maintain
2013,Nauru,NRU,concern_about_adolescent_fertility,major_concern
2013,Nauru,NRU,policies_reduce_adolescent_fertility,yes
2013,Nepal,NPL,policy_on_fertility_level,lower
2013,Nepal,NPL,concern_about_adolescent_fertility,major_concern
2013,Nepal,NPL,policies_reduce_adolescent_fertility,yes
2013,Netherlands,NLD,policy_on_fertility_level,no_intervention
2013,Netherlands,NLD,concern_about_adolescent_fertility,minor_concern
2013,Netherlands,NLD,policies_reduce_adolescent_fertility,yes
2013,New Zealand,NZL,policy_on_fertility_level,maintain
2013,New Zealand,NZL,concern_about_adolescent_fertility,major_concern
2013,New Zealand,NZL,policies_reduce_adolescent_fertility,yes
2013,Nicaragua,NIC,policy_on_fertility_level,lower
2013,Nicaragua,NIC,concern_about_adolescent_fertility,major_concern
2013,Nicaragua,NIC,policies_reduce_adolescent_fertility,yes
2013,Niger,NER,policy_on_fertility_level,lower
2013,Niger,NER,concern_about_adolescent_fertility,major_concern
2013,Niger,NER,policies_reduce_adolescent_fertility,yes
2013,Nigeria,NGA,policy_on_fertility_level,lower
2013,Nigeria,NGA,concern_about_adolescent_fertility,major_concern
2013,Nigeria,NGA,policies_reduce_adolescent_fertility,yes
2013,Niue,,policy_on_fertility_level,raise
2013,Niue,,concern_about_adolescent_fertility,minor_concern
2013,Niue,,policies_reduce_adolescent_fertility,yes
2013,Norway,NOR,policy_on_fertility_level,maintain
2013,Norway,NOR,concern_about_adolescent_fertility,minor_concern
2013,Norway,NOR,policies_reduce_adolescent_fertility,yes
2013,Oman,OMN,policy_on_fertility_level,lower
2013,Oman,OMN,concern_about_adolescent_fertility,minor_concern
2013,Oman,OMN,policies_reduce_adolescent_fertility,yes
2013,Pakistan,PAK,policy_on_fertility_level,lower
2013,Pakistan,PAK,concern_about_adolescent_fertility,major_concern
2013,Pakistan,PAK,policies_reduce_adolescent_fertility,yes
2013,Palau,PLW,policy_on_fertility_level,no_intervention
2013,Palau,PLW,concern_about_adolescent_fertility,minor_concern
2013,Palau,PLW,policies_reduce_adolescent_fertility,yes
2013,Panama,PAN,policy_on_fertility_level,maintain
2013,Panama,PAN,concern_about_adolescent_fertility,major_concern
2013,Panama,PAN,policies_reduce_adolescent_fertility,yes
2013,Papua New Guinea,PNG,policy_on_fertility_level,lower
2013,Papua New Guinea,PNG,concern_about_adolescent_fertility,major_concern
2013,Papua New Guinea,PNG,policies_reduce_adolescent_fertility,yes
2013,Paraguay,PRY,policy_on_fertility_level,lower
2013,Paraguay,PRY,concern_about_adolescent_fertility,major_concern
2013,Paraguay,PRY,policies_reduce_adolescent_fertility,yes
2013,Peru,PER,policy_on_fertility_level,lower
2013,Peru,PER,concern_about_adolescent_fertility,major_concern
2013,Peru,PER,policies_reduce_adolescent_fertility,yes
2013,Philippines,PHL,policy_on_fertility_level,lower
2013,Philippines,PHL,concern_about_adolescent_fertility,major_concern
2013,Philippines,PHL,policies_reduce_adolescent_fertility,yes
2013,Poland,POL,policy_on_fertility_level,raise
2013,Poland,POL,concern_about_adolescent_fertility,major_concern
2013,Poland,POL,policies_reduce_adolescent_fertility,yes
2013,Portugal,PRT,policy_on_fertility_level,raise
2013,Portugal,PRT,concern_about_adolescent_fertility,major_concern
2013,Portugal,PRT,policies_reduce_adolescent_fertility,yes
2013,Qatar,QAT,policy_on_fertility_level,raise
2013,Qatar,QAT,concern_about_adolescent_fertility,not_a_concern
2013,Qatar,QAT,policies_reduce_adolescent_fertility,no
2013,Republic of Korea,KOR,policy_on_fertility_level,raise
2013,Republic of Korea,KOR,concern_about_adolescent_fertility,minor_concern
2013,Republic of Korea,KOR,policies_reduce_adolescent_fertility,yes
2013,Republic of Moldova,MDA,policy_on_fertility_level,raise
2013,Republic of Moldova,MDA,concern_about_adolescent_fertility,major_concern
2013,Republic of Moldova,MDA,policies_reduce_adolescent_fertility,yes
2013,Romania,ROU,policy_on_fertility_level,raise
2013,Romania,ROU,concern_about_adolescent_fertility,minor_concern
2013,Romania,ROU,policies_reduce_adolescent_fertility,yes
2013,Russian Federation,RUS,policy_on_fertility_level,raise
2013,Russian Federation,RUS,concern_about_adolescent_fertility,major_concern
2013,Russian Federation,RUS,policies_reduce_adolescent_fertility,no
2013,Rwanda,RWA,policy_on_fertility_level,lower
2013,Rwanda,RWA,concern_about_adolescent_fertility,major_concern
2013,Rwanda,RWA,policies_reduce_adolescent_fertility,yes
2013,Saint Kitts and Nevis,KNA,policy_on_fertility_level,no_intervention
2013,Saint Kitts and Nevis,KNA,concern_about_adolescent_fertility,major_concern
2013,Saint Kitts and Nevis,KNA,policies_reduce_adolescent_fertility,yes
2013,Saint Lucia,LCA,policy_on_fertility_level,maintain
2013,Saint Lucia,LCA,concern_about_adolescent_fertility,major_concern
2013,Saint Lucia,LCA,policies_reduce_adolescent_fertility,yes
2013,Saint Vincent and the Grenadines,VCT,policy_on_fertility_level,maintain
2013,Saint Vincent and the Grenadines,VCT,concern_about_adolescent_fertility,major_concern
2013,Saint Vincent and the Grenadines,VCT,policies_reduce_adolescent_fertility,yes
2013,Samoa,WSM,policy_on_fertility_level,lower
2013,Samoa,WSM,concern_about_adolescent_fertility,major_concern
2013,Samoa,WSM,policies_reduce_adolescent_fertility,yes
2013,San Marino,SMR,policy_on_fertility_level,no_intervention
2013,San Marino,SMR,concern_about_adolescent_fertility,not_a_concern
2013,San Marino,SMR,policies_reduce_adolescent_fertility,no
2013,Sao Tome and Principe,STP,policy_on_fertility_level,lower
2013,Sao Tome and Principe,STP,concern_about_adolescent_fertility,major_concern
2013,Sao Tome and Principe,STP,policies_reduce_adolescent_fertility,yes
2013,Saudi Arabia,SAU,policy_on_fertility_level,raise
2013,Saudi Arabia,SAU,concern_about_adolescent_fertility,not_a_concern
2013,Saudi Arabia,SAU,policies_reduce_adolescent_fertility,no
2013,Senegal,SEN,policy_on_fertility_level,lower
2013,Senegal,SEN,concern_about_adolescent_fertility,major_concern
2013,Senegal,SEN,policies_reduce_adolescent_fertility,yes
2013,Serbia,SRB,policy_on_fertility_level,raise
2013,Serbia,SRB,concern_about_adolescent_fertility,major_concern
2013,Serbia,SRB,policies_reduce_adolescent_fertility,yes
2013,Seychelles,SYC,policy_on_fertility_level,no_intervention
2013,Seychelles,SYC,concern_about_adolescent_fertility,major_concern
2013,Seychelles,SYC,policies_reduce_adolescent_fertility,yes
2013,Sierra Leone,SLE,policy_on_fertility_level,lower
2013,Sierra Leone,SLE,concern_about_adolescent_fertility,major_concern
2013,Sierra Leone,SLE,policies_reduce_adolescent_fertility,yes
2013,Singapore,SGP,policy_on_fertility_level,raise
2013,Singapore,SGP,concern_about_adolescent_fertility,minor_concern
2013,Singapore,SGP,policies_reduce_adolescent_fertility,yes
2013,Slovakia,SVK,policy_on_fertility_level,raise
2013,Slovakia,SVK,concern_about_adolescent_fertility,minor_concern
2013,Slovakia,SVK,policies_reduce_adolescent_fertility,yes
2013,Slovenia,SVN,policy_on_fertility_level,raise
2013,Slovenia,SVN,concern_about_adolescent_fertility,minor_concern
2013,Slovenia,SVN,policies_reduce_adolescent_fertility,yes
2013,Solomon Islands,SLB,policy_on_fertility_level,lower
2013,Solomon Islands,SLB,concern_about_adolescent_fertility,major_concern
2013,Solomon Islands,SLB,policies_reduce_adolescent_fertility,yes
2013,Somalia,,policy_on_fertility_level,no_intervention
2013,Somalia,,concern_about_adolescent_fertility,major_concern
2013,Somalia,,policies_reduce_adolescent_fertility,yes
2013,South Africa,ZAF,policy_on_fertility_level,maintain
2013,South Africa,ZAF,concern_about_adolescent_fertility,major_concern
2013,South Africa,ZAF,policies_reduce_adolescent_fertility,yes
2013,South Sudan,SSD,policy_on_fertility_level,lower
2013,South Sudan,SSD,concern_about_adolescent_fertility,major_concern
2013,South Sudan,SSD,policies_reduce_adolescent_fertility,yes
2013,Spain,ESP,policy_on_fertility_level,raise
2013,Spain,ESP,concern_about_adolescent_fertility,minor_concern
2013,Spain,ESP,policies_reduce_adolescent_fertility,yes
2013,Sri Lanka,LKA,policy_on_fertility_level,maintain
2013,Sri Lanka,LKA,concern_about_adolescent_fertility,minor_concern
2013,Sri Lanka,LKA,policies_reduce_adolescent_fertility,yes
2013,State of Palestine,,policy_on_fertility_level,lower
2013,State of Palestine,,concern_about_adolescent_fertility,major_concern
2013,State of Palestine,,policies_reduce_adolescent_fertility,yes
2013,Sudan,SDN,policy_on_fertility_level,lower
2013,Sudan,SDN,concern_about_adolescent_fertility,minor_concern
2013,Sudan,SDN,policies_reduce_adolescent_fertility,
2013,Suriname,SUR,policy_on_fertility_level,maintain
2013,Suriname,SUR,concern_about_adolescent_fertility,major_concern
2013,Suriname,SUR,policies_reduce_adolescent_fertility,yes
2013,Swaziland,SWZ,policy_on_fertility_level,lower
2013,Swaziland,SWZ,concern_about_adolescent_fertility,major_concern
2013,Swaziland,SWZ,policies_reduce_adolescent_fertility,yes
2013,Sweden,SWE,policy_on_fertility_level,raise
2013,Sweden,SWE,concern_about_adolescent_fertility,minor_concern
2013,Sweden,SWE,policies_reduce_adolescent_fertility,yes
2013,Switzerland,CHE,policy_on_fertility_level,no_intervention
2013,Switzerland,CHE,concern_about_adolescent_fertility,not_a_concern
2013,Switzerland,CHE,policies_reduce_adolescent_fertility,no
2013,Syrian Arab Republic,SYR,policy_on_fertility_level,lower
2013,Syrian Arab Republic,SYR,concern_about_adolescent_fertility,major_concern
2013,Syrian Arab Republic,SYR,policies_reduce_adolescent_fertility,no
2013,Tajikistan,TJK,policy_on_fertility_level,lower
2013,Tajikistan,TJK,concern_about_adolescent_fertility,minor_concern
2013,Tajikistan,TJK,policies_reduce_adolescent_fertility,yes
2013,Thailand,THA,policy_on_fertility_level,raise
2013,Thailand,THA,concern_about_adolescent_fertility,major_concern
2013,Thailand,THA,policies_reduce_adolescent_fertility,yes
2013,The former Yugoslav Rep. of Macedonia,MKD,policy_on_fertility_level,raise
2013,The former Yugoslav Rep. of Macedonia,MKD,concern_about_adolescent_fertility,major_concern
2013,The former Yugoslav Rep. of Macedonia,MKD,policies_reduce_adolescent_fertility,yes
2013,Timor-Leste,TLS,policy_on_fertility_level,lower
2013,Timor-Leste,TLS,concern_about_adolescent_fertility,major_concern
2013,Timor-Leste,TLS,policies_reduce_adolescent_fertility,yes
2013,Togo,TGO,policy_on_fertility_level,lower
2013,Togo,TGO,concern_about_adolescent_fertility,major_concern
2013,Togo,TGO,policies_reduce_adolescent_fertility,yes
2013,Tonga,TON,policy_on_fertility_level,maintain
2013,Tonga,TON,concern_about_adolescent_fertility,minor_concern
2013,Tonga,TON,policies_reduce_adolescent_fertility,yes
2013,Trinidad and Tobago,TTO,policy_on_fertility_level,maintain
2013,Trinidad and Tobago,TTO,concern_about_adolescent_fertility,major_concern
2013,Trinidad and Tobago,TTO,policies_reduce_adolescent_fertility,yes
2013,Tunisia,TUN,policy_on_fertility_level,lower
2013,Tunisia,TUN,concern_about_adolescent_fertility,not_a_concern
2013,Tunisia,TUN,policies_reduce_adolescent_fertility,no
2013,Turkey,TUR,policy_on_fertility_level,maintain
2013,Turkey,TUR,concern_about_adolescent_fertility,major_concern
2013,Turkey,TUR,policies_reduce_adolescent_fertility,yes
2013,Turkmenistan,TKM,policy_on_fertility_level,maintain
2013,Turkmenistan,TKM,concern_about_adolescent_fertility,minor_concern
2013,Turkmenistan,TKM,policies_reduce_adolescent_fertility,yes
2013,Tuvalu,TUV,policy_on_fertility_level,lower
2013,Tuvalu,TUV,concern_about_adolescent_fertility,major_concern
2013,Tuvalu,TUV,policies_reduce_adolescent_fertility,yes
2013,Uganda,UGA,policy_on_fertility_level,lower
2013,Uganda,UGA,concern_about_adolescent_fertility,major_concern
2013,Uganda,UGA,policies_reduce_adolescent_fertility,yes
2013,Ukraine,UKR,policy_on_fertility_level,raise
2013,Ukraine,UKR,concern_about_adolescent_fertility,not_a_concern
2013,Ukraine,UKR,policies_reduce_adolescent_fertility,no
2013,United Arab Emirates,ARE,policy_on_fertility_level,maintain
2013,United Arab Emirates,ARE,concern_about_adolescent_fertility,not_a_concern
2013,United Arab Emirates,ARE,policies_reduce_adolescent_fertility,no
2013,United Kingdom,GBR,policy_on_fertility_level,no_intervention
2013,United Kingdom,GBR,concern_about_adolescent_fertility,major_concern
2013,United Kingdom,GBR,policies_reduce_adolescent_fertility,yes
2013,United Republic of Tanzania,TZA,policy_on_fertility_level,lower
2013,United Republic of Tanzania,TZA,concern_about_adolescent_fertility,major_concern
2013,United Republic of Tanzania,TZA,policies_reduce_adolescent_fertility,yes
2013,United States of America,USA,policy_on_fertility_level,no_intervention
2013,United States of America,USA,concern_about_adolescent_fertility,major_concern
2013,United States of America,USA,policies_reduce_adolescent_fertility,yes
2013,Uruguay,URY,policy_on_fertility_level,raise
2013,Uruguay,URY,concern_about_adolescent_fertility,major_concern
2013,Uruguay,URY,policies_reduce_adolescent_fertility,yes
2013,Uzbekistan,UZB,policy_on_fertility_level,maintain
2013,Uzbekistan,UZB,concern_about_adolescent_fertility,minor_concern
2013,Uzbekistan,UZB,policies_reduce_adolescent_fertility,yes
2013,Vanuatu,VUT,policy_on_fertility_level,lower
2013,Vanuatu,VUT,concern_about_adolescent_fertility,major_concern
2013,Vanuatu,VUT,policies_reduce_adolescent_fertility,yes
2013,Venezuela (Bolivarian Republic of),,policy_on_fertility_level,no_intervention
2013,Venezuela (Bolivarian Republic of),,concern_about_adolescent_fertility,major_concern
2013,Venezuela (Bolivarian Republic of),,policies_reduce_adolescent_fertility,yes
2013,Viet Nam,VNM,policy_on_fertility_level,maintain
2013,Viet Nam,VNM,concern_about_adolescent_fertility,major_concern
2013,Viet Nam,VNM,policies_reduce_adolescent_fertility,yes
2013,Yemen,YEM,policy_on_fertility_level,lower
2013,Yemen,YEM,concern_about_adolescent_fertility,major_concern
2013,Yemen,YEM,policies_reduce_adolescent_fertility,yes
2013,Zambia,ZMB,policy_on_fertility_level,lower
2013,Zambia,ZMB,concern_about_adolescent_fertility,major_concern
2013,Zambia,ZMB,policies_reduce_adolescent_fertility,yes
2013,Zimbabwe,ZWE,policy_on_fertility_level,lower
2013,Zimbabwe,ZWE,concern_about_adolescent_fertility,major_concern
2013,Zimbabwe,ZWE,policies_reduce_adolescent_fertility,yes
2013,Afghanistan,AFG,family_planning_support,direct_support
2013,Afghanistan,AFG,abortion_grounds,1
2013,Afghanistan,AFG,domestic_violence_policies,2
2013,Albania,ALB,family_planning_support,direct_support
2013,Albania,ALB,abortion_grounds,1|2|3|4|5|6|7
2013,Albania,ALB,domestic_violence_policies,1|2
2013,Algeria,DZA,family_planning_support,direct_support
2013,Algeria,DZA,abortion_grounds,1|2|3
2013,Algeria,DZA,domestic_violence_policies,1|2
2013,Andorra,AND,family_planning_support,no_support
2013,Andorra,AND,abortion_grounds,1
2013,Andorra,AND,domestic_violence_policies,1|2
2013,Angola,AGO,family_planning_support,direct_support
2013,Angola,AGO,abortion_grounds,1
2013,Angola,AGO,domestic_violence_policies,1|2
2013,Antigua and Barbuda,ATG,family_planning_support,direct_support
2013,Antigua and Barbuda,ATG,abortion_grounds,1
2013,Antigua and Barbuda,ATG,domestic_violence_policies,1|2
2013,Argentina,ARG,family_planning_support,direct_support
2013,Argentina,ARG,abortion_grounds,1|2|4
2013,Argentina,ARG,domestic_violence_policies,1|2
2013,Armenia,ARM,family_planning_support,indirect_support
2013,Armenia,ARM,abortion_grounds,1|2|3|4|5|6|7
2013,Armenia,ARM,domestic_violence_policies,2
2013,Australia,AUS,family_planning_support,indirect_support
2013,Australia,AUS,abortion_grounds,1|2|3|4|5|6|7
2013,Australia,AUS,domestic_violence_policies,1|2
2013,Austria,AUT,family_planning_support,indirect_support
2013,Austria,AUT,abortion_grounds,1|2|3|4|5|6|7
2013,Austria,AUT,domestic_violence_policies,1|2
2013,Azerbaijan,AZE,family_planning_support,direct_support
2013,Azerbaijan,AZE,abortion_grounds,1|2|3|4|5|6|7
2013,Azerbaijan,AZE,domestic_violence_policies,1|2
2013,Bahamas,BHS,family_planning_support,direct_support
2013,Bahamas,BHS,abortion_grounds,1|2|3|4|5
2013,Bahamas,BHS,domestic_violence_policies,1|2
2013,Bahrain,BHR,family_planning_support,direct_support
2013,Bahrain,BHR,abortion_grounds,1|2|3|4|5|6|7
2013,Bahrain,BHR,domestic_violence_policies,2
2013,Bangladesh,BGD,family_planning_support,direct_support
2013,Bangladesh,BGD,abortion_grounds,1
2013,Bangladesh,BGD,domestic_violence_policies,1|2
2013,Barbados,BRB,family_planning_support,direct_support
2013,Barbados,BRB,abortion_grounds,1|2|3|4|5|6
2013,Barbados,BRB,domestic_violence_policies,1|2
2013,Belarus,BLR,family_planning_support,direct_support
2013,Belarus,BLR,abortion_grounds,1|2|3|4|5|6|7
2013,Belarus,BLR,domestic_violence_policies,1|2
2013,Belgium,BEL,family_planning_support,direct_support
2013,Belgium,BEL,abortion_grounds,1|2|3|4|5|6|7
2013,Belgium,BEL,domestic_violence_policies,1|2
2013,Belize,BLZ,family_planning_support,direct_support
2013,Belize,BLZ,abortion_grounds,1|2|3|5|6
2013,Belize,BLZ,domestic_violence_policies,1|2
2013,Benin,BEN,family_planning_support,direct_support
2013,Benin,BEN,abortion_grounds,1|2|3|4|5
2013,Benin,BEN,domestic_violence_policies,1
2013,Bhutan,BTN,family_planning_support,direct_support
2013,Bhutan,BTN,abortion_grounds,1|3|4
2013,Bhutan,BTN,domestic_violence_policies,1|2
2013,Bolivia (Plurinational State of),BOL,family_planning_support,direct_support
2013,Bolivia (Plurinational State of),BOL,abortion_grounds,1|2|3|4
2013,Bolivia (Plurinational State of),BOL,domestic_violence_policies,1|2
2013,Bosnia and Herzegovina,BIH,family_planning_support,indirect_support
2013,Bosnia and Herzegovina,BIH,abortion_grounds,1|2|3|4|5|6|7
2013,Bosnia and Herzegovina,BIH,domestic_violence_policies,1|2
2013,Botswana,BWA,family_planning_support,direct_support
2013,Botswana,BWA,abortion_grounds,1|2|3|4|5
2013,Botswana,BWA,domestic_violence_policies,1|2
2013,Brazil,BRA,family_planning_support,direct_support
2013,Brazil,BRA,abortion_grounds,1|4
2013,Brazil,BRA,domestic_violence_policies,1|2
2013,Brunei Darussalam,BRN,family_planning_support,no_support
2013,Brunei Darussalam,BRN,abortion_grounds,1
2013,Brunei Darussalam,BRN,domestic_violence_policies,1|2
2013,Bulgaria,BGR,family_planning_support,indirect_support
2013,Bulgaria,BGR,abortion_grounds,1|2|3|4|5|6|7
2013,Bulgaria,BGR,domestic_violence_policies,1|2
2013,Burkina Faso,BFA,family_planning_support,direct_support
2013,Burkina Faso,BFA,abortion_grounds,1|2|3|4|5
2013,Burkina Faso,BFA,domestic_violence_policies,1|2
2013,Burundi,BDI,family_planning_support,direct_support
2013,Burundi,BDI,abortion_grounds,1|2|3
2013,Burundi,BDI,domestic_violence_policies,1|2
2013,Cabo Verde,CPV,family_planning_support,direct_support
2013,Cabo Verde,CPV,abortion_grounds,1|2|3|4|5|6|7
2013,Cabo Verde,CPV,domestic_violence_policies,1|2
2013,Cambodia,KHM,family_planning_support,direct_support
2013,Cambodia,KHM,abortion_grounds,1|2|3|4|5|6|7
2013,Cambodia,KHM,domestic_violence_policies,1|2
2013,Cameroon,CMR,family_planning_support,direct_support
2013,Cameroon,CMR,abortion_grounds,1|2|3|4
2013,Cameroon,CMR,domestic_violence_policies,2
2013,Canada,CAN,family_planning_support,indirect_support
2013,Canada,CAN,abortion_grounds,1|2|3|4|5|6|7
2013,Canada,CAN,domestic_violence_policies,1|2
2013,Central African Republic,CAF,family_planning_support,direct_support
2013,Central African Republic,CAF,abortion_grounds,1
2013,Central African Republic,CAF,domestic_violence_policies,1
2013,Chad,TCD,family_planning_support,direct_support
2013,Chad,TCD,abortion_grounds,1|2|5
2013,Chad,TCD,domestic_violence_policies,1|2
2013,Chile,CHL,family_planning_support,direct_support
2013,Chile,CHL,abortion_grounds,not_permitted
2013,Chile,CHL,domestic_violence_policies,1|2
2013,China,CHN,family_planning_support,direct_support
2013,China,CHN,abortion_grounds,1|2|3|4|5|6|7
2013,China,CHN,domestic_violence_policies,1|2
2013,Colombia,COL,family_planning_support,direct_support
2013,Colombia,COL,abortion_grounds,1|2|3|4|5
2013,Colombia,COL,domestic_violence_policies,1|2
2013,Comoros,COM,family_planning_support,direct_support
2013,Comoros,COM,abortion_grounds,1|2|3
2013,Comoros,COM,domestic_violence_policies,1
2013,Congo,,family_planning_support,direct_support
2013,Congo,,abortion_grounds,1
2013,Congo,,domestic_violence_policies,2
2013,Cook Islands,,family_planning_support,direct_support
2013,Cook Islands,,abortion_grounds,1|2|3|4
2013,Cook Islands,,domestic_violence_policies,2
2013,Costa Rica,CRI,family_planning_support,direct_support
2013,Costa Rica,CRI,abortion_grounds,1|2|3
2013,Costa Rica,CRI,domestic_violence_policies,1|2
2013,Côte d'Ivoire,CIV,family_planning_support,direct_support
2013,Côte d'Ivoire,CIV,abortion_grounds,1
2013,Côte d'Ivoire,CIV,domestic_violence_policies,2
2013,Croatia,HRV,family_planning_support,direct_support
2013,Croatia,HRV,abortion_grounds,1|2|3|4|5|6|7
2013,Croatia,HRV,domestic_violence_policies,1|2
2013,Cuba,CUB,family_planning_support,direct_support
2013,Cuba,CUB,abortion_grounds,1|2|3|4|5|6|7
2013,Cuba,CUB,domestic_violence_policies,1|2
2013,Cyprus,CYP,family_planning_support,direct_support
2013,Cyprus,CYP,abortion_grounds,1|2|3|4|5
2013,Cyprus,CYP,domestic_violence_policies,1|2
2013,Czech Republic,CZE,family_planning_support,indirect_support
2013,Czech Republic,CZE,abortion_grounds,1|2|3|4|5|6|7
2013,Czech Republic,CZE,domestic_violence_policies,1|2
2013,Democratic People's Republic of Korea,PRK,family_planning_support,direct_support
2013,Democratic People's Republic of Korea,PRK,abortion_grounds,1|2|3|4|5|6|7
2013,Democratic People's Republic of Korea,PRK,domestic_violence_policies,Neither
2013,Democratic Republic of the Congo,,family_planning_support,direct_support
2013,Democratic Republic of the Congo,,abortion_grounds,1
2013,Democratic Republic of the Congo,,domestic_violence_policies,1|2
2013,Denmark,DNK,family_planning_support,direct_support
2013,Denmark,DNK,abortion_grounds,1|2|3|4|5|6|7
2013,Denmark,DNK,domestic_violence_policies,1|2
2013,Djibouti,DJI,family_planning_support,direct_support
2013,Djibouti,DJI,abortion_grounds,1
2013,Djibouti,DJI,domestic_violence_policies,1|2
2013,Dominica,DMA,family_planning_support,direct_support
2013,Dominica,DMA,abortion_grounds,1
2013,Dominica,DMA,domestic_violence_policies,1|2
2013,Dominican Republic,DOM,family_planning_support,direct_support
2013,Dominican Republic,DOM,abortion_grounds,not_permitted
2013,Dominican Republic,DOM,domestic_violence_policies,1|2
2013,Ecuador,ECU,family_planning_support,direct_support
2013,Ecuador,ECU,abortion_grounds,1|2|3
2013,Ecuador,ECU,domestic_violence_policies,1|2
2013,Egypt,EGY,family_planning_support,direct_support
2013,Egypt,EGY,abortion_grounds,1
2013,Egypt,EGY,domestic_violence_policies,1|2
2013,El Salvador,SLV,family_planning_support,direct_support
2013,El Salvador,SLV,abortion_grounds,not_permitted
2013,El Salvador,SLV,domestic_violence_policies,1|2
2013,Equatorial Guinea,GNQ,family_planning_support,direct_support
2013,Equatorial Guinea,GNQ,abortion_grounds,1|2|3
2013,Equatorial Guinea,GNQ,domestic_violence_policies,Neither
2013,Eritrea,ERI,family_planning_support,direct_support
2013,Eritrea,ERI,abortion_grounds,1|2|3|4|5
2013,Eritrea,ERI,domestic_violence_policies,1|2
2013,Estonia,EST,family_planning_support,indirect_support
2013,Estonia,EST,abortion_grounds,1|2|3|4|5|6|7
2013,Estonia,EST,domestic_violence_policies,1|2
2013,Ethiopia,ETH,family_planning_support,direct_support
2013,Ethiopia,ETH,abortion_grounds,1|2|3|4|5
2013,Ethiopia,ETH,domestic_violence_policies,1|2
2013,Fiji,FJI,family_planning_support,direct_support
2013,Fiji,FJI,abortion_grounds,1|2|3|4|5|6
2013,Fiji,FJI,domestic_violence_policies,1|2
2013,Finland,FIN,family_planning_support,direct_support
2013,Finland,FIN,abortion_grounds,1|2|3|4|5|6
2013,Finland,FIN,domestic_violence_policies,1|2
2013,France,FRA,family_planning_support,direct_support
2013,France,FRA,abortion_grounds,1|2|3|4|5|6|7
2013,France,FRA,domestic_violence_policies,1|2
2013,Gabon,GAB,family_planning_support,direct_support
2013,Gabon,GAB,abortion_grounds,1
2013,Gabon,GAB,domestic_violence_policies,2
2013,Gambia,GMB,family_planning_support,direct_support
2013,Gambia,GMB,abortion_grounds,1|2|3
2013,Gambia,GMB,domestic_violence_policies,2
2013,Georgia,GEO,family_planning_support,direct_support
2013,Georgia,GEO,abortion_grounds,1|2|3|4|5|6|7
2013,Georgia,GEO,domestic_violence_policies,1|2
2013,Germany,DEU,family_planning_support,no_support
2013,Germany,DEU,abortion_grounds,1|2|3|4|5|6|7
2013,Germany,DEU,domestic_violence_policies,1|2
2013,Ghana,GHA,family_planning_support,direct_support
2013,Ghana,GHA,abortion_grounds,1|2|3|4|5
2013,Ghana,GHA,domestic_violence_policies,1|2
2013,Greece,GRC,family_planning_support,no_support
2013,Greece,GRC,abortion_grounds,1|2|3|4|5|6|7
2013,Greece,GRC,domestic_violence_policies,1|2
2013,Grenada,GRD,family_planning_support,direct_support
2013,Grenada,GRD,abortion_grounds,1|2|3
2013,Grenada,GRD,domestic_violence_policies,1|2
2013,Guatemala,GTM,family_planning_support,direct_support
2013,Guatemala,GTM,abortion_grounds,1
2013,Guatemala,GTM,domestic_violence_policies,1|2
2013,Guinea,GIN,family_planning_support,direct_support
2013,Guinea,GIN,abortion_grounds,1|2|3|4|5
2013,Guinea,GIN,domestic_violence_policies,1|2
2013,Guinea-Bissau,GNB,family_planning_support,direct_support
2013,Guinea-Bissau,GNB,abortion_grounds,1
2013,Guinea-Bissau,GNB,domestic_violence_policies,Neither
2013,Guyana,GUY,family_planning_support,direct_support
2013,Guyana,GUY,abortion_grounds,1|2|3|4|5|6|7
2013,Guyana,GUY,domestic_violence_policies,1|2
2013,Haiti,HTI,family_planning_support,direct_support
2013,Haiti,HTI,abortion_grounds,1
2013,Haiti,HTI,domestic_violence_policies,1|2
2013,Holy See,,family_planning_support,not_permitted
2013,Holy See,,abortion_grounds,not_permitted
2013,Holy See,,domestic_violence_policies,
2013,Honduras,HND,family_planning_support,direct_support
2013,Honduras,HND,abortion_grounds,1
2013,Honduras,HND,domestic_violence_policies,1|2
2013,Hungary,HUN,family_planning_support,indirect_support
2013,Hungary,HUN,abortion_grounds,1|2|3|4|5|6|7
2013,Hungary,HUN,domestic_violence_policies,1|2
2013,Iceland,ISL,family_planning_support,direct_support
2013,Iceland,ISL,abortion_grounds,1|2|3|4|5|6
2013,Iceland,ISL,domestic_violence_policies,1|2
2013,India,IND,family_planning_support,direct_support
2013,India,IND,abortion_grounds,1|2|3|4|5|6
2013,India,IND,domestic_violence_policies,1|2
2013,Indonesia,IDN,family_planning_support,direct_support
2013,Indonesia,IDN,abortion_grounds,1|4|5
2013,Indonesia,IDN,domestic_violence_policies,1|2
2013,Iran (Islamic Republic of),,family_planning_support,no_support
2013,Iran (Islamic Republic of),,abortion_grounds,1|5
2013,Iran (Islamic Republic of),,domestic_violence_policies,Neither
2013,Iraq,IRQ,family_planning_support,direct_support
2013,Iraq,IRQ,abortion_grounds,1
2013,Iraq,IRQ,domestic_violence_policies,1|2
2013,Ireland,IRL,family_planning_support,direct_support
2013,Ireland,IRL,abortion_grounds,1
2013,Ireland,IRL,domestic_violence_policies,1|2
2013,Israel,ISR,family_planning_support,indirect_support
2013,Israel,ISR,abortion_grounds,1|2|3|4|5
2013,Israel,ISR,domestic_violence_policies,1|2
2013,Italy,ITA,family_planning_support,indirect_support
2013,Italy,ITA,abortion_grounds,1|2|3|4|5|6|7
2013,Italy,ITA,domestic_violence_policies,1|2
2013,Jamaica,JAM,family_planning_support,direct_support
2013,Jamaica,JAM,abortion_grounds,1|2|3
2013,Jamaica,JAM,domestic_violence_policies,1|2
2013,Japan,JPN,family_planning_support,indirect_support
2013,Japan,JPN,abortion_grounds,1|2|4|6
2013,Japan,JPN,domestic_violence_policies,1|2
2013,Jordan,JOR,family_planning_support,direct_support
2013,Jordan,JOR,abortion_grounds,1|2|3|5
2013,Jordan,JOR,domestic_violence_policies,1|2
2013,Kazakhstan,KAZ,family_planning_support,indirect_support
2013,Kazakhstan,KAZ,abortion_grounds,1|2|3|4|5|6|7
2013,Kazakhstan,KAZ,domestic_violence_policies,1|2
2013,Kenya,KEN,family_planning_support,direct_support
2013,Kenya,KEN,abortion_grounds,1|2|3
2013,Kenya,KEN,domestic_violence_policies,1
2013,Kiribati,KIR,family_planning_support,direct_support
2013,Kiribati,KIR,abortion_grounds,1
2013,Kiribati,KIR,domestic_violence_policies,2
2013,Kuwait,KWT,family_planning_support,direct_support
2013,Kuwait,KWT,abortion_grounds,1|2|3|5
2013,Kuwait,KWT,domestic_violence_policies,Neither
2013,Kyrgyzstan,KGZ,family_planning_support,direct_support
2013,Kyrgyzstan,KGZ,abortion_grounds,1|2|3|4|5|6|7
2013,Kyrgyzstan,KGZ,domestic_violence_policies,1|2
2013,Lao People's Democratic Republic,,family_planning_support,direct_support
2013,Lao People's Democratic Republic,,abortion_grounds,1|2
2013,Lao People's Democratic Republic,,domestic_violence_policies,1|2
2013,Latvia,LVA,family_planning_support,no_support
2013,Latvia,LVA,abortion_grounds,1|2|3|4|5|6|7
2013,Latvia,LVA,domestic_violence_policies,1|2
2013,Lebanon,LBN,family_planning_support,direct_support
2013,Lebanon,LBN,abortion_grounds,1
2013,Lebanon,LBN,domestic_violence_policies,2
2013,Lesotho,LSO,family_planning_support,direct_support
2013,Lesotho,LSO,abortion_grounds,1
2013,Lesotho,LSO,domestic_violence_policies,2
2013,Liberia,LBR,family_planning_support,direct_support
2013,Liberia,LBR,abortion_grounds,1|2|3|4|5
2013,Liberia,LBR,domestic_violence_policies,1|2
2013,Libya,LBY,family_planning_support,no_support
2013,Libya,LBY,abortion_grounds,1
2013,Libya,LBY,domestic_violence_policies,1
2013,Liechtenstein,LIE,family_planning_support,no_support
2013,Liechtenstein,LIE,abortion_grounds,1|2|3
2013,Liechtenstein,LIE,domestic_violence_policies,1|2
2013,Lithuania,LTU,family_planning_support,indirect_support
2013,Lithuania,LTU,abortion_grounds,1|2|3|4|5|6|7
2013,Lithuania,LTU,domestic_violence_policies,1|2
2013,Luxembourg,LUX,family_planning_support,indirect_support
2013,Luxembourg,LUX,abortion_grounds,1|2|3|4|5|6
2013,Luxembourg,LUX,domestic_violence_policies,1|2
2013,Madagascar,MDG,family_planning_support,direct_support
2013,Madagascar,MDG,abortion_grounds,1
2013,Madagascar,MDG,domestic_violence_policies,1|2
2013,Malawi,MWI,family_planning_support,direct_support
2013,Malawi,MWI,abortion_grounds,1
2013,Malawi,MWI,domestic_violence_policies,1|2
2013,Malaysia,MYS,family_planning_support,direct_support
2013,Malaysia,MYS,abortion_grounds,1|2|3
2013,Malaysia,MYS,domestic_violence_policies,1|2
2013,Maldives,MDV,family_planning_support,direct_support
2013,Maldives,MDV,abortion_grounds,1|2
2013,Maldives,MDV,domestic_violence_policies,1|2
2013,Mali,MLI,family_planning_support,direct_support
2013,Mali,MLI,abortion_grounds,1|4
2013,Mali,MLI,domestic_violence_policies,Neither
2013,Malta,MLT,family_planning_support,no_support
2013,Malta,MLT,abortion_grounds,not_permitted
2013,Malta,MLT,domestic_violence_policies,1|2
2013,Marshall Islands,MHL,family_planning_support,direct_support
2013,Marshall Islands,MHL,abortion_grounds,1
2013,Marshall Islands,MHL,domestic_violence_policies,1
2013,Mauritania,MRT,family_planning_support,direct_support
2013,Mauritania,MRT,abortion_grounds,1
2013,Mauritania,MRT,domestic_violence_policies,2
2013,Mauritius,MUS,family_planning_support,direct_support
2013,Mauritius,MUS,abortion_grounds,1
2013,Mauritius,MUS,domestic_violence_policies,1|2
2013,Mexico,MEX,family_planning_support,direct_support
2013,Mexico,MEX,abortion_grounds,1|2|3|4|5|6|7
2013,Mexico,MEX,domestic_violence_policies,1|2
2013,Micronesia (Federated States of),,family_planning_support,direct_support
2013,Micronesia (Federated States of),,abortion_grounds,1
2013,Micronesia (Federated States of),,domestic_violence_policies,2
2013,Monaco,MCO,family_planning_support,no_support
2013,Monaco,MCO,abortion_grounds,1|4|5
2013,Monaco,MCO,domestic_violence_policies,1|2
2013,Mongolia,MNG,family_planning_support,direct_support
2013,Mongolia,MNG,abortion_grounds,1|2|3|4|5|6|7
2013,Mongolia,MNG,domestic_violence_policies,1|2
2013,Montenegro,MNE,family_planning_support,direct_support
2013,Montenegro,MNE,abortion_grounds,1|2|3|4|5|6|7
2013,Montenegro,MNE,domestic_violence_policies,1|2
2013,Morocco,MAR,family_planning_support,direct_support
2013,Morocco,MAR,abortion_grounds,1|2|3
2013,Morocco,MAR,domestic_violence_policies,1|2
2013,Mozambique,MOZ,family_planning_support,direct_support
2013,Mozambique,MOZ,abortion_grounds,1|2|3
2013,Mozambique,MOZ,domestic_violence_policies,1|2
2013,Myanmar,MMR,family_planning_support,direct_support
2013,Myanmar,MMR,abortion_grounds,1
2013,Myanmar,MMR,domestic_violence_policies,2
2013,Namibia,NAM,family_planning_support,direct_support
2013,Namibia,NAM,abortion_grounds,1|2|3|4|5
2013,Namibia,NAM,domestic_violence_policies,1|2
2013,Nauru,NRU,family_planning_support,direct_support
2013,Nauru,NRU,abortion_grounds,1|2|3
2013,Nauru,NRU,domestic_violence_policies,2
2013,Nepal,NPL,family_planning_support,direct_support
2013,Nepal,NPL,abortion_grounds,1|2|3|4|5|6|7
2013,Nepal,NPL,domestic_violence_policies,1|2
2013,Netherlands,NLD,family_planning_support,indirect_support
2013,Netherlands,NLD,abortion_grounds,1|2|3|4|5|6|7
2013,Netherlands,NLD,domestic_violence_policies,1|2
2013,New Zealand,NZL,family_planning_support,direct_support
2013,New Zealand,NZL,abortion_grounds,1|2|3|4|5
2013,New Zealand,NZL,domestic_violence_policies,1|2
2013,Nicaragua,NIC,family_planning_support,direct_support
2013,Nicaragua,NIC,abortion_grounds,not_permitted
2013,Nicaragua,NIC,domestic_violence_policies,1|2
2013,Niger,NER,family_planning_support,direct_support
2013,Niger,NER,abortion_grounds,1|2|3|5
2013,Niger,NER,domestic_violence_policies,1|2
2013,Nigeria,NGA,family_planning_support,direct_support
2013,Nigeria,NGA,abortion_grounds,1|2|3
2013,Nigeria,NGA,domestic_violence_policies,2
2013,Niue,,family_planning_support,direct_support
2013,Niue,,abortion_grounds,1|2|3
2013,Niue,,domestic_violence_policies,2
2013,Norway,NOR,family_planning_support,direct_support
2013,Norway,NOR,abortion_grounds,1|2|3|4|5|6|7
2013,Norway,NOR,domestic_violence_policies,1|2
2013,Oman,OMN,family_planning_support,direct_support
2013,Oman,OMN,abortion_grounds,1|5
2013,Oman,OMN,domestic_violence_policies,Neither
2013,Pakistan,PAK,family_planning_support,direct_support
2013,Pakistan,PAK,abortion_grounds,1|2|3
2013,Pakistan,PAK,domestic_violence_policies,1|2
2013,Palau,PLW,family_planning_support,direct_support
2013,Palau,PLW,abortion_grounds,1
2013,Palau,PLW,domestic_violence_policies,2
2013,Panama,PAN,family_planning_support,direct_support
2013,Panama,PAN,abortion_grounds,1|4|5
2013,Panama,PAN,domestic_violence_policies,1|2
2013,Papua New Guinea,PNG,family_planning_support,direct_support
2013,Papua New Guinea,PNG,abortion_grounds,1
2013,Papua New Guinea,PNG,domestic_violence_policies,2
2013,Paraguay,PRY,family_planning_support,direct_support
2013,Paraguay,PRY,abortion_grounds,1
2013,Paraguay,PRY,domestic_violence_policies,1|2
2013,Peru,PER,family_planning_support,direct_support
2013,Peru,PER,abortion_grounds,1|2|3
2013,Peru,PER,domestic_violence_policies,1|2
2013,Philippines,PHL,family_planning_support,direct_support
2013,Philippines,PHL,abortion_grounds,1
2013,Philippines,PHL,domestic_violence_policies,1|2
2013,Poland,POL,family_planning_support,no_support
2013,Poland,POL,abortion_grounds,1|2|3|4|5
2013,Poland,POL,domestic_violence_policies,1|2
2013,Portugal,PRT,family_planning_support,direct_support
2013,Portugal,PRT,abortion_grounds,1|2|3|4|5|6|7
2013,Portugal,PRT,domestic_violence_policies,1|2
2013,Qatar,QAT,family_planning_support,direct_support
2013,Qatar,QAT,abortion_grounds,1|2|3|5
2013,Qatar,QAT,domestic_violence_policies,2
2013,Republic of Korea,KOR,family_planning_support,direct_support
2013,Republic of Korea,KOR,abortion_grounds,1|2|3|4|5
2013,Republic of Korea,KOR,domestic_violence_policies,1|2
2013,Republic of Moldova,MDA,family_planning_support,direct_support
2013,Republic of Moldova,MDA,abortion_grounds,1|2|3|4|5|6|7
2013,Republic of Moldova,MDA,domestic_violence_policies,1|2
2013,Romania,ROU,family_planning_support,direct_support
2013,Romania,ROU,abortion_grounds,1|2|3|4|5|6|7
2013,Romania,ROU,domestic_violence_policies,1|2
2013,Russian Federation,RUS,family_planning_support,indirect_support
2013,Russian Federation,RUS,abortion_grounds,1|2|3|4|5|6|7
2013,Russian Federation,RUS,domestic_violence_policies,Neither
2013,Rwanda,RWA,family_planning_support,direct_support
2013,Rwanda,RWA,abortion_grounds,1|2|3
2013,Rwanda,RWA,domestic_violence_policies,1|2
2013,Saint Kitts and Nevis,KNA,family_planning_support,direct_support
2013,Saint Kitts and Nevis,KNA,abortion_grounds,1|2|3|4
2013,Saint Kitts and Nevis,KNA,domestic_violence_policies,1|2
2013,Saint Lucia,LCA,family_planning_support,direct_support
2013,Saint Lucia,LCA,abortion_grounds,1|2|3|4
2013,Saint Lucia,LCA,domestic_violence_policies,1|2
2013,Saint Vincent and the Grenadines,VCT,family_planning_support,direct_support
2013,Saint Vincent and the Grenadines,VCT,abortion_grounds,1|2|3|4|5|6
2013,Saint Vincent and the Grenadines,VCT,domestic_violence_policies,1|2
2013,Samoa,WSM,family_planning_support,direct_support
2013,Samoa,WSM,abortion_grounds,1|2|3
2013,Samoa,WSM,domestic_violence_policies,2
2013,San Marino,SMR,family_planning_support,no_support
2013,San Marino,SMR,abortion_grounds,1
2013,San Marino,SMR,domestic_violence_policies,1|2
2013,Sao Tome and Principe,STP,family_planning_support,direct_support
2013,Sao Tome and Principe,STP,abortion_grounds,1
2013,Sao Tome and Principe,STP,domestic_violence_policies,1
2013,Saudi Arabia,SAU,family_planning_support,no_support
2013,Saudi Arabia,SAU,abortion_grounds,1|2|3
2013,Saudi Arabia,SAU,domestic_violence_policies,1|2
2013,Senegal,SEN,family_planning_support,direct_support
2013,Senegal,SEN,abortion_grounds,1
2013,Senegal,SEN,domestic_violence_policies,1|2
2013,Serbia,SRB,family_planning_support,direct_support
2013,Serbia,SRB,abortion_grounds,1|2|3|4|5|6|7
2013,Serbia,SRB,domestic_violence_policies,1|2
2013,Seychelles,SYC,family_planning_support,direct_support
2013,Seychelles,SYC,abortion_grounds,1|2|3|4|5
2013,Seychelles,SYC,domestic_violence_policies,1|2
2013,Sierra Leone,SLE,family_planning_support,direct_support
2013,Sierra Leone,SLE,abortion_grounds,1|2|3
2013,Sierra Leone,SLE,domestic_violence_policies,1|2
2013,Singapore,SGP,family_planning_support,direct_support
2013,Singapore,SGP,abortion_grounds,1|2|3|4|5|6|7
2013,Singapore,SGP,domestic_violence_policies,1|2
2013,Slovakia,SVK,family_planning_support,no_support
2013,Slovakia,SVK,abortion_grounds,1|2|3|4|5|6|7
2013,Slovakia,SVK,domestic_violence_policies,1|2
2013,Slovenia,SVN,family_planning_support,direct_support
2013,Slovenia,SVN,abortion_grounds,1|2|3|4|5|6|7
2013,Slovenia,SVN,domestic_violence_policies,1|2
2013,Solomon Islands,SLB,family_planning_support,direct_support
2013,Solomon Islands,SLB,abortion_grounds,1
2013,Solomon Islands,SLB,domestic_violence_policies,2
2013,Somalia,,family_planning_support,indirect_support
2013,Somalia,,abortion_grounds,1
2013,Somalia,,domestic_violence_policies,
2013,South Africa,ZAF,family_planning_support,direct_support
2013,South Africa,ZAF,abortion_grounds,1|2|3|4|5|6|7
2013,South Africa,ZAF,domestic_violence_policies,1|2
2013,South Sudan,SSD,family_planning_support,direct_support
2013,South Sudan,SSD,abortion_grounds,
2013,South Sudan,SSD,domestic_violence_policies,Neither
2013,Spain,ESP,family_planning_support,direct_support
2013,Spain,ESP,abortion_grounds,1|2|3|4|5|6|7
2013,Spain,ESP,domestic_violence_policies,1|2
2013,Sri Lanka,LKA,family_planning_support,direct_support
2013,Sri Lanka,LKA,abortion_grounds,1
2013,Sri Lanka,LKA,domestic_violence_policies,1|2
2013,State of Palestine,,family_planning_support,direct_support
2013,State of Palestine,,abortion_grounds,1
2013,State of Palestine,,domestic_violence_policies,2
2013,Sudan,SDN,family_planning_support,direct_support
2013,Sudan,SDN,abortion_grounds,1|4|5
2013,Sudan,SDN,domestic_violence_policies,2
2013,Suriname,SUR,family_planning_support,indirect_support
2013,Suriname,SUR,abortion_grounds,1
2013,Suriname,SUR,domestic_violence_policies,1|2
2013,Swaziland,SWZ,family_planning_support,direct_support
2013,Swaziland,SWZ,abortion_grounds,1|2|3|5
2013,Swaziland,SWZ,domestic_violence_policies,2
2013,Sweden,SWE,family_planning_support,direct_support
2013,Sweden,SWE,abortion_grounds,1|2|3|4|5|6|7
2013,Sweden,SWE,domestic_violence_policies,1|2
2013,Switzerland,CHE,family_planning_support,no_support
2013,Switzerland,CHE,abortion_grounds,1|2|3|4|5|6|7
2013,Switzerland,CHE,domestic_violence_policies,1|2
2013,Syrian Arab Republic,SYR,family_planning_support,direct_support
2013,Syrian Arab Republic,SYR,abortion_grounds,1
2013,Syrian Arab Republic,SYR,domestic_violence_policies,2
2013,Tajikistan,TJK,family_planning_support,direct_support
2013,Tajikistan,TJK,abortion_grounds,1|2|3|4|5|6|7
2013,Tajikistan,TJK,domestic_violence_policies,1|2
2013,Thailand,THA,family_planning_support,direct_support
2013,Thailand,THA,abortion_grounds,1|2|3|4|5
2013,Thailand,THA,domestic_violence_policies,1|2
2013,The former Yugoslav Rep. of Macedonia,MKD,family_planning_support,direct_support
2013,The former Yugoslav Rep. of Macedonia,MKD,abortion_grounds,1|2|3|4|5|6|7
2013,The former Yugoslav Rep. of Macedonia,MKD,domestic_violence_policies,1|2
2013,Timor-Leste,TLS,family_planning_support,direct_support
2013,Timor-Leste,TLS,abortion_grounds,1
2013,Timor-Leste,TLS,domestic_violence_policies,1|2
2013,Togo,TGO,family_planning_support,direct_support
2013,Togo,TGO,abortion_grounds,1|2|4|5
2013,Togo,TGO,domestic_violence_policies,2
2013,Tonga,TON,family_planning_support,direct_support
2013,Tonga,TON,abortion_grounds,1
2013,Tonga,TON,domestic_violence_policies,2
2013,Trinidad and Tobago,TTO,family_planning_support,direct_support
2013,Trinidad and Tobago,TTO,abortion_grounds,1|2|3
2013,Trinidad and Tobago,TTO,domestic_violence_policies,1|2
2013,Tunisia,TUN,family_planning_support,direct_support
2013,Tunisia,TUN,abortion_grounds,1|2|3|4|5|6|7
2013,Tunisia,TUN,domestic_violence_policies,2
2013,Turkey,TUR,family_planning_support,direct_support
2013,Turkey,TUR,abortion_grounds,1|2|3|4|5|6|7
2013,Turkey,TUR,domestic_violence_policies,1|2
2013,Turkmenistan,TKM,family_planning_support,direct_support
2013,Turkmenistan,TKM,abortion_grounds,1|2|3|4|5|6|7
2013,Turkmenistan,TKM,domestic_violence_policies,Neither
2013,Tuvalu,TUV,family_planning_support,direct_support
2013,Tuvalu,TUV,abortion_grounds,1
2013,Tuvalu,TUV,domestic_violence_policies,1
2013,Uganda,UGA,family_planning_support,direct_support
2013,Uganda,UGA,abortion_grounds,1|2|3|4|5
2013,Uganda,UGA,domestic_violence_policies,1|2
2013,Ukraine,UKR,family_planning_support,indirect_support
2013,Ukraine,UKR,abortion_grounds,1|2|3|4|5|6|7
2013,Ukraine,UKR,domestic_violence_policies,1|2
2013,United Arab Emirates,ARE,family_planning_support,no_support
2013,United Arab Emirates,ARE,abortion_grounds,1|2|3
2013,United Arab Emirates,ARE,domestic_violence_policies,2
2013,United Kingdom,GBR,family_planning_support,direct_support
2013,United Kingdom,GBR,abortion_grounds,1|2|3|5|6
2013,United Kingdom,GBR,domestic_violence_policies,1|2
2013,United Republic of Tanzania,TZA,family_planning_support,direct_support
2013,United Republic of Tanzania,TZA,abortion_grounds,1|2|3
2013,United Republic of Tanzania,TZA,domestic_violence_policies,2
2013,United States of America,USA,family_planning_support,direct_support
2013,United States of America,USA,abortion_grounds,1|2|3|4|5|6|7
2013,United States of America,USA,domestic_violence_policies,1|2
2013,Uruguay,URY,family_planning_support,direct_support
2013,Uruguay,URY,abortion_grounds,1|2|3|4|5|6|7
2013,Uruguay,URY,domestic_violence_policies,1|2
2013,Uzbekistan,UZB,family_planning_support,direct_support
2013,Uzbekistan,UZB,abortion_grounds,1|2|3|4|5|6|7
2013,Uzbekistan,UZB,domestic_violence_policies,2
2013,Vanuatu,VUT,family_planning_support,direct_support
2013,Vanuatu,VUT,abortion_grounds,1|2|3
2013,Vanuatu,VUT,domestic_violence_policies,1
2013,Venezuela (Bolivarian Republic of),,family_planning_support,direct_support
2013,Venezuela (Bolivarian Republic of),,abortion_grounds,1
2013,Venezuela (Bolivarian Republic of),,domestic_violence_policies,1|2
2013,Viet Nam,VNM,family_planning_support,direct_support
2013,Viet Nam,VNM,abortion_grounds,1|2|3|4|5|6|7
2013,Viet Nam,VNM,domestic_violence_policies,1|2
2013,Yemen,YEM,family_planning_support,direct_support
2013,Yemen,YEM,abortion_grounds,1
2013,Yemen,YEM,domestic_violence_policies,1|2
2013,Zambia,ZMB,family_planning_support,direct_support
2013,Zambia,ZMB,abortion_grounds,1|2|3|5|6
2013,Zambia,ZMB,domestic_violence_policies,1|2
2013,Zimbabwe,ZWE,family_planning_support,direct_support
2013,Zimbabwe,ZWE,abortion_grounds,1|2|4|5
2013,Zimbabwe,ZWE,domestic_violence_policies,1|2
2015,Afghanistan,AFG,policy_on_fertility_level,lower
2015,Afghanistan,AFG,family_planning_support,direct_support
2015,Afghanistan,AFG,abortion_grounds,1
2015,Albania,ALB,policy_on_fertility_level,maintain
2015,Albania,ALB,family_planning_support,direct_support
2015,Albania,ALB,abortion_grounds,1|2|3|4|5|6|7
2015,Algeria,DZA,policy_on_fertility_level,lower
2015,Algeria,DZA,family_planning_support,direct_support
2015,Algeria,DZA,abortion_grounds,1|2|3
2015,Andorra,AND,policy_on_fertility_level,maintain
2015,Andorra,AND,family_planning_support,no_support
2015,Andorra,AND,abortion_grounds,1
2015,Angola,AGO,policy_on_fertility_level,lower
2015,Angola,AGO,family_planning_support,direct_support
2015,Angola,AGO,abortion_grounds,1
2015,Antigua and Barbuda,ATG,policy_on_fertility_level,no_intervention
2015,Antigua and Barbuda,ATG,family_planning_support,direct_support
2015,Antigua and Barbuda,ATG,abortion_grounds,1
2015,Argentina,ARG,policy_on_fertility_level,maintain
2015,Argentina,ARG,family_planning_support,direct_support
2015,Argentina,ARG,abortion_grounds,1|2|4
2015,Armenia,ARM,policy_on_fertility_level,raise
2015,Armenia,ARM,family_planning_support,indirect_support
2015,Armenia,ARM,abortion_grounds,1|2|3|4|5|6|7
2015,Australia,AUS,policy_on_fertility_level,raise
2015,Australia,AUS,family_planning_support,indirect_support
2015,Australia,AUS,abortion_grounds,1|2|3|4|5|6|7
2015,Austria,AUT,policy_on_fertility_level,raise
2015,Austria,AUT,family_planning_support,indirect_support
2015,Austria,AUT,abortion_grounds,1|2|3|4|5|6|7
2015,Azerbaijan,AZE,policy_on_fertility_level,maintain
2015,Azerbaijan,AZE,family_planning_support,direct_support
2015,Azerbaijan,AZE,abortion_grounds,1|2|3|4|5|6|7
2015,Bahamas,BHS,policy_on_fertility_level,no_intervention
2015,Bahamas,BHS,family_planning_support,direct_support
2015,Bahamas,BHS,abortion_grounds,1|2|3|4|5
2015,Bahrain,BHR,policy_on_fertility_level,lower
2015,Bahrain,BHR,family_planning_support,direct_support
2015,Bahrain,BHR,abortion_grounds,1|2|3|4|5|6|7
2015,Bangladesh,BGD,policy_on_fertility_level,lower
2015,Bangladesh,BGD,family_planning_support,direct_support
2015,Bangladesh,BGD,abortion_grounds,1
2015,Barbados,BRB,policy_on_fertility_level,raise
2015,Barbados,BRB,family_planning_support,direct_support
2015,Barbados,BRB,abortion_grounds,1|2|3|4|5|6
2015,Belarus,BLR,policy_on_fertility_level,raise
2015,Belarus,BLR,family_planning_support,indirect_support
2015,Belarus,BLR,abortion_grounds,1|2|3|4|5|6|7
2015,Belgium,BEL,policy_on_fertility_level,no_official_policy
2015,Belgium,BEL,family_planning_support,direct_support
2015,Belgium,BEL,abortion_grounds,1|2|3|4|5|6|7
2015,Belize,BLZ,policy_on_fertility_level,lower
2015,Belize,BLZ,family_planning_support,direct_support
2015,Belize,BLZ,abortion_grounds,1|2|3|5|6
2015,Benin,BEN,policy_on_fertility_level,lower
2015,Benin,BEN,family_planning_support,direct_support
2015,Benin,BEN,abortion_grounds,1|2|3|4|5
2015,Bhutan,BTN,policy_on_fertility_level,lower
2015,Bhutan,BTN,family_planning_support,direct_support
2015,Bhutan,BTN,abortion_grounds,1|3|4
2015,Bolivia (Plurinational State of),BOL,policy_on_fertility_level,maintain
2015,Bolivia (Plurinational State of),BOL,family_planning_support,direct_support
2015,Bolivia (Plurinational State of),BOL,abortion_grounds,1|2|3|4
2015,Bosnia and Herzegovina,BIH,policy_on_fertility_level,no_intervention
2015,Bosnia and Herzegovina,BIH,family_planning_support,indirect_support
2015,Bosnia and Herzegovina,BIH,abortion_grounds,1|2|3|4|5|6|7
2015,Botswana,BWA,policy_on_fertility_level,maintain
2015,Botswana,BWA,family_planning_support,direct_support
2015,Botswana,BWA,abortion_grounds,1|2|3|4|5
2015,Brazil,BRA,policy_on_fertility_level,no_official_policy
2015,Brazil,BRA,family_planning_support,direct_support
2015,Brazil,BRA,abortion_grounds,1|4
2015,Brunei Darussalam,BRN,policy_on_fertility_level,no_intervention
2015,Brunei Darussalam,BRN,family_planning_support,direct_support
2015,Brunei Darussalam,BRN,abortion_grounds,1
2015,Bulgaria,BGR,policy_on_fertility_level,raise
2015,Bulgaria,BGR,family_planning_support,indirect_support
2015,Bulgaria,BGR,abortion_grounds,1|2|3|4|5|6|7
2015,Burkina Faso,BFA,policy_on_fertility_level,lower
2015,Burkina Faso,BFA,family_planning_support,direct_support
2015,Burkina Faso,BFA,abortion_grounds,1|2|3|4|5
2015,Burundi,BDI,policy_on_fertility_level,lower
2015,Burundi,BDI,family_planning_support,direct_support
2015,Burundi,BDI,abortion_grounds,1|2|3
2015,Cabo Verde,CPV,policy_on_fertility_level,lower
2015,Cabo Verde,CPV,family_planning_support,direct_support
2015,Cabo Verde,CPV,abortion_grounds,1|2|3|4|5|6|7
2015,Cambodia,KHM,policy_on_fertility_level,lower
2015,Cambodia,KHM,family_planning_support,direct_support
2015,Cambodia,KHM,abortion_grounds,1|2|3|4|5|6|7
2015,Cameroon,CMR,policy_on_fertility_level,no_official_policy
2015,Cameroon,CMR,family_planning_support,direct_support
2015,Cameroon,CMR,abortion_grounds,1|2|3|4
2015,Canada,CAN,policy_on_fertility_level,no_intervention
2015,Canada,CAN,family_planning_support,indirect_support
2015,Canada,CAN,abortion_grounds,1|2|3|4|5|6|7
2015,Central African Republic,CAF,policy_on_fertility_level,lower
2015,Central African Republic,CAF,family_planning_support,direct_support
2015,Central African Republic,CAF,abortion_grounds,1
2015,Chad,TCD,policy_on_fertility_level,lower
2015,Chad,TCD,family_planning_support,direct_support
2015,Chad,TCD,abortion_grounds,1|2|3|5
2015,Chile,CHL,policy_on_fertility_level,raise
2015,Chile,CHL,family_planning_support,direct_support
2015,Chile,CHL,abortion_grounds,Not permitted
2015,China,CHN,policy_on_fertility_level,raise
2015,China,CHN,family_planning_support,direct_support
2015,China,CHN,abortion_grounds,1|2|3|4|5|6|7
2015,Colombia,COL,policy_on_fertility_level,lower
2015,Colombia,COL,family_planning_support,direct_support
2015,Colombia,COL,abortion_grounds,1|2|3|4|5
2015,Comoros,COM,policy_on_fertility_level,lower
2015,Comoros,COM,family_planning_support,direct_support
2015,Comoros,COM,abortion_grounds,1|2|3
2015,Congo,,policy_on_fertility_level,lower
2015,Congo,,family_planning_support,direct_support
2015,Congo,,abortion_grounds,1
2015,Cook Islands,,policy_on_fertility_level,raise
2015,Cook Islands,,family_planning_support,direct_support
2015,Cook Islands,,abortion_grounds,1|2|3|4
2015,Costa Rica,CRI,policy_on_fertility_level,maintain
2015,Costa Rica,CRI,family_planning_support,indirect_support
2015,Costa Rica,CRI,abortion_grounds,1|2|3
2015,Côte d'Ivoire,CIV,policy_on_fertility_level,lower
2015,Côte d'Ivoire,CIV,family_planning_support,direct_support
2015,Côte d'Ivoire,CIV,abortion_grounds,1
2015,Croatia,HRV,policy_on_fertility_level,raise
2015,Croatia,HRV,family_planning_support,direct_support
2015,Croatia,HRV,abortion_grounds,1|2|3|4|5|6|7
2015,Cuba,CUB,policy_on_fertility_level,raise
2015,Cuba,CUB,family_planning_support,direct_support
2015,Cuba,CUB,abortion_grounds,1|2|3|4|5|6|7
2015,Cyprus,CYP,policy_on_fertility_level,raise
2015,Cyprus,CYP,family_planning_support,direct_support
2015,Cyprus,CYP,abortion_grounds,1|2|3|4|5
2015,Czech Republic,CZE,policy_on_fertility_level,raise
2015,Czech Republic,CZE,family_planning_support,indirect_support
2015,Czech Republic,CZE,abortion_grounds,1|2|3|4|5|6|7
2015,Democratic People's Republic of Korea,PRK,policy_on_fertility_level,raise
2015,Democratic People's Republic of Korea,PRK,family_planning_support,direct_support
2015,Democratic People's Republic of Korea,PRK,abortion_grounds,1|2|3|4|5|6|7
2015,Democratic Republic of the Congo,,policy_on_fertility_level,lower
2015,Democratic Republic of the Congo,,family_planning_support,direct_support
2015,Democratic Republic of the Congo,,abortion_grounds,1
2015,Denmark,DNK,policy_on_fertility_level,no_official_policy
2015,Denmark,DNK,family_planning_support,direct_support
2015,Denmark,DNK,abortion_grounds,1|2|3|4|5|6|7
2015,Djibouti,DJI,policy_on_fertility_level,lower
2015,Djibouti,DJI,family_planning_support,direct_support
2015,Djibouti,DJI,abortion_grounds,1
2015,Dominica,DMA,policy_on_fertility_level,no_intervention
2015,Dominica,DMA,family_planning_support,direct_support
2015,Dominica,DMA,abortion_grounds,1
2015,Dominican Republic,DOM,policy_on_fertility_level,lower
2015,Dominican Republic,DOM,family_planning_support,direct_support
2015,Dominican Republic,DOM,abortion_grounds,1
2015,Ecuador,ECU,policy_on_fertility_level,lower
2015,Ecuador,ECU,family_planning_support,direct_support
2015,Ecuador,ECU,abortion_grounds,1|2|3
2015,Egypt,EGY,policy_on_fertility_level,lower
2015,Egypt,EGY,family_planning_support,direct_support
2015,Egypt,EGY,abortion_grounds,1
2015,El Salvador,SLV,policy_on_fertility_level,no_intervention
2015,El Salvador,SLV,family_planning_support,direct_support
2015,El Salvador,SLV,abortion_grounds,Not permitted
2015,Equatorial Guinea,GNQ,policy_on_fertility_level,maintain
2015,Equatorial Guinea,GNQ,family_planning_support,direct_support
2015,Equatorial Guinea,GNQ,abortion_grounds,1|2|3
2015,Eritrea,ERI,policy_on_fertility_level,lower
2015,Eritrea,ERI,family_planning_support,direct_support
2015,Eritrea,ERI,abortion_grounds,1|2|3|4|5
2015,Estonia,EST,policy_on_fertility_level,raise
2015,Estonia,EST,family_planning_support,direct_support
2015,Estonia,EST,abortion_grounds,1|2|3|4|5|6|7
2015,Ethiopia,ETH,policy_on_fertility_level,lower
2015,Ethiopia,ETH,family_planning_support,direct_support
2015,Ethiopia,ETH,abortion_grounds,1|2|3|4|5
2015,Fiji,FJI,policy_on_fertility_level,lower
2015,Fiji,FJI,family_planning_support,direct_support
2015,Fiji,FJI,abortion_grounds,1|2|3|4|5|6
2015,Finland,FIN,policy_on_fertility_level,no_official_policy
2015,Finland,FIN,family_planning_support,direct_support
2015,Finland,FIN,abortion_grounds,1|2|3|4|5|6
2015,France,FRA,policy_on_fertility_level,raise
2015,France,FRA,family_planning_support,direct_support
2015,France,FRA,abortion_grounds,1|2|3|4|5|6|7
2015,Gabon,GAB,policy_on_fertility_level,raise
2015,Gabon,GAB,family_planning_support,direct_support
2015,Gabon,GAB,abortion_grounds,1
2015,Gambia,GMB,policy_on_fertility_level,lower
2015,Gambia,GMB,family_planning_support,direct_support
2015,Gambia,GMB,abortion_grounds,1|2|3
2015,Georgia,GEO,policy_on_fertility_level,raise
2015,Georgia,GEO,family_planning_support,indirect_support
2015,Georgia,GEO,abortion_grounds,1|2|3|4|5|6|7
2015,Germany,DEU,policy_on_fertility_level,raise
2015,Germany,DEU,family_planning_support,no_support
2015,Germany,DEU,abortion_grounds,1|2|3|4|5|6|7
2015,Ghana,GHA,policy_on_fertility_level,lower
2015,Ghana,GHA,family_planning_support,direct_support
2015,Ghana,GHA,abortion_grounds,1|2|3|4|5
2015,Greece,GRC,policy_on_fertility_level,raise
2015,Greece,GRC,family_planning_support,direct_support
2015,Greece,GRC,abortion_grounds,1|2|3|4|5|6|7
2015,Grenada,GRD,policy_on_fertility_level,maintain
2015,Grenada,GRD,family_planning_support,direct_support
2015,Grenada,GRD,abortion_grounds,1|2|3
2015,Guatemala,GTM,policy_on_fertility_level,lower
2015,Guatemala,GTM,family_planning_support,direct_support
2015,Guatemala,GTM,abortion_grounds,1
2015,Guinea,GIN,policy_on_fertility_level,lower
2015,Guinea,GIN,family_planning_support,direct_support
2015,Guinea,GIN,abortion_grounds,1|2|3|4|5
2015,Guinea-Bissau,GNB,policy_on_fertility_level,lower
2015,Guinea-Bissau,GNB,family_planning_support,direct_support
2015,Guinea-Bissau,GNB,abortion_grounds,1
2015,Guyana,GUY,policy_on_fertility_level,no_intervention
2015,Guyana,GUY,family_planning_support,direct_support
2015,Guyana,GUY,abortion_grounds,1|2|3|4|5|6|7
2015,Haiti,HTI,policy_on_fertility_level,lower
2015,Haiti,HTI,family_planning_support,direct_support
2015,Haiti,HTI,abortion_grounds,1
2015,Holy See,,policy_on_fertility_level,raise
2015,Holy See,,family_planning_support,not_permitted
2015,Holy See,,abortion_grounds,Not permitted
2015,Honduras,HND,policy_on_fertility_level,lower
2015,Honduras,HND,family_planning_support,direct_support
2015,Honduras,HND,abortion_grounds,1
2015,Hungary,HUN,policy_on_fertility_level,raise
2015,Hungary,HUN,family_planning_support,indirect_support
2015,Hungary,HUN,abortion_grounds,1|2|3|4|5|6|7
2015,Iceland,ISL,policy_on_fertility_level,maintain
2015,Iceland,ISL,family_planning_support,direct_support
2015,Iceland,ISL,abortion_grounds,1|2|3|4|5|6
2015,India,IND,policy_on_fertility_level,lower
2015,India,IND,family_planning_support,direct_support
2015,India,IND,abortion_grounds,1|2|3|4|5|6
2015,Indonesia,IDN,policy_on_fertility_level,lower
2015,Indonesia,IDN,family_planning_support,direct_support
2015,Indonesia,IDN,abortion_grounds,1|4|5
2015,Iran (Islamic Republic of),,policy_on_fertility_level,raise
2015,Iran (Islamic Republic of),,family_planning_support,no_support
2015,Iran (Islamic Republic of),,abortion_grounds,1|5
2015,Iraq,IRQ,policy_on_fertility_level,lower
2015,Iraq,IRQ,family_planning_support,direct_support
2015,Iraq,IRQ,abortion_grounds,1
2015,Ireland,IRL,policy_on_fertility_level,no_official_policy
2015,Ireland,IRL,family_planning_support,direct_support
2015,Ireland,IRL,abortion_grounds,1
2015,Israel,ISR,policy_on_fertility_level,raise
2015,Israel,ISR,family_planning_support,indirect_support
2015,Israel,ISR,abortion_grounds,1|2|3|4|5
2015,Italy,ITA,policy_on_fertility_level,raise
2015,Italy,ITA,family_planning_support,indirect_support
2015,Italy,ITA,abortion_grounds,1|2|3|4|5|6|7
2015,Jamaica,JAM,policy_on_fertility_level,lower
2015,Jamaica,JAM,family_planning_support,direct_support
2015,Jamaica,JAM,abortion_grounds,1|2|3
2015,Japan,JPN,policy_on_fertility_level,raise
2015,Japan,JPN,family_planning_support,indirect_support
2015,Japan,JPN,abortion_grounds,1|2|4|6
2015,Jordan,JOR,policy_on_fertility_level,lower
2015,Jordan,JOR,family_planning_support,direct_support
2015,Jordan,JOR,abortion_grounds,1|2|3|4|5
2015,Kazakhstan,KAZ,policy_on_fertility_level,maintain
2015,Kazakhstan,KAZ,family_planning_support,indirect_support
2015,Kazakhstan,KAZ,abortion_grounds,1|2|3|4|5|6|7
2015,Kenya,KEN,policy_on_fertility_level,lower
2015,Kenya,KEN,family_planning_support,direct_support
2015,Kenya,KEN,abortion_grounds,1|2|3
2015,Kiribati,KIR,policy_on_fertility_level,lower
2015,Kiribati,KIR,family_planning_support,direct_support
2015,Kiribati,KIR,abortion_grounds,1
2015,Kuwait,KWT,policy_on_fertility_level,raise
2015,Kuwait,KWT,family_planning_support,direct_support
2015,Kuwait,KWT,abortion_grounds,1|2|3|5
2015,Kyrgyzstan,KGZ,policy_on_fertility_level,maintain
2015,Kyrgyzstan,KGZ,family_planning_support,direct_support
2015,Kyrgyzstan,KGZ,abortion_grounds,1|2|3|4|5|6|7
2015,Lao People's Democratic Republic,,policy_on_fertility_level,lower
2015,Lao People's Democratic Republic,,family_planning_support,direct_support
2015,Lao People's Democratic Republic,,abortion_grounds,1|2
2015,Latvia,LVA,policy_on_fertility_level,raise
2015,Latvia,LVA,family_planning_support,direct_support
2015,Latvia,LVA,abortion_grounds,1|2|3|4|5|6|7
2015,Lebanon,LBN,policy_on_fertility_level,no_official_policy
2015,Lebanon,LBN,family_planning_support,direct_support
2015,Lebanon,LBN,abortion_grounds,1
2015,Lesotho,LSO,policy_on_fertility_level,lower
2015,Lesotho,LSO,family_planning_support,direct_support
2015,Lesotho,LSO,abortion_grounds,1
2015,Liberia,LBR,policy_on_fertility_level,lower
2015,Liberia,LBR,family_planning_support,direct_support
2015,Liberia,LBR,abortion_grounds,1|2|3|4|5
2015,Libya,LBY,policy_on_fertility_level,no_intervention
2015,Libya,LBY,family_planning_support,no_support
2015,Libya,LBY,abortion_grounds,1
2015,Liechtenstein,LIE,policy_on_fertility_level,raise
2015,Liechtenstein,LIE,family_planning_support,no_support
2015,Liechtenstein,LIE,abortion_grounds,1|2|3
2015,Lithuania,LTU,policy_on_fertility_level,raise
2015,Lithuania,LTU,family_planning_support,direct_support
2015,Lithuania,LTU,abortion_grounds,1|2|3|4|5|6|7
2015,Luxembourg,LUX,policy_on_fertility_level,raise
2015,Luxembourg,LUX,family_planning_support,direct_support
2015,Luxembourg,LUX,abortion_grounds,1|2|3|4|5|6
2015,Madagascar,MDG,policy_on_fertility_level,lower
2015,Madagascar,MDG,family_planning_support,direct_support
2015,Madagascar,MDG,abortion_grounds,1
2015,Malawi,MWI,policy_on_fertility_level,lower
2015,Malawi,MWI,family_planning_support,direct_support
2015,Malawi,MWI,abortion_grounds,1
2015,Malaysia,MYS,policy_on_fertility_level,maintain
2015,Malaysia,MYS,family_planning_support,direct_support
2015,Malaysia,MYS,abortion_grounds,1|2|3
2015,Maldives,MDV,policy_on_fertility_level,maintain
2015,Maldives,MDV,family_planning_support,direct_support
2015,Maldives,MDV,abortion_grounds,1|4|5
2015,Mali,MLI,policy_on_fertility_level,lower
2015,Mali,MLI,family_planning_support,direct_support
2015,Mali,MLI,abortion_grounds,1|4
2015,Malta,MLT,policy_on_fertility_level,raise
2015,Malta,MLT,family_planning_support,direct_support
2015,Malta,MLT,abortion_grounds,Not permitted
2015,Marshall Islands,MHL,policy_on_fertility_level,lower
2015,Marshall Islands,MHL,family_planning_support,direct_support
2015,Marshall Islands,MHL,abortion_grounds,1
2015,Mauritania,MRT,policy_on_fertility_level,lower
2015,Mauritania,MRT,family_planning_support,direct_support
2015,Mauritania,MRT,abortion_grounds,1
2015,Mauritius,MUS,policy_on_fertility_level,raise
2015,Mauritius,MUS,family_planning_support,direct_support
2015,Mauritius,MUS,abortion_grounds,1|2|3|4|5
2015,Mexico,MEX,policy_on_fertility_level,lower
2015,Mexico,MEX,family_planning_support,direct_support
2015,Mexico,MEX,abortion_grounds,1|2|3|4|5|6|7
2015,Micronesia (Federated States of),,policy_on_fertility_level,lower
2015,Micronesia (Federated States of),,family_planning_support,direct_support
2015,Micronesia (Federated States of),,abortion_grounds,1
2015,Monaco,MCO,policy_on_fertility_level,maintain
2015,Monaco,MCO,family_planning_support,no_support
2015,Monaco,MCO,abortion_grounds,1|4|5
2015,Mongolia,MNG,policy_on_fertility_level,raise
2015,Mongolia,MNG,family_planning_support,direct_support
2015,Mongolia,MNG,abortion_grounds,1|2|3|4|5|6|7
2015,Montenegro,MNE,policy_on_fertility_level,raise
2015,Montenegro,MNE,family_planning_support,direct_support
2015,Montenegro,MNE,abortion_grounds,1|2|3|4|5|6|7
2015,Morocco,MAR,policy_on_fertility_level,maintain
2015,Morocco,MAR,family_planning_support,direct_support
2015,Morocco,MAR,abortion_grounds,1|2|3
2015,Mozambique,MOZ,policy_on_fertility_level,lower
2015,Mozambique,MOZ,family_planning_support,direct_support
2015,Mozambique,MOZ,abortion_grounds,1|2|3|4|5
2015,Myanmar,MMR,policy_on_fertility_level,lower
2015,Myanmar,MMR,family_planning_support,direct_support
2015,Myanmar,MMR,abortion_grounds,1
2015,Namibia,NAM,policy_on_fertility_level,lower
2015,Namibia,NAM,family_planning_support,direct_support
2015,Namibia,NAM,abortion_grounds,1|2|3|4|5
2015,Nauru,NRU,policy_on_fertility_level,maintain
2015,Nauru,NRU,family_planning_support,direct_support
2015,Nauru,NRU,abortion_grounds,1|2|3
2015,Nepal,NPL,policy_on_fertility_level,lower
2015,Nepal,NPL,family_planning_support,direct_support
2015,Nepal,NPL,abortion_grounds,1|2|3|4|5|6|7
2015,Netherlands,NLD,policy_on_fertility_level,no_intervention
2015,Netherlands,NLD,family_planning_support,indirect_support
2015,Netherlands,NLD,abortion_grounds,1|2|3|4|5|6|7
2015,New Zealand,NZL,policy_on_fertility_level,maintain
2015,New Zealand,NZL,family_planning_support,direct_support
2015,New Zealand,NZL,abortion_grounds,1|2|3|4|5
2015,Nicaragua,NIC,policy_on_fertility_level,lower
2015,Nicaragua,NIC,family_planning_support,direct_support
2015,Nicaragua,NIC,abortion_grounds,Not permitted
2015,Niger,NER,policy_on_fertility_level,lower
2015,Niger,NER,family_planning_support,direct_support
2015,Niger,NER,abortion_grounds,1|2|3|5
2015,Nigeria,NGA,policy_on_fertility_level,lower
2015,Nigeria,NGA,family_planning_support,direct_support
2015,Nigeria,NGA,abortion_grounds,1|2|3
2015,Niue,,policy_on_fertility_level,raise
2015,Niue,,family_planning_support,direct_support
2015,Niue,,abortion_grounds,1|2|3
2015,Norway,NOR,policy_on_fertility_level,no_official_policy
2015,Norway,NOR,family_planning_support,direct_support
2015,Norway,NOR,abortion_grounds,1|2|3|4|5|6|7
2015,Oman,OMN,policy_on_fertility_level,maintain
2015,Oman,OMN,family_planning_support,direct_support
2015,Oman,OMN,abortion_grounds,1|5
2015,Pakistan,PAK,policy_on_fertility_level,lower
2015,Pakistan,PAK,family_planning_support,direct_support
2015,Pakistan,PAK,abortion_grounds,1|2|3
2015,Palau,PLW,policy_on_fertility_level,no_intervention
2015,Palau,PLW,family_planning_support,direct_support
2015,Palau,PLW,abortion_grounds,1
2015,Panama,PAN,policy_on_fertility_level,no_official_policy
2015,Panama,PAN,family_planning_support,direct_support
2015,Panama,PAN,abortion_grounds,1|4|5
2015,Papua New Guinea,PNG,policy_on_fertility_level,lower
2015,Papua New Guinea,PNG,family_planning_support,direct_support
2015,Papua New Guinea,PNG,abortion_grounds,1
2015,Paraguay,PRY,policy_on_fertility_level,maintain
2015,Paraguay,PRY,family_planning_support,direct_support
2015,Paraguay,PRY,abortion_grounds,1
2015,Peru,PER,policy_on_fertility_level,lower
2015,Peru,PER,family_planning_support,direct_support
2015,Peru,PER,abortion_grounds,1|2|3
2015,Philippines,PHL,policy_on_fertility_level,lower
2015,Philippines,PHL,family_planning_support,direct_support
2015,Philippines,PHL,abortion_grounds,1
2015,Poland,POL,policy_on_fertility_level,raise
2015,Poland,POL,family_planning_support,no_support
2015,Poland,POL,abortion_grounds,1|2|3|4|5
2015,Portugal,PRT,policy_on_fertility_level,raise
2015,Portugal,PRT,family_planning_support,direct_support
2015,Portugal,PRT,abortion_grounds,1|2|3|4|5|6|7
2015,Qatar,QAT,policy_on_fertility_level,raise
2015,Qatar,QAT,family_planning_support,direct_support
2015,Qatar,QAT,abortion_grounds,1|2|3|5
2015,Republic of Korea,KOR,policy_on_fertility_level,raise
2015,Republic of Korea,KOR,family_planning_support,direct_support
2015,Republic of Korea,KOR,abortion_grounds,1|2|3|4|5
2015,Republic of Moldova,MDA,policy_on_fertility_level,raise
2015,Republic of Moldova,MDA,family_planning_support,direct_support
2015,Republic of Moldova,MDA,abortion_grounds,1|2|3|4|5|6|7
2015,Romania,ROU,policy_on_fertility_level,raise
2015,Romania,ROU,family_planning_support,direct_support
2015,Romania,ROU,abortion_grounds,1|2|3|4|5|6|7
2015,Russian Federation,RUS,policy_on_fertility_level,raise
2015,Russian Federation,RUS,family_planning_support,indirect_support
2015,Russian Federation,RUS,abortion_grounds,1|2|3|4|5|6|7
2015,Rwanda,RWA,policy_on_fertility_level,lower
2015,Rwanda,RWA,family_planning_support,direct_support
2015,Rwanda,RWA,abortion_grounds,1|2|3|4|5
2015,Saint Kitts and Nevis,KNA,policy_on_fertility_level,no_intervention
2015,Saint Kitts and Nevis,KNA,family_planning_support,direct_support
2015,Saint Kitts and Nevis,KNA,abortion_grounds,1|2|3|4
2015,Saint Lucia,LCA,policy_on_fertility_level,maintain
2015,Saint Lucia,LCA,family_planning_support,direct_support
2015,Saint Lucia,LCA,abortion_grounds,1|2|3|4
2015,Saint Vincent and the Grenadines,VCT,policy_on_fertility_level,maintain
2015,Saint Vincent and the Grenadines,VCT,family_planning_support,direct_support
2015,Saint Vincent and the Grenadines,VCT,abortion_grounds,1|2|3|4|5|6
2015,Samoa,WSM,policy_on_fertility_level,lower
2015,Samoa,WSM,family_planning_support,direct_support
2015,Samoa,WSM,abortion_grounds,1|2|3
2015,San Marino,SMR,policy_on_fertility_level,no_intervention
2015,San Marino,SMR,family_planning_support,no_support
2015,San Marino,SMR,abortion_grounds,1
2015,Sao Tome and Principe,STP,policy_on_fertility_level,lower
2015,Sao Tome and Principe,STP,family_planning_support,direct_support
2015,Sao Tome and Principe,STP,abortion_grounds,1
2015,Saudi Arabia,SAU,policy_on_fertility_level,raise
2015,Saudi Arabia,SAU,family_planning_support,no_support
2015,Saudi Arabia,SAU,abortion_grounds,1|2|3
2015,Senegal,SEN,policy_on_fertility_level,lower
2015,Senegal,SEN,family_planning_support,direct_support
2015,Senegal,SEN,abortion_grounds,1
2015,Serbia,SRB,policy_on_fertility_level,raise
2015,Serbia,SRB,family_planning_support,direct_support
2015,Serbia,SRB,abortion_grounds,1|2|3|4|5|6|7
2015,Seychelles,SYC,policy_on_fertility_level,no_intervention
2015,Seychelles,SYC,family_planning_support,direct_support
2015,Seychelles,SYC,abortion_grounds,1|2|3|4|5
2015,Sierra Leone,SLE,policy_on_fertility_level,lower
2015,Sierra Leone,SLE,family_planning_support,direct_support
2015,Sierra Leone,SLE,abortion_grounds,1|2|3
2015,Singapore,SGP,policy_on_fertility_level,raise
2015,Singapore,SGP,family_planning_support,direct_support
2015,Singapore,SGP,abortion_grounds,1|2|3|4|5|6|7
2015,Slovakia,SVK,policy_on_fertility_level,raise
2015,Slovakia,SVK,family_planning_support,no_support
2015,Slovakia,SVK,abortion_grounds,1|2|3|4|5|6|7
2015,Slovenia,SVN,policy_on_fertility_level,raise
2015,Slovenia,SVN,family_planning_support,direct_support
2015,Slovenia,SVN,abortion_grounds,1|2|3|4|5|6|7
2015,Solomon Islands,SLB,policy_on_fertility_level,lower
2015,Solomon Islands,SLB,family_planning_support,direct_support
2015,Solomon Islands,SLB,abortion_grounds,1
2015,Somalia,,policy_on_fertility_level,lower
2015,Somalia,,family_planning_support,direct_support
2015,Somalia,,abortion_grounds,1
2015,South Africa,ZAF,policy_on_fertility_level,maintain
2015,South Africa,ZAF,family_planning_support,direct_support
2015,South Africa,ZAF,abortion_grounds,1|2|3|4|5|6|7
2015,South Sudan,SSD,policy_on_fertility_level,lower
2015,South Sudan,SSD,family_planning_support,direct_support
2015,South Sudan,SSD,abortion_grounds,1
2015,Spain,ESP,policy_on_fertility_level,raise
2015,Spain,ESP,family_planning_support,direct_support
2015,Spain,ESP,abortion_grounds,1|2|3|4|5|6|7
2015,Sri Lanka,LKA,policy_on_fertility_level,maintain
2015,Sri Lanka,LKA,family_planning_support,direct_support
2015,Sri Lanka,LKA,abortion_grounds,1
2015,State of Palestine,,policy_on_fertility_level,maintain
2015,State of Palestine,,family_planning_support,direct_support
2015,State of Palestine,,abortion_grounds,1
2015,Sudan,SDN,policy_on_fertility_level,lower
2015,Sudan,SDN,family_planning_support,direct_support
2015,Sudan,SDN,abortion_grounds,1|4
2015,Suriname,SUR,policy_on_fertility_level,maintain
2015,Suriname,SUR,family_planning_support,indirect_support
2015,Suriname,SUR,abortion_grounds,1
2015,Swaziland,SWZ,policy_on_fertility_level,lower
2015,Swaziland,SWZ,family_planning_support,direct_support
2015,Swaziland,SWZ,abortion_grounds,1|2|3|5
2015,Sweden,SWE,policy_on_fertility_level,no_official_policy
2015,Sweden,SWE,family_planning_support,direct_support
2015,Sweden,SWE,abortion_grounds,1|2|3|4|5|6|7
2015,Switzerland,CHE,policy_on_fertility_level,no_official_policy
2015,Switzerland,CHE,family_planning_support,no_support
2015,Switzerland,CHE,abortion_grounds,1|2|3|4|5|6|7
2015,Syrian Arab Republic,SYR,policy_on_fertility_level,lower
2015,Syrian Arab Republic,SYR,family_planning_support,direct_support
2015,Syrian Arab Republic,SYR,abortion_grounds,1
2015,Tajikistan,TJK,policy_on_fertility_level,lower
2015,Tajikistan,TJK,family_planning_support,direct_support
2015,Tajikistan,TJK,abortion_grounds,1|2|3|4|5|6|7
2015,Thailand,THA,policy_on_fertility_level,raise
2015,Thailand,THA,family_planning_support,direct_support
2015,Thailand,THA,abortion_grounds,1|2|3|4|5
2015,The former Yugoslav Rep. of Macedonia,MKD,policy_on_fertility_level,raise
2015,The former Yugoslav Rep. of Macedonia,MKD,family_planning_support,direct_support
2015,The former Yugoslav Rep. of Macedonia,MKD,abortion_grounds,1|2|3|4|5|6|7
2015,Timor-Leste,TLS,policy_on_fertility_level,lower
2015,Timor-Leste,TLS,family_planning_support,direct_support
2015,Timor-Leste,TLS,abortion_grounds,1
2015,Togo,TGO,policy_on_fertility_level,lower
2015,Togo,TGO,family_planning_support,direct_support
2015,Togo,TGO,abortion_grounds,1|2|3|4|5
2015,Tonga,TON,policy_on_fertility_level,maintain
2015,Tonga,TON,family_planning_support,direct_support
2015,Tonga,TON,abortion_grounds,1
2015,Trinidad and Tobago,TTO,policy_on_fertility_level,maintain
2015,Trinidad and Tobago,TTO,family_planning_support,direct_support
2015,Trinidad and Tobago,TTO,abortion_grounds,1|2|3
2015,Tunisia,TUN,policy_on_fertility_level,lower
2015,Tunisia,TUN,family_planning_support,direct_support
2015,Tunisia,TUN,abortion_grounds,1|2|3|4|5|6|7
2015,Turkey,TUR,policy_on_fertility_level,raise
2015,Turkey,TUR,family_planning_support,direct_support
2015,Turkey,TUR,abortion_grounds,1|2|3|4|5|6|7
2015,Turkmenistan,TKM,policy_on_fertility_level,raise
2015,Turkmenistan,TKM,family_planning_support,direct_support
2015,Turkmenistan,TKM,abortion_grounds,1|2|3|4|5|6|7
2015,Tuvalu,TUV,policy_on_fertility_level,lower
2015,Tuvalu,TUV,family_planning_support,direct_support
2015,Tuvalu,TUV,abortion_grounds,1
2015,Uganda,UGA,policy_on_fertility_level,lower
2015,Uganda,UGA,family_planning_support,direct_support
2015,Uganda,UGA,abortion_grounds,1|2|3|4|5
2015,Ukraine,UKR,policy_on_fertility_level,raise
2015,Ukraine,UKR,family_planning_support,direct_support
2015,Ukraine,UKR,abortion_grounds,1|2|3|4|5|6|7
2015,United Arab Emirates,ARE,policy_on_fertility_level,raise
2015,United Arab Emirates,ARE,family_planning_support,no_support
2015,United Arab Emirates,ARE,abortion_grounds,1|2|3|5
2015,United Kingdom,GBR,policy_on_fertility_level,no_intervention
2015,United Kingdom,GBR,family_planning_support,direct_support
2015,United Kingdom,GBR,abortion_grounds,1|2|3|5|6
2015,United Republic of Tanzania,TZA,policy_on_fertility_level,lower
2015,United Republic of Tanzania,TZA,family_planning_support,direct_support
2015,United Republic of Tanzania,TZA,abortion_grounds,1|2|3
2015,United States of America,USA,policy_on_fertility_level,no_intervention
2015,United States of America,USA,family_planning_support,direct_support
2015,United States of America,USA,abortion_grounds,1|2|3|4|5|6|7
2015,Uruguay,URY,policy_on_fertility_level,no_official_policy
2015,Uruguay,URY,family_planning_support,direct_support
2015,Uruguay,URY,abortion_grounds,1|2|3|4|5|6|7
2015,Uzbekistan,UZB,policy_on_fertility_level,maintain
2015,Uzbekistan,UZB,family_planning_support,direct_support
2015,Uzbekistan,UZB,abortion_grounds,1|2|3|4|5|6|7
2015,Vanuatu,VUT,policy_on_fertility_level,lower
2015,Vanuatu,VUT,family_planning_support,direct_support
2015,Vanuatu,VUT,abortion_grounds,1|2|3
2015,Venezuela (Bolivarian Republic of),,policy_on_fertility_level,no_intervention
2015,Venezuela (Bolivarian Republic of),,family_planning_support,direct_support
2015,Venezuela (Bolivarian Republic of),,abortion_grounds,1
2015,Viet Nam,VNM,policy_on_fertility_level,maintain
2015,Viet Nam,VNM,family_planning_support,direct_support
2015,Viet Nam,VNM,abortion_grounds,1|2|3|4|5|6|7
2015,Yemen,YEM,policy_on_fertility_level,lower
2015,Yemen,YEM,family_planning_support,direct_support
2015,Yemen,YEM,abortion_grounds,1
2015,Zambia,ZMB,policy_on_fertility_level,lower
2015,Zambia,ZMB,family_planning_support,direct_support
2015,Zambia,ZMB,abortion_grounds,1|2|3|5|6
2015,Zimbabwe,ZWE,policy_on_fertility_level,lower
2015,Zimbabwe,ZWE,family_planning_support,direct_support
2015,Zimbabwe,ZWE,abortion_grounds,1|2|4|5
2017,Burundi,BDI,abortion_grounds,life|health|physical_health
2017,Comoros,COM,abortion_grounds,life|health|physical_health|mental_health
2017,Djibouti,DJI,abortion_grounds,life
2017,Eritrea,ERI,abortion_grounds,life|health|physical_health|mental_health|incest|rape|other
2017,Ethiopia,ETH,abortion_grounds,life|health|physical_health|mental_health|incest|rape|fetal_impairment|other
2017,Kenya,KEN,abortion_grounds,life|health|physical_health|mental_health|rape
2017,Madagascar,MDG,abortion_grounds,life
2017,Malawi,MWI,abortion_grounds,life
2017,Mauritius,MUS,abortion_grounds,life|health|physical_health|mental_health|rape|fetal_impairment|other
2017,Mozambique,MOZ,abortion_grounds,life|health|physical_health|mental_health|incest|rape|fetal_impairment|social_economic|on_request
2017,Rwanda,RWA,abortion_grounds,life|health|physical_health|mental_health|incest|rape|fetal_impairment|other
2017,Seychelles,SYC,abortion_grounds,life|health|physical_health|mental_health|incest|rape|fetal_impairment
2017,Somalia,,abortion_grounds,life
2017,South Sudan,SSD,abortion_grounds,life
2017,Uganda,UGA,abortion_grounds,life|health|physical_health|mental_health|incest|rape|fetal_impairment|other
2017,United Republic of Tanzania,TZA,abortion_grounds,life|health|physical_health|mental_health|rape|fetal_impairment
2017,Zambia,ZMB,abortion_grounds,life|health|physical_health|mental_health|rape|fetal_impairment|other
2017,Zimbabwe,ZWE,abortion_grounds,life|health|physical_health|incest|rape|fetal_impairment
2017,Angola,AGO,abortion_grounds,life|health|physical_health|mental_health|incest|rape|fetal_impairment|social_economic|on_request|other
2017,Cameroon,CMR,abortion_grounds,life|health|physical_health|mental_health|rape
2017,Central African Republic,CAF,abortion_grounds,life|incest|rape|fetal_impairment|other
2017,Chad,TCD,abortion_grounds,life|health|physical_health|mental_health|incest|rape|fetal_impairment|other
2017,Congo,,abortion_grounds,life
2017,Democratic Republic of the Congo,,abortion_grounds,life|incest|rape|fetal_impairment
2017,Equatorial Guinea,GNQ,abortion_grounds,life|health|physical_health|mental_health
2017,Gabon,GAB,abortion_grounds,life
2017,Sao Tome and Principe,STP,abortion_grounds,life|health|physical_health|mental_health|incest|rape|fetal_impairment|social_economic|on_request
2017,Algeria,DZA,abortion_grounds,life|health|physical_health|mental_health
2017,Egypt,EGY,abortion_grounds,life|health|physical_health|mental_health
2017,Libya,LBY,abortion_grounds,life
2017,Morocco,MAR,abortion_grounds,life|health|physical_health|mental_health
2017,Sudan,SDN,abortion_grounds,life|rape
2017,Tunisia,TUN,abortion_grounds,life|health|physical_health|mental_health|incest|rape|fetal_impairment|social_economic|on_request
2017,Botswana,BWA,abortion_grounds,life|health|physical_health|mental_health|incest|rape|fetal_impairment
2017,Eswatini,SWZ,abortion_grounds,life|health|physical_health|mental_health|incest|rape|fetal_impairment|other
2017,Lesotho,LSO,abortion_grounds,life|health|physical_health|mental_health|incest|rape|fetal_impairment
2017,Namibia,NAM,abortion_grounds,life|health|physical_health|mental_health|incest|rape|fetal_impairment
2017,South Africa,ZAF,abortion_grounds,life|health|physical_health|mental_health|incest|rape|fetal_impairment|social_economic|on_request
2017,Benin,BEN,abortion_grounds,life|health|physical_health|mental_health|incest|rape|fetal_impairment
2017,Burkina Faso,BFA,abortion_grounds,life|health|physical_health|incest|rape|fetal_impairment
2017,Cabo Verde,CPV,abortion_grounds,life|health|physical_health|mental_health|incest|rape|fetal_impairment|social_economic|on_request|other
2017,Côte d'Ivoire,CIV,abortion_grounds,life|health|physical_health|mental_health|incest|rape|fetal_impairment
2017,Gambia,GMB,abortion_grounds,life|health|physical_health|mental_health|fetal_impairment
2017,Ghana,GHA,abortion_grounds,life|health|physical_health|mental_health|incest|rape|fetal_impairment
2017,Guinea,GIN,abortion_grounds,life|health|physical_health|mental_health|incest|rape|fetal_impairment|other
2017,Guinea-Bissau,GNB,abortion_grounds,life
2017,Liberia,LBR,abortion_grounds,life|health|physical_health|mental_health|incest|rape|fetal_impairment|other
2017,Mali,MLI,abortion_grounds,life|incest|rape
2017,Mauritania,MRT,abortion_grounds,life
2017,Niger,NER,abortion_grounds,life|health|physical_health|mental_health|fetal_impairment
2017,Nigeria,NGA,abortion_grounds,life|health|physical_health|mental_health
2017,Senegal,SEN,abortion_grounds,life
2017,Sierra Leone,SLE,abortion_grounds,life|health|physical_health|mental_health
2017,Togo,TGO,abortion_grounds,life|health|physical_health|incest|rape|fetal_impairment
2017,Kazakhstan,KAZ,abortion_grounds,life|health|physical_health|mental_health|incest|rape|fetal_impairment|social_economic|on_request
2017,Kyrgyzstan,KGZ,abortion_grounds,life|health|physical_health|mental_health|incest|rape|fetal_impairment|social_economic|on_request
2017,Tajikistan,TJK,abortion_grounds,life|health|physical_health|mental_health|incest|rape|fetal_impairment|social_economic|on_request
2017,Turkmenistan,TKM,abortion_grounds,life|health|physical_health|mental_health|incest|rape|fetal_impairment|social_economic|on_request
2017,Uzbekistan,UZB,abortion_grounds,life|health|physical_health|mental_health|incest|rape|fetal_impairment|social_economic|on_request
2017,China,CHN,abortion_grounds,life|health|physical_health|mental_health|incest|rape|fetal_impairment|social_economic|on_request
2017,Dem. People's Republic of Korea,,abortion_grounds,life|health|physical_health|mental_health|incest|rape|fetal_impairment|social_economic|on_request
2017,Japan,JPN,abortion_grounds,life|health|physical_health|mental_health|rape|social_economic
2017,Mongolia,MNG,abortion_grounds,life|health|physical_health|mental_health|incest|rape|fetal_impairment|social_economic|on_request|other
2017,Republic of Korea,KOR,abortion_grounds,life|health|physical_health|mental_health|incest|rape|fetal_impairment|other
2017,Brunei Darussalam,BRN,abortion_grounds,life
2017,Cambodia,KHM,abortion_grounds,life|health|physical_health|mental_health|incest|rape|fetal_impairment|social_economic|on_request
2017,Indonesia,IDN,abortion_grounds,life|rape|fetal_impairment
2017,Lao People's Democratic Republic,,abortion_grounds,life|health|physical_health|mental_health|incest|rape|fetal_impairment|social_economic|on_request
2017,Malaysia,MYS,abortion_grounds,life|health|physical_health|mental_health
2017,Myanmar,MMR,abortion_grounds,life
2017,Philippines,PHL,abortion_grounds,life
2017,Singapore,SGP,abortion_grounds,life|health|physical_health|mental_health|incest|rape|fetal_impairment|social_economic|on_request
2017,Thailand,THA,abortion_grounds,life|health|physical_health|mental_health|rape|fetal_impairment
2017,Timor-Leste,TLS,abortion_grounds,life|health|physical_health|mental_health|fetal_impairment
2017,Viet Nam,VNM,abortion_grounds,life|health|physical_health|mental_health|incest|rape|fetal_impairment|social_economic|on_request
2017,Afghanistan,AFG,abortion_grounds,life
2017,Bangladesh,BGD,abortion_grounds,life|other
2017,Bhutan,BTN,abortion_grounds,life|health|physical_health|mental_health|incest|rape|fetal_impairment
2017,India,IND,abortion_grounds,life|health|physical_health|mental_health|rape|fetal_impairment|social_economic
2017,Iran (Islamic Republic of),,abortion_grounds,life|health|physical_health|mental_health|fetal_impairment
2017,Maldives,MDV,abortion_grounds,life|incest|rape|fetal_impairment
2017,Nepal,NPL,abortion_grounds,life|health|physical_health|mental_health|incest|rape|fetal_impairment|social_economic|on_request
2017,Pakistan,PAK,abortion_grounds,life
2017,Sri Lanka,LKA,abortion_grounds,life
2017,Armenia,ARM,abortion_grounds,life|health|physical_health|mental_health|incest|rape|fetal_impairment|social_economic|on_request
2017,Azerbaijan,AZE,abortion_grounds,life|health|physical_health|mental_health|incest|rape|fetal_impairment|social_economic|on_request
2017,Bahrain,BHR,abortion_grounds,life|health|physical_health|mental_health|incest|rape|fetal_impairment|social_economic|on_request
2017,Cyprus,CYP,abortion_grounds,life|health|physical_health|mental_health|incest|rape|fetal_impairment|social_economic|on_request|other
2017,Georgia,GEO,abortion_grounds,life|health|physical_health|mental_health|incest|rape|fetal_impairment|social_economic|on_request|other
2017,Iraq,IRQ,abortion_grounds,life|fetal_impairment
2017,Israel,ISR,abortion_grounds,life|health|physical_health|mental_health|incest|rape|fetal_impairment|other
2017,Jordan,JOR,abortion_grounds,life|health|physical_health|mental_health
2017,Kuwait,KWT,abortion_grounds,life|health|physical_health|mental_health|fetal_impairment
2017,Lebanon,LBN,abortion_grounds,life
2017,Oman,OMN,abortion_grounds,life
2017,Qatar,QAT,abortion_grounds,life|health|physical_health|mental_health|fetal_impairment
2017,Saudi Arabia,SAU,abortion_grounds,life|health|physical_health|mental_health|other
2017,State of Palestine,,abortion_grounds,life
2017,Syrian Arab Republic,SYR,abortion_grounds,life
2017,Turkey,TUR,abortion_grounds,life|health|physical_health|mental_health|incest|rape|fetal_impairment|social_economic|on_request
2017,United Arab Emirates,ARE,abortion_grounds,life|fetal_impairment
2017,Yemen,YEM,abortion_grounds,life
2017,Belarus,BLR,abortion_grounds,life|health|physical_health|mental_health|incest|rape|fetal_impairment|social_economic|on_request
2017,Bulgaria,BGR,abortion_grounds,life|health|physical_health|mental_health|incest|rape|fetal_impairment|social_economic|on_request|other
2017,Czechia,CZE,abortion_grounds,life|health|physical_health|mental_health|incest|rape|fetal_impairment|social_economic|on_request
2017,Hungary,HUN,abortion_grounds,life|health|physical_health|mental_health|incest|rape|fetal_impairment|social_economic|on_request
2017,Poland,POL,abortion_grounds,life|health|physical_health|mental_health|incest|rape|fetal_impairment
2017,Republic of Moldova,MDA,abortion_grounds,life|health|physical_health|mental_health|incest|rape|fetal_impairment|social_economic|on_request
2017,Romania,ROU,abortion_grounds,life|health|physical_health|mental_health|incest|rape|fetal_impairment|social_economic|on_request
2017,Russian Federation,RUS,abortion_grounds,life|health|physical_health|mental_health|incest|rape|fetal_impairment|social_economic|on_request
2017,Slovakia,SVK,abortion_grounds,life|health|physical_health|mental_health|incest|rape|fetal_impairment|social_economic|on_request|other
2017,Ukraine,UKR,abortion_grounds,life|health|physical_health|mental_health|incest|rape|fetal_impairment|social_economic|on_request|other
2017,Denmark,DNK,abortion_grounds,life|health|physical_health|mental_health|incest|rape|fetal_impairment|social_economic|on_request|other
2017,Estonia,EST,abortion_grounds,life|health|physical_health|mental_health|incest|rape|fetal_impairment|social_economic|on_request|other
2017,Finland,FIN,abortion_grounds,life|health|physical_health|mental_health|incest|rape|fetal_impairment|social_economic|other
2017,Iceland,ISL,abortion_grounds,life|health|physical_health|mental_health|incest|rape|fetal_impairment|social_economic|on_request
2017,Ireland,IRL,abortion_grounds,life|health|physical_health|mental_health|incest|rape|fetal_impairment|social_economic|on_request
2017,Latvia,LVA,abortion_grounds,life|health|physical_health|mental_health|incest|rape|fetal_impairment|social_economic|on_request
2017,Lithuania,LTU,abortion_grounds,life|health|physical_health|mental_health|incest|rape|fetal_impairment|social_economic|on_request
2017,Norway,NOR,abortion_grounds,life|health|physical_health|mental_health|incest|rape|fetal_impairment|social_economic|on_request|other
2017,Sweden,SWE,abortion_grounds,life|health|physical_health|mental_health|incest|rape|fetal_impairment|social_economic|on_request
2017,United Kingdom,GBR,abortion_grounds,life|health|physical_health|mental_health|fetal_impairment|social_economic|other
2017,Albania,ALB,abortion_grounds,life|health|physical_health|mental_health|incest|rape|fetal_impairment|social_economic|on_request
2017,Andorra,AND,abortion_grounds,life
2017,Bosnia and Herzegovina,BIH,abortion_grounds,life|health|physical_health|mental_health|incest|rape|fetal_impairment|social_economic|on_request
2017,Croatia,HRV,abortion_grounds,life|health|physical_health|mental_health|incest|rape|fetal_impairment|social_economic|on_request
2017,Greece,GRC,abortion_grounds,life|health|physical_health|mental_health|incest|rape|fetal_impairment|social_economic|on_request|other
2017,Italy,ITA,abortion_grounds,life|health|physical_health|mental_health|incest|rape|fetal_impairment|social_economic|on_request
2017,Montenegro,MNE,abortion_grounds,life|health|physical_health|mental_health|incest|rape|fetal_impairment|social_economic|on_request|other
2017,North Macedonia,MKD,abortion_grounds,life|health|physical_health|mental_health|incest|rape|fetal_impairment|social_economic|on_request
2017,Portugal,PRT,abortion_grounds,life|health|physical_health|mental_health|incest|rape|fetal_impairment|social_economic|on_request|other
2017,San Marino,SMR,abortion_grounds,life
2017,Serbia,SRB,abortion_grounds,life|health|physical_health|mental_health|incest|rape|fetal_impairment|social_economic|on_request
2017,Slovenia,SVN,abortion_grounds,life|health|physical_health|mental_health|incest|rape|fetal_impairment|social_economic|on_request|other
2017,Spain,ESP,abortion_grounds,life|health|physical_health|mental_health|incest|rape|fetal_impairment|social_economic|on_request
2017,Austria,AUT,abortion_grounds,life|health|physical_health|mental_health|incest|rape|fetal_impairment|social_economic|on_request|other
2017,Belgium,BEL,abortion_grounds,life|health|physical_health|mental_health|incest|rape|fetal_impairment|social_economic|on_request
2017,France,FRA,abortion_grounds,life|health|physical_health|mental_health|incest|rape|fetal_impairment|social_economic|on_request
2017,Germany,DEU,abortion_grounds,life|health|physical_health|mental_health|incest|rape|fetal_impairment|social_economic|on_request
2017,Liechtenstein,LIE,abortion_grounds,life|health|physical_health|mental_health|rape|other
2017,Luxembourg,LUX,abortion_grounds,life|health|physical_health|mental_health|incest|rape|fetal_impairment|social_economic|on_request
2017,Monaco,MCO,abortion_grounds,life|health|physical_health|rape|fetal_impairment
2017,Netherlands,NLD,abortion_grounds,life|health|physical_health|mental_health|incest|rape|fetal_impairment|social_economic|on_request
2017,Switzerland,CHE,abortion_grounds,life|health|physical_health|mental_health|incest|rape|fetal_impairment|social_economic|on_request
2017,Antigua and Barbuda,ATG,abortion_grounds,life
2017,Bahamas,BHS,abortion_grounds,life|health|physical_health|mental_health
2017,Barbados,BRB,abortion_grounds,life|health|physical_health|mental_health|incest|rape|fetal_impairment|social_economic
2017,Cuba,CUB,abortion_grounds,life|health|physical_health|mental_health|incest|rape|fetal_impairment|social_economic|on_request
2017,Dominica,DMA,abortion_grounds,life
2017,Dominican Republic,DOM,abortion_grounds,life
2017,Grenada,GRD,abortion_grounds,life|health|physical_health|mental_health
2017,Haiti,HTI,abortion_grounds,life
2017,Jamaica,JAM,abortion_grounds,life
2017,Saint Kitts and Nevis,KNA,abortion_grounds,life|health|physical_health|mental_health
2017,Saint Lucia,LCA,abortion_grounds,life|health|physical_health|mental_health|incest|rape
2017,Saint Vincent and the Grenadines,VCT,abortion_grounds,life|health|physical_health|mental_health|incest|rape|fetal_impairment
2017,Trinidad and Tobago,TTO,abortion_grounds,life|health|physical_health|mental_health
2017,Belize,BLZ,abortion_grounds,life|health|physical_health|mental_health|fetal_impairment|social_economic
2017,Costa Rica,CRI,abortion_grounds,life|health|physical_health|mental_health
2017,Guatemala,GTM,abortion_grounds,life
2017,Honduras,HND,abortion_grounds,life|health|physical_health|mental_health|rape|fetal_impairment
2017,Mexico,MEX,abortion_grounds,life|health|physical_health|mental_health|incest|rape|fetal_impairment|social_economic|on_request
2017,Panama,PAN,abortion_grounds,life|rape|fetal_impairment
2017,Argentina,ARG,abortion_grounds,life|health|physical_health|mental_health|rape
2017,Bolivia (Plurinational State of),BOL,abortion_grounds,life|health|physical_health|mental_health|incest|rape|fetal_impairment|other
2017,Brazil,BRA,abortion_grounds,life|rape|fetal_impairment
2017,Chile,CHL,abortion_grounds,life|rape|fetal_impairment
2017,Colombia,COL,abortion_grounds,life|health|physical_health|mental_health|incest|rape|fetal_impairment|other
2017,Ecuador,ECU,abortion_grounds,life|health|physical_health|mental_health|rape
2017,Guyana,GUY,abortion_grounds,life|health|physical_health|mental_health|incest|rape|fetal_impairment|social_economic|on_request|other
2017,Paraguay,PRY,abortion_grounds,life
2017,Peru,PER,abortion_grounds,life|health|physical_health|mental_health
2017,Suriname,SUR,abortion_grounds,life
2017,Uruguay,URY,abortion_grounds,life|health|physical_health|mental_health|incest|rape|fetal_impairment|social_economic|on_request
2017,Venezuela (Bolivarian Republic of),,abortion_grounds,life
2017,Canada,CAN,abortion_grounds,life|health|physical_health|mental_health|incest|rape|fetal_impairment|social_economic|on_request
2017,United States of America,USA,abortion_grounds,life|health|physical_health|mental_health|incest|rape|fetal_impairment|social_economic|on_request
2017,Australia,AUS,abortion_grounds,life|health|physical_health|mental_health|incest|rape|fetal_impairment|social_economic|on_request
2017,New Zealand,NZL,abortion_grounds,life|health|physical_health|mental_health|incest|fetal_impairment|other
2017,Fiji,FJI,abortion_grounds,life|health|physical_health|mental_health|incest|rape|fetal_impairment
2017,Papua New Guinea,PNG,abortion_grounds,life|health|physical_health|mental_health
2017,Solomon Islands,SLB,abortion_grounds,life
2017,Vanuatu,VUT,abortion_grounds,life|health|physical_health|mental_health
2017,Kiribati,KIR,abortion_grounds,life
2017,Marshall Islands,MHL,abortion_grounds,life
2017,Micronesia (Fed. States of),,abortion_grounds,life
2017,Nauru,NRU,abortion_grounds,life|health|physical_health|mental_health|incest|rape|fetal_impairment
2017,Palau,PLW,abortion_grounds,life
2017,Cook Islands,,abortion_grounds,life|health|physical_health|mental_health
2017,Niue,,abortion_grounds,life|health|physical_health|mental_health
2017,Samoa,WSM,abortion_grounds,life|health|physical_health|mental_health
2017,Tonga,TON,abortion_grounds,life
2017,Tuvalu,TUV,abortion_grounds,life
2019,Burundi,BDI,policy_on_fertility_level,lower
2019,Burundi,BDI,concern_about_adolescent_fertility,major_concern
2019,Malawi,MWI,policy_on_fertility_level,lower
2019,Malawi,MWI,concern_about_adolescent_fertility,major_concern
2019,Mauritius,MUS,policy_on_fertility_level,raise
2019,Mauritius,MUS,concern_about_adolescent_fertility,major_concern
2019,Mozambique,MOZ,policy_on_fertility_level,lower
2019,Mozambique,MOZ,concern_about_adolescent_fertility,major_concern
2019,Somalia,,policy_on_fertility_level,no_official_policy
2019,Somalia,,concern_about_adolescent_fertility,minor_concern
2019,South Sudan,SSD,policy_on_fertility_level,raise
2019,South Sudan,SSD,concern_about_adolescent_fertility,major_concern
2019,United Republic of Tanzania,TZA,policy_on_fertility_level,maintain_at_current_levels
2019,United Republic of Tanzania,TZA,concern_about_adolescent_fertility,major_concern
2019,Zambia,ZMB,policy_on_fertility_level,lower
2019,Zambia,ZMB,concern_about_adolescent_fertility,major_concern
2019,Angola,AGO,policy_on_fertility_level,lower
2019,Angola,AGO,concern_about_adolescent_fertility,major_concern
2019,Cameroon,CMR,policy_on_fertility_level,lower
2019,Cameroon,CMR,concern_about_adolescent_fertility,major_concern
2019,Central African Republic,CAF,policy_on_fertility_level,no_official_policy
2019,Central African Republic,CAF,concern_about_adolescent_fertility,major_concern
2019,Chad,TCD,policy_on_fertility_level,lower
2019,Chad,TCD,concern_about_adolescent_fertility,major_concern
2019,Congo,,policy_on_fertility_level,no_official_policy
2019,Congo,,concern_about_adolescent_fertility,minor_concern
2019,Democratic Republic of the Congo,,policy_on_fertility_level,lower
2019,Democratic Republic of the Congo,,concern_about_adolescent_fertility,major_concern
2019,Equatorial Guinea,GNQ,policy_on_fertility_level,lower
2019,Equatorial Guinea,GNQ,concern_about_adolescent_fertility,major_concern
2019,Gabon,GAB,policy_on_fertility_level,raise
2019,Gabon,GAB,concern_about_adolescent_fertility,major_concern
2019,Sao Tome and Principe,STP,policy_on_fertility_level,no_official_policy
2019,Sao Tome and Principe,STP,concern_about_adolescent_fertility,major_concern
2019,Egypt,EGY,policy_on_fertility_level,lower
2019,Egypt,EGY,concern_about_adolescent_fertility,major_concern
2019,Libya,LBY,policy_on_fertility_level,no_official_policy
2019,Libya,LBY,concern_about_adolescent_fertility,..
2019,Sudan,SDN,policy_on_fertility_level,no_official_policy
2019,Sudan,SDN,concern_about_adolescent_fertility,not_a_concern
2019,Tunisia,TUN,policy_on_fertility_level,maintain_at_current_levels
2019,Tunisia,TUN,concern_about_adolescent_fertility,major_concern
2019,Botswana,BWA,policy_on_fertility_level,maintain_at_current_levels
2019,Botswana,BWA,concern_about_adolescent_fertility,major_concern
2019,Namibia,NAM,policy_on_fertility_level,no_official_policy
2019,Namibia,NAM,concern_about_adolescent_fertility,major_concern
2019,South Africa,ZAF,policy_on_fertility_level,no_official_policy
2019,South Africa,ZAF,concern_about_adolescent_fertility,major_concern
2019,Benin,BEN,policy_on_fertility_level,lower
2019,Benin,BEN,concern_about_adolescent_fertility,major_concern
2019,Burkina Faso,BFA,policy_on_fertility_level,lower
2019,Burkina Faso,BFA,concern_about_adolescent_fertility,major_concern
2019,Côte d'Ivoire,CIV,policy_on_fertility_level,lower
2019,Côte d'Ivoire,CIV,concern_about_adolescent_fertility,major_concern
2019,Gambia,GMB,policy_on_fertility_level,lower
2019,Gambia,GMB,concern_about_adolescent_fertility,major_concern
2019,Guinea,GIN,policy_on_fertility_level,lower
2019,Guinea,GIN,concern_about_adolescent_fertility,major_concern
2019,Guinea-Bissau,GNB,policy_on_fertility_level,..
2019,Guinea-Bissau,GNB,concern_about_adolescent_fertility,..
2019,Liberia,LBR,policy_on_fertility_level,no_official_policy
2019,Liberia,LBR,concern_about_adolescent_fertility,major_concern
2019,Mali,MLI,policy_on_fertility_level,lower
2019,Mali,MLI,concern_about_adolescent_fertility,major_concern
2019,Mauritania,MRT,policy_on_fertility_level,lower
2019,Mauritania,MRT,concern_about_adolescent_fertility,minor_concern
2019,Niger,NER,policy_on_fertility_level,lower
2019,Niger,NER,concern_about_adolescent_fertility,major_concern
2019,Nigeria,NGA,policy_on_fertility_level,lower
2019,Nigeria,NGA,concern_about_adolescent_fertility,major_concern
2019,Senegal,SEN,policy_on_fertility_level,lower
2019,Senegal,SEN,concern_about_adolescent_fertility,major_concern
2019,Sierra Leone,SLE,policy_on_fertility_level,lower
2019,Sierra Leone,SLE,concern_about_adolescent_fertility,major_concern
2019,Togo,TGO,policy_on_fertility_level,lower
2019,Togo,TGO,concern_about_adolescent_fertility,major_concern
2019,Kazakhstan,KAZ,policy_on_fertility_level,raise
2019,Kazakhstan,KAZ,concern_about_adolescent_fertility,major_concern
2019,Kyrgyzstan,KGZ,policy_on_fertility_level,raise
2019,Kyrgyzstan,KGZ,concern_about_adolescent_fertility,major_concern
2019,Uzbekistan,UZB,policy_on_fertility_level,no_official_policy
2019,Uzbekistan,UZB,concern_about_adolescent_fertility,not_a_concern
2019,China,CHN,policy_on_fertility_level,raise
2019,China,CHN,concern_about_adolescent_fertility,major_concern
2019,Dem. People's Republic of Korea,,policy_on_fertility_level,raise
2019,Dem. People's Republic of Korea,,concern_about_adolescent_fertility,major_concern
2019,Japan,JPN,policy_on_fertility_level,raise
2019,Japan,JPN,concern_about_adolescent_fertility,..
2019,Cambodia,KHM,policy_on_fertility_level,no_official_policy
2019,Cambodia,KHM,concern_about_adolescent_fertility,major_concern
2019,Lao People's Democratic Republic,,policy_on_fertility_level,no_official_policy
2019,Lao People's Democratic Republic,,concern_about_adolescent_fertility,major_concern
2019,Malaysia,MYS,policy_on_fertility_level,no_official_policy
2019,Malaysia,MYS,concern_about_adolescent_fertility,minor_concern
2019,Myanmar,MMR,policy_on_fertility_level,no_official_policy
2019,Myanmar,MMR,concern_about_adolescent_fertility,minor_concern
2019,Philippines,PHL,policy_on_fertility_level,lower
2019,Philippines,PHL,concern_about_adolescent_fertility,major_concern
2019,Viet Nam,VNM,policy_on_fertility_level,maintain_at_current_levels
2019,Viet Nam,VNM,concern_about_adolescent_fertility,minor_concern
2019,Afghanistan,AFG,policy_on_fertility_level,lower
2019,Afghanistan,AFG,concern_about_adolescent_fertility,major_concern
2019,Bangladesh,BGD,policy_on_fertility_level,lower
2019,Bangladesh,BGD,concern_about_adolescent_fertility,major_concern
2019,India,IND,policy_on_fertility_level,lower
2019,India,IND,concern_about_adolescent_fertility,minor_concern
2019,Iran (Islamic Republic of),,policy_on_fertility_level,raise
2019,Iran (Islamic Republic of),,concern_about_adolescent_fertility,not_a_concern
2019,Maldives,MDV,policy_on_fertility_level,no_official_policy
2019,Maldives,MDV,concern_about_adolescent_fertility,minor_concern
2019,Nepal,NPL,policy_on_fertility_level,lower
2019,Nepal,NPL,concern_about_adolescent_fertility,major_concern
2019,Pakistan,PAK,policy_on_fertility_level,lower
2019,Pakistan,PAK,concern_about_adolescent_fertility,major_concern
2019,Sri Lanka,LKA,policy_on_fertility_level,no_official_policy
2019,Sri Lanka,LKA,concern_about_adolescent_fertility,major_concern
2019,Armenia,ARM,policy_on_fertility_level,raise
2019,Armenia,ARM,concern_about_adolescent_fertility,major_concern
2019,Georgia,GEO,policy_on_fertility_level,raise
2019,Georgia,GEO,concern_about_adolescent_fertility,major_concern
2019,Iraq,IRQ,policy_on_fertility_level,no_official_policy
2019,Iraq,IRQ,concern_about_adolescent_fertility,minor_concern
2019,Saudi Arabia,SAU,policy_on_fertility_level,..
2019,Saudi Arabia,SAU,concern_about_adolescent_fertility,minor_concern
2019,State of Palestine,,policy_on_fertility_level,no_official_policy
2019,State of Palestine,,concern_about_adolescent_fertility,not_a_concern
2019,Syrian Arab Republic,SYR,policy_on_fertility_level,lower
2019,Syrian Arab Republic,SYR,concern_about_adolescent_fertility,major_concern
2019,Turkey,TUR,policy_on_fertility_level,raise
2019,Turkey,TUR,concern_about_adolescent_fertility,major_concern
2019,Yemen,YEM,policy_on_fertility_level,lower
2019,Yemen,YEM,concern_about_adolescent_fertility,major_concern
2019,Belarus,BLR,policy_on_fertility_level,raise
2019,Belarus,BLR,concern_about_adolescent_fertility,not_a_concern
2019,Czechia,CZE,policy_on_fertility_level,no_official_policy
2019,Czechia,CZE,concern_about_adolescent_fertility,not_a_concern
2019,Republic of Moldova,MDA,policy_on_fertility_level,raise
2019,Republic of Moldova,MDA,concern_about_adolescent_fertility,major_concern
2019,Romania,ROU,policy_on_fertility_level,..
2019,Romania,ROU,concern_about_adolescent_fertility,..
2019,Russian Federation,RUS,policy_on_fertility_level,raise
2019,Russian Federation,RUS,concern_about_adolescent_fertility,minor_concern
2019,Ukraine,UKR,policy_on_fertility_level,raise
2019,Ukraine,UKR,concern_about_adolescent_fertility,minor_concern
2019,Denmark,DNK,policy_on_fertility_level,no_official_policy
2019,Denmark,DNK,concern_about_adolescent_fertility,not_a_concern
2019,Finland,FIN,policy_on_fertility_level,raise
2019,Finland,FIN,concern_about_adolescent_fertility,not_a_concern
2019,Latvia,LVA,policy_on_fertility_level,raise
2019,Latvia,LVA,concern_about_adolescent_fertility,minor_concern
2019,Lithuania,LTU,policy_on_fertility_level,raise
2019,Lithuania,LTU,concern_about_adolescent_fertility,minor_concern
2019,Sweden,SWE,policy_on_fertility_level,no_official_policy
2019,Sweden,SWE,concern_about_adolescent_fertility,not_a_concern
2019,United Kingdom,GBR,policy_on_fertility_level,no_official_policy
2019,United Kingdom,GBR,concern_about_adolescent_fertility,minor_concern
2019,Albania,ALB,policy_on_fertility_level,raise
2019,Albania,ALB,concern_about_adolescent_fertility,major_concern
2019,Greece,GRC,policy_on_fertility_level,..
2019,Greece,GRC,concern_about_adolescent_fertility,..
2019,Malta,MLT,policy_on_fertility_level,raise
2019,Malta,MLT,concern_about_adolescent_fertility,minor_concern
2019,Montenegro,MNE,policy_on_fertility_level,lower
2019,Montenegro,MNE,concern_about_adolescent_fertility,major_concern
2019,Serbia,SRB,policy_on_fertility_level,raise
2019,Serbia,SRB,concern_about_adolescent_fertility,major_concern
2019,Slovenia,SVN,policy_on_fertility_level,no_official_policy
2019,Slovenia,SVN,concern_about_adolescent_fertility,not_a_concern
2019,Belgium,BEL,policy_on_fertility_level,maintain_at_current_levels
2019,Belgium,BEL,concern_about_adolescent_fertility,minor_concern
2019,Germany,DEU,policy_on_fertility_level,no_official_policy
2019,Germany,DEU,concern_about_adolescent_fertility,not_a_concern
2019,Netherlands,NLD,policy_on_fertility_level,no_official_policy
2019,Netherlands,NLD,concern_about_adolescent_fertility,not_a_concern
2019,Switzerland,CHE,policy_on_fertility_level,no_official_policy
2019,Switzerland,CHE,concern_about_adolescent_fertility,not_a_concern
2019,Antigua and Barbuda,ATG,policy_on_fertility_level,no_official_policy
2019,Antigua and Barbuda,ATG,concern_about_adolescent_fertility,minor_concern
2019,Barbados,BRB,policy_on_fertility_level,no_official_policy
2019,Barbados,BRB,concern_about_adolescent_fertility,minor_concern
2019,Haiti,HTI,policy_on_fertility_level,lower
2019,Haiti,HTI,concern_about_adolescent_fertility,major_concern
2019,Saint Lucia,LCA,policy_on_fertility_level,no_official_policy
2019,Saint Lucia,LCA,concern_about_adolescent_fertility,major_concern
2019,Saint Vincent and the Grenadines,VCT,policy_on_fertility_level,no_official_policy
2019,Saint Vincent and the Grenadines,VCT,concern_about_adolescent_fertility,major_concern
2019,Trinidad and Tobago,TTO,policy_on_fertility_level,maintain_at_current_levels
2019,Trinidad and Tobago,TTO,concern_about_adolescent_fertility,major_concern
2019,Belize,BLZ,policy_on_fertility_level,no_official_policy
2019,Belize,BLZ,concern_about_adolescent_fertility,major_concern
2019,Costa Rica,CRI,policy_on_fertility_level,no_official_policy
2019,Costa Rica,CRI,concern_about_adolescent_fertility,major_concern
2019,El Salvador,SLV,policy_on_fertility_level,lower
2019,El Salvador,SLV,concern_about_adolescent_fertility,major_concern
2019,Guatemala,GTM,policy_on_fertility_level,no_official_policy
2019,Guatemala,GTM,concern_about_adolescent_fertility,major_concern
2019,Honduras,HND,policy_on_fertility_level,no_official_policy
2019,Honduras,HND,concern_about_adolescent_fertility,major_concern
2019,Mexico,MEX,policy_on_fertility_level,lower
2019,Mexico,MEX,concern_about_adolescent_fertility,major_concern
2019,Colombia,COL,policy_on_fertility_level,maintain_at_current_levels
2019,Colombia,COL,concern_about_adolescent_fertility,major_concern
2019,Guyana,GUY,policy_on_fertility_level,raise
2019,Guyana,GUY,concern_about_adolescent_fertility,major_concern
2019,Peru,PER,policy_on_fertility_level,lower
2019,Peru,PER,concern_about_adolescent_fertility,major_concern
2019,Suriname,SUR,policy_on_fertility_level,no_official_policy
2019,Suriname,SUR,concern_about_adolescent_fertility,major_concern
2019,Uruguay,URY,policy_on_fertility_level,no_official_policy
2019,Uruguay,URY,concern_about_adolescent_fertility,major_concern
2019,Australia,AUS,policy_on_fertility_level,no_official_policy
2019,Australia,AUS,concern_about_adolescent_fertility,minor_concern
2019,New Zealand,NZL,policy_on_fertility_level,no_official_policy
2019,New Zealand,NZL,concern_about_adolescent_fertility,not_a_concern
2019,Burundi,BDI,family_planning_support,direct_support
2019,Malawi,MWI,family_planning_support,direct_support
2019,Mauritius,MUS,family_planning_support,direct_support
2019,Mozambique,MOZ,family_planning_support,direct_support
2019,Somalia,,family_planning_support,direct_support
2019,South Sudan,SSD,family_planning_support,direct_support
2019,United Republic of Tanzania,TZA,family_planning_support,direct_support
2019,Zambia,ZMB,family_planning_support,direct_support
2019,Angola,AGO,family_planning_support,direct_support
2019,Cameroon,CMR,family_planning_support,direct_support
2019,Central African Republic,CAF,family_planning_support,direct_support
2019,Chad,TCD,family_planning_support,direct_support
2019,Congo,,family_planning_support,direct_support
2019,Democratic Republic of the Congo,,family_planning_support,no_support
2019,Equatorial Guinea,GNQ,family_planning_support,direct_support
2019,Gabon,GAB,family_planning_support,direct_support
2019,Sao Tome and Principe,STP,family_planning_support,direct_support
2019,Egypt,EGY,family_planning_support,direct_support
2019,Libya,LBY,family_planning_support,no_support
2019,Sudan,SDN,family_planning_support,no_support
2019,Tunisia,TUN,family_planning_support,direct_support
2019,Botswana,BWA,family_planning_support,direct_support
2019,Namibia,NAM,family_planning_support,direct_support
2019,South Africa,ZAF,family_planning_support,direct_support
2019,Benin,BEN,family_planning_support,direct_support
2019,Burkina Faso,BFA,family_planning_support,direct_support
2019,Côte d'Ivoire,CIV,family_planning_support,direct_support
2019,Gambia,GMB,family_planning_support,direct_support
2019,Guinea,GIN,family_planning_support,direct_support
2019,Guinea-Bissau,GNB,family_planning_support,no_support
2019,Liberia,LBR,family_planning_support,no_support
2019,Mali,MLI,family_planning_support,direct_support
2019,Mauritania,MRT,family_planning_support,direct_support
2019,Niger,NER,family_planning_support,direct_support
2019,Nigeria,NGA,family_planning_support,direct_support
2019,Senegal,SEN,family_planning_support,direct_support
2019,Sierra Leone,SLE,family_planning_support,direct_support
2019,Togo,TGO,family_planning_support,direct_support
2019,Kazakhstan,KAZ,family_planning_support,no_support
2019,Kyrgyzstan,KGZ,family_planning_support,direct_support
2019,Uzbekistan,UZB,family_planning_support,direct_support
2019,China,CHN,family_planning_support,direct_support
2019,Dem. People's Republic of Korea,,family_planning_support,direct_support
2019,Japan,JPN,family_planning_support,no_support
2019,Cambodia,KHM,family_planning_support,direct_support
2019,Lao People's Democratic Republic,,family_planning_support,direct_support
2019,Malaysia,MYS,family_planning_support,direct_support
2019,Myanmar,MMR,family_planning_support,direct_support
2019,Philippines,PHL,family_planning_support,direct_support
2019,Viet Nam,VNM,family_planning_support,direct_support
2019,Afghanistan,AFG,family_planning_support,direct_support
2019,Bangladesh,BGD,family_planning_support,direct_support
2019,India,IND,family_planning_support,direct_support
2019,Iran (Islamic Republic of),,family_planning_support,direct_support
2019,Maldives,MDV,family_planning_support,direct_support
2019,Nepal,NPL,family_planning_support,direct_support
2019,Pakistan,PAK,family_planning_support,direct_support
2019,Sri Lanka,LKA,family_planning_support,direct_support
2019,Armenia,ARM,family_planning_support,direct_support
2019,Georgia,GEO,family_planning_support,no_support
2019,Iraq,IRQ,family_planning_support,no_support
2019,Saudi Arabia,SAU,family_planning_support,direct_support
2019,State of Palestine,,family_planning_support,direct_support
2019,Syrian Arab Republic,SYR,family_planning_support,direct_support
2019,Turkey,TUR,family_planning_support,..
2019,Yemen,YEM,family_planning_support,direct_support
2019,Belarus,BLR,family_planning_support,direct_support
2019,Czechia,CZE,family_planning_support,no_support
2019,Republic of Moldova,MDA,family_planning_support,direct_support
2019,Romania,ROU,family_planning_support,..
2019,Russian Federation,RUS,family_planning_support,no_support
2019,Ukraine,UKR,family_planning_support,direct_support
2019,Denmark,DNK,family_planning_support,direct_support
2019,Finland,FIN,family_planning_support,no_support
2019,Latvia,LVA,family_planning_support,no_support
2019,Lithuania,LTU,family_planning_support,direct_support
2019,Sweden,SWE,family_planning_support,direct_support
2019,United Kingdom,GBR,family_planning_support,direct_support
2019,Albania,ALB,family_planning_support,direct_support
2019,Greece,GRC,family_planning_support,..
2019,Malta,MLT,family_planning_support,no_support
2019,Montenegro,MNE,family_planning_support,no_support
2019,Serbia,SRB,family_planning_support,no_support
2019,Slovenia,SVN,family_planning_support,direct_support
2019,Belgium,BEL,family_planning_support,no_support
2019,Germany,DEU,family_planning_support,no_support
2019,Netherlands,NLD,family_planning_support,no_support
2019,Switzerland,CHE,family_planning_support,no_support
2019,Antigua and Barbuda,ATG,family_planning_support,direct_support
2019,Barbados,BRB,family_planning_support,direct_support
2019,Haiti,HTI,family_planning_support,direct_support
2019,Saint Lucia,LCA,family_planning_support,direct_support
2019,Saint Vincent and the Grenadines,VCT,family_planning_support,direct_support
2019,Trinidad and Tobago,TTO,family_planning_support,direct_support
2019,Belize,BLZ,family_planning_support,direct_support
2019,Costa Rica,CRI,family_planning_support,..
2019,El Salvador,SLV,family_planning_support,direct_support
2019,Guatemala,GTM,family_planning_support,direct_support
2019,Honduras,HND,family_planning_support,no_support
2019,Mexico,MEX,family_planning_support,direct_support
2019,Colombia,COL,family_planning_support,direct_support
2019,Guyana,GUY,family_planning_support,direct_support
2019,Peru,PER,family_planning_support,direct_support
2019,Suriname,SUR,family_planning_support,direct_support
2019,Uruguay,URY,family_planning_support,direct_support
2019,Australia,AUS,family_planning_support,no_support
2019,New Zealand,NZL,family_planning_support,no_support
2019,Burundi,BDI,abortion_grounds,life|physical_health|fetal_impairment
2019,Malawi,MWI,abortion_grounds,life|physical_health
2019,Mauritius,MUS,abortion_grounds,life|physical_health|mental_health|rape|incest|fetal_impairment
2019,Mozambique,MOZ,abortion_grounds,life|physical_health|mental_health|rape|fetal_impairment
2019,Somalia,,abortion_grounds,life
2019,South Sudan,SSD,abortion_grounds,life|physical_health|mental_health|rape|incest|fetal_impairment|on_request
2019,United Republic of Tanzania,TZA,abortion_grounds,life|fetal_impairment
2019,Zambia,ZMB,abortion_grounds,life|physical_health|mental_health|rape|fetal_impairment
2019,Angola,AGO,abortion_grounds,life|physical_health|rape|incest|fetal_impairment|social_economic|on_request
2019,Cameroon,CMR,abortion_grounds,life|physical_health|mental_health|incest
2019,Central African Republic,CAF,abortion_grounds,life|physical_health|mental_health|rape|incest|fetal_impairment
2019,Chad,TCD,abortion_grounds,life|physical_health|mental_health|rape|incest|fetal_impairment
2019,Congo,,abortion_grounds,life|physical_health|mental_health|fetal_impairment
2019,Democratic Republic of the Congo,,abortion_grounds,life|mental_health|rape|incest|fetal_impairment
2019,Equatorial Guinea,GNQ,abortion_grounds,life|physical_health|incest|fetal_impairment
2019,Gabon,GAB,abortion_grounds,life|physical_health|rape|incest|fetal_impairment|social_economic|on_request
2019,Sao Tome and Principe,STP,abortion_grounds,life|physical_health|mental_health|rape|fetal_impairment|on_request
2019,Egypt,EGY,abortion_grounds,life|fetal_impairment
2019,Sudan,SDN,abortion_grounds,life
2019,Tunisia,TUN,abortion_grounds,life|physical_health|mental_health|fetal_impairment
2019,Botswana,BWA,abortion_grounds,rape|incest|fetal_impairment
2019,Namibia,NAM,abortion_grounds,life|physical_health|mental_health|rape|incest|fetal_impairment
2019,South Africa,ZAF,abortion_grounds,life|physical_health|mental_health|rape|incest|fetal_impairment|social_economic|on_request
2019,Benin,BEN,abortion_grounds,life|physical_health|mental_health|rape|incest|fetal_impairment
2019,Burkina Faso,BFA,abortion_grounds,life|rape|incest|fetal_impairment
2019,Côte d'Ivoire,CIV,abortion_grounds,life|physical_health|fetal_impairment
2019,Gambia,GMB,abortion_grounds,life|physical_health|rape|fetal_impairment
2019,Guinea,GIN,abortion_grounds,life|physical_health|mental_health|rape|incest|fetal_impairment|social_economic|on_request
2019,Guinea-Bissau,GNB,abortion_grounds,life|physical_health|rape|fetal_impairment
2019,Mali,MLI,abortion_grounds,life|physical_health|mental_health|rape|incest|fetal_impairment
2019,Mauritania,MRT,abortion_grounds,life
2019,Niger,NER,abortion_grounds,life
2019,Nigeria,NGA,abortion_grounds,life|physical_health|mental_health|fetal_impairment
2019,Senegal,SEN,abortion_grounds,life|fetal_impairment
2019,Sierra Leone,SLE,abortion_grounds,life|physical_health|mental_health|rape|fetal_impairment
2019,Togo,TGO,abortion_grounds,life|physical_health|rape|incest|fetal_impairment
2019,Kazakhstan,KAZ,abortion_grounds,life|physical_health|mental_health|rape|incest|fetal_impairment|social_economic|on_request
2019,Kyrgyzstan,KGZ,abortion_grounds,life|physical_health|rape|incest|fetal_impairment|social_economic|on_request
2019,Uzbekistan,UZB,abortion_grounds,life|physical_health|rape|fetal_impairment|social_economic|on_request
2019,China,CHN,abortion_grounds,life|physical_health|rape|fetal_impairment
2019,Dem. People's Republic of Korea,,abortion_grounds,life|physical_health|mental_health|rape|incest|fetal_impairment|social_economic|on_request
2019,Japan,JPN,abortion_grounds,life|physical_health|rape|social_economic
2019,Cambodia,KHM,abortion_grounds,life|physical_health|mental_health|rape|fetal_impairment
2019,Lao People's Democratic Republic,,abortion_grounds,life|physical_health|mental_health|rape|incest|fetal_impairment|social_economic|on_request
2019,Malaysia,MYS,abortion_grounds,life|physical_health|mental_health|rape
2019,Myanmar,MMR,abortion_grounds,life
2019,Viet Nam,VNM,abortion_grounds,life|physical_health|mental_health|rape|incest|fetal_impairment|social_economic|on_request
2019,Afghanistan,AFG,abortion_grounds,life|fetal_impairment
2019,Bangladesh,BGD,abortion_grounds,life|physical_health
2019,India,IND,abortion_grounds,life|physical_health|mental_health|rape|incest|fetal_impairment
2019,Iran (Islamic Republic of),,abortion_grounds,life|physical_health|mental_health|fetal_impairment
2019,Maldives,MDV,abortion_grounds,life|physical_health|fetal_impairment
2019,Nepal,NPL,abortion_grounds,life|physical_health|mental_health|rape|incest|fetal_impairment
2019,Pakistan,PAK,abortion_grounds,life
2019,Sri Lanka,LKA,abortion_grounds,life
2019,Armenia,ARM,abortion_grounds,life|physical_health|mental_health|rape|incest|fetal_impairment|on_request
2019,Georgia,GEO,abortion_grounds,life|physical_health|mental_health|rape|fetal_impairment|social_economic|on_request
2019,Iraq,IRQ,abortion_grounds,life
2019,State of Palestine,,abortion_grounds,life
2019,Syrian Arab Republic,SYR,abortion_grounds,life|fetal_impairment
2019,Turkey,TUR,abortion_grounds,life|physical_health|rape|fetal_impairment
2019,Yemen,YEM,abortion_grounds,life|fetal_impairment
2019,Belarus,BLR,abortion_grounds,life|physical_health|rape|incest|fetal_impairment|social_economic|on_request
2019,Czechia,CZE,abortion_grounds,life|physical_health|mental_health|rape|incest|fetal_impairment|social_economic|on_request
2019,Republic of Moldova,MDA,abortion_grounds,life|physical_health|mental_health|rape|incest|fetal_impairment|social_economic|on_request
2019,Russian Federation,RUS,abortion_grounds,life|physical_health|mental_health|rape|incest|fetal_impairment|social_economic|on_request
2019,Ukraine,UKR,abortion_grounds,life|physical_health|mental_health|rape|incest|fetal_impairment|social_economic|on_request
2019,Denmark,DNK,abortion_grounds,life|physical_health|mental_health|rape|incest|fetal_impairment|social_economic|on_request
2019,Finland,FIN,abortion_grounds,life|physical_health|mental_health|rape|incest|fetal_impairment|social_economic|on_request
2019,Latvia,LVA,abortion_grounds,life|physical_health|mental_health|rape|incest|fetal_impairment|social_economic|on_request
2019,Lithuania,LTU,abortion_grounds,life|physical_health|rape|fetal_impairment
2019,Sweden,SWE,abortion_grounds,life|physical_health|mental_health|rape|incest|fetal_impairment|social_economic|on_request
2019,United Kingdom,GBR,abortion_grounds,life|physical_health|mental_health
2019,Albania,ALB,abortion_grounds,life|physical_health|mental_health|rape|incest|fetal_impairment|social_economic|on_request
2019,Greece,GRC,abortion_grounds,life|physical_health|rape|fetal_impairment
2019,Montenegro,MNE,abortion_grounds,life|physical_health|mental_health|rape|incest|fetal_impairment
2019,Serbia,SRB,abortion_grounds,life|physical_health|mental_health|rape|incest|fetal_impairment|on_request
2019,Slovenia,SVN,abortion_grounds,life|physical_health|fetal_impairment|on_request
2019,Belgium,BEL,abortion_grounds,life|physical_health|mental_health|rape|incest|fetal_impairment|social_economic|on_request
2019,Germany,DEU,abortion_grounds,life|physical_health|mental_health|rape|on_request
2019,Netherlands,NLD,abortion_grounds,life|physical_health|mental_health|rape|incest|fetal_impairment|social_economic|on_request
2019,Switzerland,CHE,abortion_grounds,life|physical_health|mental_health
2019,Barbados,BRB,abortion_grounds,life|physical_health|mental_health|rape|incest|fetal_impairment|social_economic|on_request
2019,Saint Lucia,LCA,abortion_grounds,life|physical_health|mental_health|rape|incest
2019,Saint Vincent and the Grenadines,VCT,abortion_grounds,life|physical_health|mental_health|fetal_impairment
2019,Trinidad and Tobago,TTO,abortion_grounds,life|physical_health|mental_health
2019,Belize,BLZ,abortion_grounds,life|physical_health|mental_health|fetal_impairment|social_economic
2019,Costa Rica,CRI,abortion_grounds,life|physical_health
2019,Guatemala,GTM,abortion_grounds,life
2019,Mexico,MEX,abortion_grounds,life|physical_health|rape|fetal_impairment|social_economic|on_request
2019,Colombia,COL,abortion_grounds,life|physical_health|mental_health|rape|incest|fetal_impairment
2019,Guyana,GUY,abortion_grounds,life|physical_health|mental_health|rape|incest|fetal_impairment|on_request
2019,Peru,PER,abortion_grounds,life|physical_health|mental_health
2019,Uruguay,URY,abortion_grounds,life|physical_health|mental_health|rape|incest|fetal_impairment|social_economic|on_request
2019,Australia,AUS,abortion_grounds,life|fetal_impairment
2019,New Zealand,NZL,abortion_grounds,life|physical_health|mental_health|incest|fetal_impairment
