country_iso3,year,source,event_category,event_subtype,title,summary,mechanism,policy_direction,confidence,tags,url
AFG,2011,un_wpp,population_policy,official_orientation,Population policy orientation changed,Population policy orientation changed from 'No intervention' to 'Lower'.,This may affect how the state approaches fertility trends and demographic goals.,anti_natal,0.8,"[""policy_on_fertility_level"", ""population_policy""]",
AFG,2003,un_wpp,population_policy,government_view,Government view on fertility level changed,Government view on fertility level changed from 'Too high' to 'Satisfactory'.,This may reflect a shift in how fertility trends are evaluated by the government.,unknown,0.8,"[""view_on_fertility_level"", ""population_policy""]",
AFG,2005,un_wpp,population_policy,government_view,Government view on fertility level changed,Government view on fertility level changed from 'Satisfactory' to 'Too high'.,This may reflect a shift in how fertility trends are evaluated by the government.,unknown,0.8,"[""view_on_fertility_level"", ""population_policy""]",
AFG,2003,un_wpp,family_planning,government_support,Family planning support changed,Family planning support changed from 'Direct support' to 'Indirect support'.,This may affect access to family planning services and reproductive choices.,restrictive,0.8,"[""family_planning_support"", ""family_planning""]",
AFG,2005,un_wpp,family_planning,government_support,Family planning support changed,Family planning support changed from 'Indirect support' to 'Direct support'.,This may affect access to family planning services and reproductive choices.,expansive,0.8,"[""family_planning_support"", ""family_planning""]",
ALB,2003,un_wpp,reproductive_health,adolescent_fertility_policy,Adolescent fertility policy changed,Policies to reduce adolescent fertility changed from 'No' to 'Yes'.,This may affect reproductive health interventions targeting adolescents.,unknown,0.8,"[""policies_reduce_adolescent_fertility"", ""reproductive_health""]",
DZA,1986,un_wpp,population_policy,official_orientation,Population policy orientation changed,Population policy orientation changed from 'No intervention' to 'Lower'.,This may affect how the state approaches fertility trends and demographic goals.,anti_natal,0.8,"[""policy_on_fertility_level"", ""population_policy""]",
DZA,1986,un_wpp,population_policy,government_view,Government view on fertility level changed,Government view on fertility level changed from 'Satisfactory' to 'Too high'.,This may reflect a shift in how fertility trends are evaluated by the government.,unknown,0.8,"[""view_on_fertility_level"", ""population_policy""]",
DZA,2001,un_wpp,abortion,legal_grounds,Abortion policy changed,"Legal grounds for abortion changed from '1,2,3,4' to '1,2,3'.",This may affect legal access to abortion and reproductive autonomy.,restrictive,0.8,"[""abortion_grounds"", ""abortion""]",
DZA,2013,un_wpp,gender_reproductive_rights,domestic_violence_policy,Domestic violence policy changed,"Domestic violence policy changed from '1' to '1,2'.",This may reflect broader reproductive rights and protection policies.,unknown,0.8,"[""domestic_violence_policies"", ""gender_reproductive_rights""]",
DZA,2001,un_wpp,reproductive_health,adolescent_fertility_concern,Concern about adolescent fertility changed,Concern about adolescent fertility changed from 'Not a concern' to 'Minor concern'.,This may influence reproductive health priorities for adolescents.,unknown,0.8,"[""concern_about_adolescent_fertility"", ""reproductive_health""]",
DZA,2013,un_wpp,reproductive_health,adolescent_fertility_concern,Concern about adolescent fertility changed,Concern about adolescent fertility changed from 'Minor concern' to 'Major concern'.,This may influence reproductive health priorities for adolescents.,unknown,0.8,"[""concern_about_adolescent_fertility"", ""reproductive_health""]",
DZA,2013,un_wpp,reproductive_health,adolescent_fertility_policy,Adolescent fertility policy changed,Policies to reduce adolescent fertility changed from 'No' to 'Yes'.,This may affect reproductive health interventions targeting adolescents.,unknown,0.8,"[""policies_reduce_adolescent_fertility"", ""reproductive_health""]",
AND,2001,un_wpp,abortion,legal_grounds,Abortion policy changed,Legal grounds for abortion changed from 'Not permitted' to '1'.,This may affect legal access to abortion and reproductive autonomy.,unknown,0.8,"[""abortion_grounds"", ""abortion""]",
AND,2003,un_wpp,reproductive_health,adolescent_fertility_policy,Adolescent fertility policy changed,Policies to reduce adolescent fertility changed from 'No' to 'Yes'.,This may affect reproductive health interventions targeting adolescents.,unknown,0.8,"[""policies_reduce_adolescent_fertility"", ""reproductive_health""]",
AGO,2001,un_wpp,population_policy,official_orientation,Population policy orientation changed,Population policy orientation changed from 'No intervention' to 'Maintain'.,This may affect how the state approaches fertility trends and demographic goals.,neutral,0.8,"[""policy_on_fertility_level"", ""population_policy""]",
AGO,2013,un_wpp,population_policy,official_orientation,Population policy orientation changed,Population policy orientation changed from 'Maintain' to 'Lower'.,This may affect how the state approaches fertility trends and demographic goals.,anti_natal,0.8,"[""policy_on_fertility_level"", ""population_policy""]",
AGO,1996,un_wpp,population_policy,government_view,Government view on fertility level changed,Government view on fertility level changed from 'Satisfactory' to 'Too high'.,This may reflect a shift in how fertility trends are evaluated by the government.,unknown,0.8,"[""view_on_fertility_level"", ""population_policy""]",
AGO,2001,un_wpp,population_policy,government_view,Government view on fertility level changed,Government view on fertility level changed from 'Too high' to 'Satisfactory'.,This may reflect a shift in how fertility trends are evaluated by the government.,unknown,0.8,"[""view_on_fertility_level"", ""population_policy""]",
AGO,2005,un_wpp,population_policy,government_view,Government view on fertility level changed,Government view on fertility level changed from 'Satisfactory' to 'Too high'.,This may reflect a shift in how fertility trends are evaluated by the government.,unknown,0.8,"[""view_on_fertility_level"", ""population_policy""]",
ATG,1996,un_wpp,population_policy,official_orientation,Population policy orientation changed,Population policy orientation changed from 'Lower' to 'No intervention'.,This may affect how the state approaches fertility trends and demographic goals.,neutral,0.8,"[""policy_on_fertility_level"", ""population_policy""]",
ATG,1996,un_wpp,population_policy,government_view,Government view on fertility level changed,Government view on fertility level changed from 'Too high' to 'Satisfactory'.,This may reflect a shift in how fertility trends are evaluated by the government.,unknown,0.8,"[""view_on_fertility_level"", ""population_policy""]",
ATG,2009,un_wpp,family_planning,government_support,Family planning support changed,Family planning support changed from 'Direct support' to 'Indirect support'.,This may affect access to family planning services and reproductive choices.,restrictive,0.8,"[""family_planning_support"", ""family_planning""]",
ATG,2011,un_wpp,family_planning,government_support,Family planning support changed,Family planning support changed from 'Indirect support' to 'Direct support'.,This may affect access to family planning services and reproductive choices.,expansive,0.8,"[""family_planning_support"", ""family_planning""]",
ATG,2011,un_wpp,reproductive_health,adolescent_fertility_concern,Concern about adolescent fertility changed,Concern about adolescent fertility changed from 'Minor concern' to 'Major concern'.,This may influence reproductive health priorities for adolescents.,unknown,0.8,"[""concern_about_adolescent_fertility"", ""reproductive_health""]",
ARG,1986,un_wpp,population_policy,official_orientation,Population policy orientation changed,Population policy orientation changed from 'Raise' to 'No intervention'.,This may affect how the state approaches fertility trends and demographic goals.,neutral,0.8,"[""policy_on_fertility_level"", ""population_policy""]",
ARG,1986,un_wpp,population_policy,government_view,Government view on fertility level changed,Government view on fertility level changed from 'Too low' to 'Satisfactory'.,This may reflect a shift in how fertility trends are evaluated by the government.,unknown,0.8,"[""view_on_fertility_level"", ""population_policy""]",
ARG,1986,un_wpp,family_planning,government_support,Family planning support changed,Family planning support changed from 'Limits' to 'No support'.,This may affect access to family planning services and reproductive choices.,unknown,0.8,"[""family_planning_support"", ""family_planning""]",
ARG,2001,un_wpp,family_planning,government_support,Family planning support changed,Family planning support changed from 'No support' to 'Indirect support'.,This may affect access to family planning services and reproductive choices.,expansive,0.8,"[""family_planning_support"", ""family_planning""]",
ARG,2003,un_wpp,family_planning,government_support,Family planning support changed,Family planning support changed from 'Indirect support' to 'Direct support'.,This may affect access to family planning services and reproductive choices.,expansive,0.8,"[""family_planning_support"", ""family_planning""]",
ARG,2001,un_wpp,abortion,legal_grounds,Abortion policy changed,"Legal grounds for abortion changed from '1,2' to '1,2,3,4'.",This may affect legal access to abortion and reproductive autonomy.,expansive,0.8,"[""abortion_grounds"", ""abortion""]",
ARG,2009,un_wpp,abortion,legal_grounds,Abortion policy changed,"Legal grounds for abortion changed from '1,2,3,4' to '1'.",This may affect legal access to abortion and reproductive autonomy.,restrictive,0.8,"[""abortion_grounds"", ""abortion""]",
ARG,2011,un_wpp,abortion,legal_grounds,Abortion policy changed,"Legal grounds for abortion changed from '1' to '1,2'.",This may affect legal access to abortion and reproductive autonomy.,expansive,0.8,"[""abortion_grounds"", ""abortion""]",
ARG,2013,un_wpp,abortion,legal_grounds,Abortion policy changed,"Legal grounds for abortion changed from '1,2' to '1,2,4'.",This may affect legal access to abortion and reproductive autonomy.,expansive,0.8,"[""abortion_grounds"", ""abortion""]",
ARM,2001,un_wpp,population_policy,government_view,Government view on fertility level changed,Government view on fertility level changed from 'Satisfactory' to 'Too low'.,This may reflect a shift in how fertility trends are evaluated by the government.,unknown,0.8,"[""view_on_fertility_level"", ""population_policy""]",
ARM,2005,un_wpp,family_planning,government_support,Family planning support changed,Family planning support changed from 'Direct support' to 'Indirect support'.,This may affect access to family planning services and reproductive choices.,restrictive,0.8,"[""family_planning_support"", ""family_planning""]",
ARM,2003,un_wpp,reproductive_health,adolescent_fertility_policy,Adolescent fertility policy changed,Policies to reduce adolescent fertility changed from 'No' to 'Yes'.,This may affect reproductive health interventions targeting adolescents.,unknown,0.8,"[""policies_reduce_adolescent_fertility"", ""reproductive_health""]",
AUS,2003,un_wpp,population_policy,official_orientation,Population policy orientation changed,Population policy orientation changed from 'No intervention' to 'Maintain'.,This may affect how the state approaches fertility trends and demographic goals.,neutral,0.8,"[""policy_on_fertility_level"", ""population_policy""]",
AUS,2005,un_wpp,population_policy,official_orientation,Population policy orientation changed,Population policy orientation changed from 'Maintain' to 'Raise'.,This may affect how the state approaches fertility trends and demographic goals.,pro_natal,0.8,"[""policy_on_fertility_level"", ""population_policy""]",
AUS,2005,un_wpp,population_policy,government_view,Government view on fertility level changed,Government view on fertility level changed from 'Satisfactory' to 'Too low'.,This may reflect a shift in how fertility trends are evaluated by the government.,unknown,0.8,"[""view_on_fertility_level"", ""population_policy""]",
AUS,2001,un_wpp,abortion,legal_grounds,Abortion policy changed,"Legal grounds for abortion changed from '1,2,3,4,5,6' to '1,2,3,4,5,6,7'.",This may affect legal access to abortion and reproductive autonomy.,expansive,0.8,"[""abortion_grounds"", ""abortion""]",
AUT,2001,un_wpp,population_policy,official_orientation,Population policy orientation changed,Population policy orientation changed from 'No intervention' to 'Raise'.,This may affect how the state approaches fertility trends and demographic goals.,pro_natal,0.8,"[""policy_on_fertility_level"", ""population_policy""]",
AUT,2001,un_wpp,population_policy,government_view,Government view on fertility level changed,Government view on fertility level changed from 'Satisfactory' to 'Too low'.,This may reflect a shift in how fertility trends are evaluated by the government.,unknown,0.8,"[""view_on_fertility_level"", ""population_policy""]",
AUT,2001,un_wpp,family_planning,government_support,Family planning support changed,Family planning support changed from 'Direct support' to 'Indirect support'.,This may affect access to family planning services and reproductive choices.,restrictive,0.8,"[""family_planning_support"", ""family_planning""]",
AUT,2005,un_wpp,family_planning,government_support,Family planning support changed,Family planning support changed from 'Indirect support' to 'No support'.,This may affect access to family planning services and reproductive choices.,restrictive,0.8,"[""family_planning_support"", ""family_planning""]",
AUT,2011,un_wpp,family_planning,government_support,Family planning support changed,Family planning support changed from 'No support' to 'Indirect support'.,This may affect access to family planning services and reproductive choices.,expansive,0.8,"[""family_planning_support"", ""family_planning""]",
AUT,2001,un_wpp,reproductive_health,adolescent_fertility_concern,Concern about adolescent fertility changed,Concern about adolescent fertility changed from 'Not a concern' to 'Minor concern'.,This may influence reproductive health priorities for adolescents.,unknown,0.8,"[""concern_about_adolescent_fertility"", ""reproductive_health""]",
AZE,2009,un_wpp,population_policy,official_orientation,Population policy orientation changed,Population policy orientation changed from 'Maintain' to 'Raise'.,This may affect how the state approaches fertility trends and demographic goals.,pro_natal,0.8,"[""policy_on_fertility_level"", ""population_policy""]",
AZE,2001,un_wpp,family_planning,government_support,Family planning support changed,Family planning support changed from 'Indirect support' to 'Direct support'.,This may affect access to family planning services and reproductive choices.,expansive,0.8,"[""family_planning_support"", ""family_planning""]",
AZE,2005,un_wpp,reproductive_health,adolescent_fertility_concern,Concern about adolescent fertility changed,Concern about adolescent fertility changed from 'Minor concern' to 'Major concern'.,This may influence reproductive health priorities for adolescents.,unknown,0.8,"[""concern_about_adolescent_fertility"", ""reproductive_health""]",
AZE,2003,un_wpp,reproductive_health,adolescent_fertility_policy,Adolescent fertility policy changed,Policies to reduce adolescent fertility changed from 'No' to 'Yes'.,This may affect reproductive health interventions targeting adolescents.,unknown,0.8,"[""policies_reduce_adolescent_fertility"", ""reproductive_health""]",
AZE,2005,un_wpp,reproductive_health,adolescent_fertility_policy,Adolescent fertility policy changed,Policies to reduce adolescent fertility changed from 'Yes' to 'No'.,This may affect reproductive health interventions targeting adolescents.,unknown,0.8,"[""policies_reduce_adolescent_fertility"", ""reproductive_health""]",
AZE,2007,un_wpp,reproductive_health,adolescent_fertility_policy,Adolescent fertility policy changed,Policies to reduce adolescent fertility changed from 'No' to 'Yes'.,This may affect reproductive health interventions targeting adolescents.,unknown,0.8,"[""policies_reduce_adolescent_fertility"", ""reproductive_health""]",
BHS,2001,un_wpp,population_policy,official_orientation,Population policy orientation changed,Population policy orientation changed from 'No intervention' to 'Lower'.,This may affect how the state approaches fertility trends and demographic goals.,anti_natal,0.8,"[""policy_on_fertility_level"", ""population_policy""]",
BHS,2005,un_wpp,population_policy,official_orientation,Population policy orientation changed,Population policy orientation changed from 'Lower' to 'No intervention'.,This may affect how the state approaches fertility trends and demographic goals.,neutral,0.8,"[""policy_on_fertility_level"", ""population_policy""]",
BHS,2001,un_wpp,population_policy,government_view,Government view on fertility level changed,Government view on fertility level changed from 'Satisfactory' to 'Too high'.,This may reflect a shift in how fertility trends are evaluated by the government.,unknown,0.8,"[""view_on_fertility_level"", ""population_policy""]",
BHS,2005,un_wpp,population_policy,government_view,Government view on fertility level changed,Government view on fertility level changed from 'Too high' to 'Satisfactory'.,This may reflect a shift in how fertility trends are evaluated by the government.,unknown,0.8,"[""view_on_fertility_level"", ""population_policy""]",
BHS,2001,un_wpp,family_planning,government_support,Family planning support changed,Family planning support changed from 'Indirect support' to 'Direct support'.,This may affect access to family planning services and reproductive choices.,expansive,0.8,"[""family_planning_support"", ""family_planning""]",
BHS,2011,un_wpp,abortion,legal_grounds,Abortion policy changed,"Legal grounds for abortion changed from '1,2,3' to '1,2,3,4,5'.",This may affect legal access to abortion and reproductive autonomy.,expansive,0.8,"[""abortion_grounds"", ""abortion""]",
BHS,2001,un_wpp,reproductive_health,adolescent_fertility_concern,Concern about adolescent fertility changed,Concern about adolescent fertility changed from 'Minor concern' to 'Major concern'.,This may influence reproductive health priorities for adolescents.,unknown,0.8,"[""concern_about_adolescent_fertility"", ""reproductive_health""]",
BHR,1996,un_wpp,population_policy,official_orientation,Population policy orientation changed,Population policy orientation changed from 'No intervention' to 'Lower'.,This may affect how the state approaches fertility trends and demographic goals.,anti_natal,0.8,"[""policy_on_fertility_level"", ""population_policy""]",
BHR,1986,un_wpp,population_policy,government_view,Government view on fertility level changed,Government view on fertility level changed from 'Too high' to 'Satisfactory'.,This may reflect a shift in how fertility trends are evaluated by the government.,unknown,0.8,"[""view_on_fertility_level"", ""population_policy""]",
BHR,2005,un_wpp,population_policy,government_view,Government view on fertility level changed,Government view on fertility level changed from 'Satisfactory' to 'Too high'.,This may reflect a shift in how fertility trends are evaluated by the government.,unknown,0.8,"[""view_on_fertility_level"", ""population_policy""]",
BHR,1986,un_wpp,family_planning,government_support,Family planning support changed,Family planning support changed from 'Indirect support' to 'Direct support'.,This may affect access to family planning services and reproductive choices.,expansive,0.8,"[""family_planning_support"", ""family_planning""]",
BHR,2001,un_wpp,abortion,legal_grounds,Abortion policy changed,"Legal grounds for abortion changed from '1,2,3,5' to '1,2,3,4,5,6,7'.",This may affect legal access to abortion and reproductive autonomy.,expansive,0.8,"[""abortion_grounds"", ""abortion""]",
BGD,2001,un_wpp,reproductive_health,adolescent_fertility_concern,Concern about adolescent fertility changed,Concern about adolescent fertility changed from 'Minor concern' to 'Major concern'.,This may influence reproductive health priorities for adolescents.,unknown,0.8,"[""concern_about_adolescent_fertility"", ""reproductive_health""]",
BRB,1996,un_wpp,population_policy,official_orientation,Population policy orientation changed,Population policy orientation changed from 'Lower' to 'No intervention'.,This may affect how the state approaches fertility trends and demographic goals.,neutral,0.8,"[""policy_on_fertility_level"", ""population_policy""]",
BRB,2005,un_wpp,population_policy,official_orientation,Population policy orientation changed,Population policy orientation changed from 'No intervention' to 'Raise'.,This may affect how the state approaches fertility trends and demographic goals.,pro_natal,0.8,"[""policy_on_fertility_level"", ""population_policy""]",
BRB,1996,un_wpp,population_policy,government_view,Government view on fertility level changed,Government view on fertility level changed from 'Too high' to 'Satisfactory'.,This may reflect a shift in how fertility trends are evaluated by the government.,unknown,0.8,"[""view_on_fertility_level"", ""population_policy""]",
BRB,2005,un_wpp,population_policy,government_view,Government view on fertility level changed,Government view on fertility level changed from 'Satisfactory' to 'Too low'.,This may reflect a shift in how fertility trends are evaluated by the government.,unknown,0.8,"[""view_on_fertility_level"", ""population_policy""]",
BRB,2005,un_wpp,reproductive_health,adolescent_fertility_concern,Concern about adolescent fertility changed,Concern about adolescent fertility changed from 'Minor concern' to 'Major concern'.,This may influence reproductive health priorities for adolescents.,unknown,0.8,"[""concern_about_adolescent_fertility"", ""reproductive_health""]",
BLR,1996,un_wpp,population_policy,official_orientation,Population policy orientation changed,Population policy orientation changed from 'Maintain' to 'Raise'.,This may affect how the state approaches fertility trends and demographic goals.,pro_natal,0.8,"[""policy_on_fertility_level"", ""population_policy""]",
BLR,2001,un_wpp,population_policy,government_view,Government view on fertility level changed,Government view on fertility level changed from 'Satisfactory' to 'Too low'.,This may reflect a shift in how fertility trends are evaluated by the government.,unknown,0.8,"[""view_on_fertility_level"", ""population_policy""]",
BLR,2003,un_wpp,reproductive_health,adolescent_fertility_policy,Adolescent fertility policy changed,Policies to reduce adolescent fertility changed from 'No' to 'Yes'.,This may affect reproductive health interventions targeting adolescents.,unknown,0.8,"[""policies_reduce_adolescent_fertility"", ""reproductive_health""]",
BLR,2005,un_wpp,reproductive_health,adolescent_fertility_policy,Adolescent fertility policy changed,Policies to reduce adolescent fertility changed from 'Yes' to 'No'.,This may affect reproductive health interventions targeting adolescents.,unknown,0.8,"[""policies_reduce_adolescent_fertility"", ""reproductive_health""]",
BLR,2009,un_wpp,reproductive_health,adolescent_fertility_policy,Adolescent fertility policy changed,Policies to reduce adolescent fertility changed from 'No' to 'Yes'.,This may affect reproductive health interventions targeting adolescents.,unknown,0.8,"[""policies_reduce_adolescent_fertility"", ""reproductive_health""]",
BEL,1986,un_wpp,population_policy,official_orientation,Population policy orientation changed,Population policy orientation changed from 'No intervention' to 'Maintain'.,This may affect how the state approaches fertility trends and demographic goals.,neutral,0.8,"[""policy_on_fertility_level"", ""population_policy""]",
BEL,1996,un_wpp,population_policy,official_orientation,Population policy orientation changed,Population policy orientation changed from 'Maintain' to 'No intervention'.,This may affect how the state approaches fertility trends and demographic goals.,neutral,0.8,"[""policy_on_fertility_level"", ""population_policy""]",
BEL,2013,un_wpp,population_policy,official_orientation,Population policy orientation changed,Population policy orientation changed from 'No intervention' to 'Raise'.,This may affect how the state approaches fertility trends and demographic goals.,pro_natal,0.8,"[""policy_on_fertility_level"", ""population_policy""]",
BEL,2001,un_wpp,family_planning,government_support,Family planning support changed,Family planning support changed from 'Indirect support' to 'Direct support'.,This may affect access to family planning services and reproductive choices.,expansive,0.8,"[""family_planning_support"", ""family_planning""]",
BEL,2001,un_wpp,abortion,legal_grounds,Abortion policy changed,"Legal grounds for abortion changed from '1,2,3,4,5,6' to '1,2,3,4,5,6,7'.",This may affect legal access to abortion and reproductive autonomy.,expansive,0.8,"[""abortion_grounds"", ""abortion""]",
BEL,2011,un_wpp,reproductive_health,adolescent_fertility_policy,Adolescent fertility policy changed,Policies to reduce adolescent fertility changed from 'Yes' to 'No'.,This may affect reproductive health interventions targeting adolescents.,unknown,0.8,"[""policies_reduce_adolescent_fertility"", ""reproductive_health""]",
BLZ,2011,un_wpp,population_policy,official_orientation,Population policy orientation changed,Population policy orientation changed from 'No intervention' to 'Lower'.,This may affect how the state approaches fertility trends and demographic goals.,anti_natal,0.8,"[""policy_on_fertility_level"", ""population_policy""]",
BLZ,1996,un_wpp,population_policy,government_view,Government view on fertility level changed,Government view on fertility level changed from 'Satisfactory' to 'Too high'.,This may reflect a shift in how fertility trends are evaluated by the government.,unknown,0.8,"[""view_on_fertility_level"", ""population_policy""]",
BLZ,2001,un_wpp,population_policy,government_view,Government view on fertility level changed,Government view on fertility level changed from 'Too high' to 'Satisfactory'.,This may reflect a shift in how fertility trends are evaluated by the government.,unknown,0.8,"[""view_on_fertility_level"", ""population_policy""]",
BLZ,2003,un_wpp,population_policy,government_view,Government view on fertility level changed,Government view on fertility level changed from 'Satisfactory' to 'Too high'.,This may reflect a shift in how fertility trends are evaluated by the government.,unknown,0.8,"[""view_on_fertility_level"", ""population_policy""]",
BLZ,1996,un_wpp,family_planning,government_support,Family planning support changed,Family planning support changed from 'No support' to 'Indirect support'.,This may affect access to family planning services and reproductive choices.,expansive,0.8,"[""family_planning_support"", ""family_planning""]",
BLZ,2011,un_wpp,family_planning,government_support,Family planning support changed,Family planning support changed from 'Indirect support' to 'Direct support'.,This may affect access to family planning services and reproductive choices.,expansive,0.8,"[""family_planning_support"", ""family_planning""]",
BLZ,2001,un_wpp,abortion,legal_grounds,Abortion policy changed,"Legal grounds for abortion changed from '1,2,3,4,5,6' to '1,2,3,5,6'.",This may affect legal access to abortion and reproductive autonomy.,restrictive,0.8,"[""abortion_grounds"", ""abortion""]",
BLZ,2001,un_wpp,reproductive_health,adolescent_fertility_policy,Adolescent fertility policy changed,Policies to reduce adolescent fertility changed from 'Yes' to 'No'.,This may affect reproductive health interventions targeting adolescents.,unknown,0.8,"[""policies_reduce_adolescent_fertility"", ""reproductive_health""]",
BLZ,2005,un_wpp,reproductive_health,adolescent_fertility_policy,Adolescent fertility policy changed,Policies to reduce adolescent fertility changed from 'No' to 'Yes'.,This may affect reproductive health interventions targeting adolescents.,unknown,0.8,"[""policies_reduce_adolescent_fertility"", ""reproductive_health""]",
BEN,2005,un_wpp,population_policy,official_orientation,Population policy orientation changed,Population policy orientation changed from 'No intervention' to 'Lower'.,This may affect how the state approaches fertility trends and demographic goals.,anti_natal,0.8,"[""policy_on_fertility_level"", ""population_policy""]",
BEN,2005,un_wpp,population_policy,government_view,Government view on fertility level changed,Government view on fertility level changed from 'Satisfactory' to 'Too high'.,This may reflect a shift in how fertility trends are evaluated by the government.,unknown,0.8,"[""view_on_fertility_level"", ""population_policy""]",
BEN,1996,un_wpp,family_planning,government_support,Family planning support changed,Family planning support changed from 'Indirect support' to 'Direct support'.,This may affect access to family planning services and reproductive choices.,expansive,0.8,"[""family_planning_support"", ""family_planning""]",
BEN,2005,un_wpp,abortion,legal_grounds,Abortion policy changed,"Legal grounds for abortion changed from '1' to '1,2,3,4,5'.",This may affect legal access to abortion and reproductive autonomy.,expansive,0.8,"[""abortion_grounds"", ""abortion""]",
BEN,2005,un_wpp,reproductive_health,adolescent_fertility_concern,Concern about adolescent fertility changed,Concern about adolescent fertility changed from 'Minor concern' to 'Major concern'.,This may influence reproductive health priorities for adolescents.,unknown,0.8,"[""concern_about_adolescent_fertility"", ""reproductive_health""]",
BEN,2005,un_wpp,reproductive_health,adolescent_fertility_policy,Adolescent fertility policy changed,Policies to reduce adolescent fertility changed from 'No' to 'Yes'.,This may affect reproductive health interventions targeting adolescents.,unknown,0.8,"[""policies_reduce_adolescent_fertility"", ""reproductive_health""]",
BTN,2001,un_wpp,population_policy,official_orientation,Population policy orientation changed,Population policy orientation changed from 'No intervention' to 'Lower'.,This may affect how the state approaches fertility trends and demographic goals.,anti_natal,0.8,"[""policy_on_fertility_level"", ""population_policy""]",
BTN,2001,un_wpp,population_policy,government_view,Government view on fertility level changed,Government view on fertility level changed from 'Satisfactory' to 'Too high'.,This may reflect a shift in how fertility trends are evaluated by the government.,unknown,0.8,"[""view_on_fertility_level"", ""population_policy""]",
BTN,2009,un_wpp,population_policy,government_view,Government view on fertility level changed,Government view on fertility level changed from 'Too high' to 'Satisfactory'.,This may reflect a shift in how fertility trends are evaluated by the government.,unknown,0.8,"[""view_on_fertility_level"", ""population_policy""]",
BTN,2011,un_wpp,population_policy,government_view,Government view on fertility level changed,Government view on fertility level changed from 'Satisfactory' to 'Too high'.,This may reflect a shift in how fertility trends are evaluated by the government.,unknown,0.8,"[""view_on_fertility_level"", ""population_policy""]",
BTN,2007,un_wpp,abortion,legal_grounds,Abortion policy changed,"Legal grounds for abortion changed from '1' to '1,5'.",This may affect legal access to abortion and reproductive autonomy.,expansive,0.8,"[""abortion_grounds"", ""abortion""]",
BTN,2009,un_wpp,abortion,legal_grounds,Abortion policy changed,"Legal grounds for abortion changed from '1,5' to '1,3,4'.",This may affect legal access to abortion and reproductive autonomy.,expansive,0.8,"[""abortion_grounds"", ""abortion""]",
BTN,2009,un_wpp,reproductive_health,adolescent_fertility_concern,Concern about adolescent fertility changed,Concern about adolescent fertility changed from 'Minor concern' to 'Major concern'.,This may influence reproductive health priorities for adolescents.,unknown,0.8,"[""concern_about_adolescent_fertility"", ""reproductive_health""]",
BTN,2009,un_wpp,reproductive_health,adolescent_fertility_policy,Adolescent fertility policy changed,Policies to reduce adolescent fertility changed from 'No' to 'Yes'.,This may affect reproductive health interventions targeting adolescents.,unknown,0.8,"[""policies_reduce_adolescent_fertility"", ""reproductive_health""]",
BOL,2011,un_wpp,population_policy,official_orientation,Population policy orientation changed,Population policy orientation changed from 'No intervention' to 'Maintain'.,This may affect how the state approaches fertility trends and demographic goals.,neutral,0.8,"[""policy_on_fertility_level"", ""population_policy""]",
BOL,1986,un_wpp,population_policy,government_view,Government view on fertility level changed,Government view on fertility level changed from 'Satisfactory' to 'Too low'.,This may reflect a shift in how fertility trends are evaluated by the government.,unknown,0.8,"[""view_on_fertility_level"", ""population_policy""]",
BOL,1996,un_wpp,population_policy,government_view,Government view on fertility level changed,Government view on fertility level changed from 'Too low' to 'Satisfactory'.,This may reflect a shift in how fertility trends are evaluated by the government.,unknown,0.8,"[""view_on_fertility_level"", ""population_policy""]",
BOL,1986,un_wpp,family_planning,government_support,Family planning support changed,Family planning support changed from 'Direct support' to 'Indirect support'.,This may affect access to family planning services and reproductive choices.,restrictive,0.8,"[""family_planning_support"", ""family_planning""]",
BOL,1996,un_wpp,family_planning,government_support,Family planning support changed,Family planning support changed from 'Indirect support' to 'Direct support'.,This may affect access to family planning services and reproductive choices.,expansive,0.8,"[""family_planning_support"", ""family_planning""]",
BOL,2001,un_wpp,abortion,legal_grounds,Abortion policy changed,"Legal grounds for abortion changed from '1,2,4' to '1,2,3,4'.",This may affect legal access to abortion and reproductive autonomy.,expansive,0.8,"[""abortion_grounds"", ""abortion""]",
BOL,2003,un_wpp,reproductive_health,adolescent_fertility_concern,Concern about adolescent fertility changed,Concern about adolescent fertility changed from 'Minor concern' to 'Major concern'.,This may influence reproductive health priorities for adolescents.,unknown,0.8,"[""concern_about_adolescent_fertility"", ""reproductive_health""]",
BIH,2011,un_wpp,reproductive_health,adolescent_fertility_policy,Adolescent fertility policy changed,Policies to reduce adolescent fertility changed from 'No' to 'Yes'.,This may affect reproductive health interventions targeting adolescents.,unknown,0.8,"[""policies_reduce_adolescent_fertility"", ""reproductive_health""]",
BWA,2007,un_wpp,population_policy,official_orientation,Population policy orientation changed,Population policy orientation changed from 'Lower' to 'Maintain'.,This may affect how the state approaches fertility trends and demographic goals.,neutral,0.8,"[""policy_on_fertility_level"", ""population_policy""]",
BWA,2007,un_wpp,population_policy,government_view,Government view on fertility level changed,Government view on fertility level changed from 'Too high' to 'Satisfactory'.,This may reflect a shift in how fertility trends are evaluated by the government.,unknown,0.8,"[""view_on_fertility_level"", ""population_policy""]",
BWA,2011,un_wpp,reproductive_health,adolescent_fertility_concern,Concern about adolescent fertility changed,Concern about adolescent fertility changed from 'Major concern' to 'Minor concern'.,This may influence reproductive health priorities for adolescents.,unknown,0.8,"[""concern_about_adolescent_fertility"", ""reproductive_health""]",
BWA,2001,un_wpp,reproductive_health,adolescent_fertility_policy,Adolescent fertility policy changed,Policies to reduce adolescent fertility changed from 'No' to 'Yes'.,This may affect reproductive health interventions targeting adolescents.,unknown,0.8,"[""policies_reduce_adolescent_fertility"", ""reproductive_health""]",
BRA,1986,un_wpp,family_planning,government_support,Family planning support changed,Family planning support changed from 'Indirect support' to 'Direct support'.,This may affect access to family planning services and reproductive choices.,expansive,0.8,"[""family_planning_support"", ""family_planning""]",
BRN,2009,un_wpp,population_policy,government_view,Government view on fertility level changed,Government view on fertility level changed from 'Satisfactory' to 'Too low'.,This may reflect a shift in how fertility trends are evaluated by the government.,unknown,0.8,"[""view_on_fertility_level"", ""population_policy""]",
BRN,2013,un_wpp,gender_reproductive_rights,domestic_violence_policy,Domestic violence policy changed,"Domestic violence policy changed from '2' to '1,2'.",This may reflect broader reproductive rights and protection policies.,unknown,0.8,"[""domestic_violence_policies"", ""gender_reproductive_rights""]",
BRN,2011,un_wpp,reproductive_health,adolescent_fertility_concern,Concern about adolescent fertility changed,Concern about adolescent fertility changed from 'Not a concern' to 'Major concern'.,This may influence reproductive health priorities for adolescents.,unknown,0.8,"[""concern_about_adolescent_fertility"", ""reproductive_health""]",
BRN,2011,un_wpp,reproductive_health,adolescent_fertility_policy,Adolescent fertility policy changed,Policies to reduce adolescent fertility changed from 'No' to 'Yes'.,This may affect reproductive health interventions targeting adolescents.,unknown,0.8,"[""policies_reduce_adolescent_fertility"", ""reproductive_health""]",
BGR,1996,un_wpp,family_planning,government_support,Family planning support changed,Family planning support changed from 'Direct support' to 'No support'.,This may affect access to family planning services and reproductive choices.,restrictive,0.8,"[""family_planning_support"", ""family_planning""]",
BGR,2001,un_wpp,family_planning,government_support,Family planning support changed,Family planning support changed from 'No support' to 'Indirect support'.,This may affect access to family planning services and reproductive choices.,expansive,0.8,"[""family_planning_support"", ""family_planning""]",
BGR,2005,un_wpp,reproductive_health,adolescent_fertility_concern,Concern about adolescent fertility changed,Concern about adolescent fertility changed from 'Not a concern' to 'Major concern'.,This may influence reproductive health priorities for adolescents.,unknown,0.8,"[""concern_about_adolescent_fertility"", ""reproductive_health""]",
BGR,2007,un_wpp,reproductive_health,adolescent_fertility_policy,Adolescent fertility policy changed,Policies to reduce adolescent fertility changed from 'No' to 'Yes'.,This may affect reproductive health interventions targeting adolescents.,unknown,0.8,"[""policies_reduce_adolescent_fertility"", ""reproductive_health""]",
BGR,2009,un_wpp,reproductive_health,adolescent_fertility_policy,Adolescent fertility policy changed,Policies to reduce adolescent fertility changed from 'Yes' to 'No'.,This may affect reproductive health interventions targeting adolescents.,unknown,0.8,"[""policies_reduce_adolescent_fertility"", ""reproductive_health""]",
BGR,2011,un_wpp,reproductive_health,adolescent_fertility_policy,Adolescent fertility policy changed,Policies to reduce adolescent fertility changed from 'No' to 'Yes'.,This may affect reproductive health interventions targeting adolescents.,unknown,0.8,"[""policies_reduce_adolescent_fertility"", ""reproductive_health""]",
BFA,1996,un_wpp,population_policy,official_orientation,Population policy orientation changed,Population policy orientation changed from 'No intervention' to 'Lower'.,This may affect how the state approaches fertility trends and demographic goals.,anti_natal,0.8,"[""policy_on_fertility_level"", ""population_policy""]",
BFA,1996,un_wpp,population_policy,government_view,Government view on fertility level changed,Government view on fertility level changed from 'Satisfactory' to 'Too high'.,This may reflect a shift in how fertility trends are evaluated by the government.,unknown,0.8,"[""view_on_fertility_level"", ""population_policy""]",
BFA,1986,un_wpp,family_planning,government_support,Family planning support changed,Family planning support changed from 'No support' to 'Indirect support'.,This may affect access to family planning services and reproductive choices.,expansive,0.8,"[""family_planning_support"", ""family_planning""]",
BFA,1996,un_wpp,family_planning,government_support,Family planning support changed,Family planning support changed from 'Indirect support' to 'Direct support'.,This may affect access to family planning services and reproductive choices.,expansive,0.8,"[""family_planning_support"", ""family_planning""]",
BFA,2001,un_wpp,abortion,legal_grounds,Abortion policy changed,"Legal grounds for abortion changed from '1,2' to '1,2,3,4,5'.",This may affect legal access to abortion and reproductive autonomy.,expansive,0.8,"[""abortion_grounds"", ""abortion""]",
BDI,1986,un_wpp,population_policy,official_orientation,Population policy orientation changed,Population policy orientation changed from 'No intervention' to 'Lower'.,This may affect how the state approaches fertility trends and demographic goals.,anti_natal,0.8,"[""policy_on_fertility_level"", ""population_policy""]",
BDI,1986,un_wpp,population_policy,government_view,Government view on fertility level changed,Government view on fertility level changed from 'Satisfactory' to 'Too high'.,This may reflect a shift in how fertility trends are evaluated by the government.,unknown,0.8,"[""view_on_fertility_level"", ""population_policy""]",
BDI,1986,un_wpp,family_planning,government_support,Family planning support changed,Family planning support changed from 'No support' to 'Direct support'.,This may affect access to family planning services and reproductive choices.,expansive,0.8,"[""family_planning_support"", ""family_planning""]",
BDI,2001,un_wpp,abortion,legal_grounds,Abortion policy changed,"Legal grounds for abortion changed from '1,2' to '1,2,3'.",This may affect legal access to abortion and reproductive autonomy.,expansive,0.8,"[""abortion_grounds"", ""abortion""]",
BDI,2011,un_wpp,reproductive_health,adolescent_fertility_concern,Concern about adolescent fertility changed,Concern about adolescent fertility changed from 'Not a concern' to 'Minor concern'.,This may influence reproductive health priorities for adolescents.,unknown,0.8,"[""concern_about_adolescent_fertility"", ""reproductive_health""]",
BDI,2011,un_wpp,reproductive_health,adolescent_fertility_policy,Adolescent fertility policy changed,Policies to reduce adolescent fertility changed from 'No' to 'Yes'.,This may affect reproductive health interventions targeting adolescents.,unknown,0.8,"[""policies_reduce_adolescent_fertility"", ""reproductive_health""]",
CPV,1996,un_wpp,population_policy,official_orientation,Population policy orientation changed,Population policy orientation changed from 'No intervention' to 'Lower'.,This may affect how the state approaches fertility trends and demographic goals.,anti_natal,0.8,"[""policy_on_fertility_level"", ""population_policy""]",
CPV,1996,un_wpp,population_policy,government_view,Government view on fertility level changed,Government view on fertility level changed from 'Satisfactory' to 'Too high'.,This may reflect a shift in how fertility trends are evaluated by the government.,unknown,0.8,"[""view_on_fertility_level"", ""population_policy""]",
CPV,2001,un_wpp,abortion,legal_grounds,Abortion policy changed,"Legal grounds for abortion changed from '1,2,3,4,5,6' to '1,2,3,4,5,6,7'.",This may affect legal access to abortion and reproductive autonomy.,expansive,0.8,"[""abortion_grounds"", ""abortion""]",
CPV,2003,un_wpp,reproductive_health,adolescent_fertility_policy,Adolescent fertility policy changed,Policies to reduce adolescent fertility changed from 'No' to 'Yes'.,This may affect reproductive health interventions targeting adolescents.,unknown,0.8,"[""policies_reduce_adolescent_fertility"", ""reproductive_health""]",
KHM,1996,un_wpp,population_policy,official_orientation,Population policy orientation changed,Population policy orientation changed from 'Raise' to 'Lower'.,This may affect how the state approaches fertility trends and demographic goals.,anti_natal,0.8,"[""policy_on_fertility_level"", ""population_policy""]",
KHM,1996,un_wpp,population_policy,government_view,Government view on fertility level changed,Government view on fertility level changed from 'Too low' to 'Too high'.,This may reflect a shift in how fertility trends are evaluated by the government.,unknown,0.8,"[""view_on_fertility_level"", ""population_policy""]",
KHM,1996,un_wpp,family_planning,government_support,Family planning support changed,Family planning support changed from 'Limits' to 'Direct support'.,This may affect access to family planning services and reproductive choices.,unknown,0.8,"[""family_planning_support"", ""family_planning""]",
KHM,2009,un_wpp,reproductive_health,adolescent_fertility_concern,Concern about adolescent fertility changed,Concern about adolescent fertility changed from 'Not a concern' to 'Minor concern'.,This may influence reproductive health priorities for adolescents.,unknown,0.8,"[""concern_about_adolescent_fertility"", ""reproductive_health""]",
KHM,2009,un_wpp,reproductive_health,adolescent_fertility_policy,Adolescent fertility policy changed,Policies to reduce adolescent fertility changed from 'No' to 'Yes'.,This may affect reproductive health interventions targeting adolescents.,unknown,0.8,"[""policies_reduce_adolescent_fertility"", ""reproductive_health""]",
CMR,1996,un_wpp,population_policy,official_orientation,Population policy orientation changed,Population policy orientation changed from 'No intervention' to 'Lower'.,This may affect how the state approaches fertility trends and demographic goals.,anti_natal,0.8,"[""policy_on_fertility_level"", ""population_policy""]",
CMR,2009,un_wpp,population_policy,official_orientation,Population policy orientation changed,Population policy orientation changed from 'Lower' to 'No intervention'.,This may affect how the state approaches fertility trends and demographic goals.,neutral,0.8,"[""policy_on_fertility_level"", ""population_policy""]",
CMR,1986,un_wpp,population_policy,government_view,Government view on fertility level changed,Government view on fertility level changed from 'Too low' to 'Too high'.,This may reflect a shift in how fertility trends are evaluated by the government.,unknown,0.8,"[""view_on_fertility_level"", ""population_policy""]",
CMR,1986,un_wpp,family_planning,government_support,Family planning support changed,Family planning support changed from 'Indirect support' to 'Direct support'.,This may affect access to family planning services and reproductive choices.,expansive,0.8,"[""family_planning_support"", ""family_planning""]",
CMR,1996,un_wpp,family_planning,government_support,Family planning support changed,Family planning support changed from 'Direct support' to 'Indirect support'.,This may affect access to family planning services and reproductive choices.,restrictive,0.8,"[""family_planning_support"", ""family_planning""]",
CMR,2009,un_wpp,family_planning,government_support,Family planning support changed,Family planning support changed from 'Indirect support' to 'Direct support'.,This may affect access to family planning services and reproductive choices.,expansive,0.8,"[""family_planning_support"", ""family_planning""]",
CMR,2001,un_wpp,abortion,legal_grounds,Abortion policy changed,"Legal grounds for abortion changed from '1,2,4' to '1,2,3,4'.",This may affect legal access to abortion and reproductive autonomy.,expansive,0.8,"[""abortion_grounds"", ""abortion""]",
CAN,2005,un_wpp,population_policy,government_view,Government view on fertility level changed,Government view on fertility level changed from 'Satisfactory' to 'Too low'.,This may reflect a shift in how fertility trends are evaluated by the government.,unknown,0.8,"[""view_on_fertility_level"", ""population_policy""]",
CAN,2001,un_wpp,family_planning,government_support,Family planning support changed,Family planning support changed from 'Direct support' to 'Indirect support'.,This may affect access to family planning services and reproductive choices.,restrictive,0.8,"[""family_planning_support"", ""family_planning""]",
CAN,2001,un_wpp,reproductive_health,adolescent_fertility_concern,Concern about adolescent fertility changed,Concern about adolescent fertility changed from 'Minor concern' to 'Major concern'.,This may influence reproductive health priorities for adolescents.,unknown,0.8,"[""concern_about_adolescent_fertility"", ""reproductive_health""]",
CAN,2009,un_wpp,reproductive_health,adolescent_fertility_concern,Concern about adolescent fertility changed,Concern about adolescent fertility changed from 'Major concern' to 'Minor concern'.,This may influence reproductive health priorities for adolescents.,unknown,0.8,"[""concern_about_adolescent_fertility"", ""reproductive_health""]",
CAF,2013,un_wpp,population_policy,official_orientation,Population policy orientation changed,Population policy orientation changed from 'No intervention' to 'Lower'.,This may affect how the state approaches fertility trends and demographic goals.,anti_natal,0.8,"[""policy_on_fertility_level"", ""population_policy""]",
CAF,1986,un_wpp,population_policy,government_view,Government view on fertility level changed,Government view on fertility level changed from 'Too low' to 'Too high'.,This may reflect a shift in how fertility trends are evaluated by the government.,unknown,0.8,"[""view_on_fertility_level"", ""population_policy""]",
CAF,2001,un_wpp,population_policy,government_view,Government view on fertility level changed,Government view on fertility level changed from 'Too high' to 'Satisfactory'.,This may reflect a shift in how fertility trends are evaluated by the government.,unknown,0.8,"[""view_on_fertility_level"", ""population_policy""]",
CAF,1986,un_wpp,family_planning,government_support,Family planning support changed,Family planning support changed from 'No support' to 'Direct support'.,This may affect access to family planning services and reproductive choices.,expansive,0.8,"[""family_planning_support"", ""family_planning""]",
CAF,2001,un_wpp,family_planning,government_support,Family planning support changed,Family planning support changed from 'Direct support' to 'Indirect support'.,This may affect access to family planning services and reproductive choices.,restrictive,0.8,"[""family_planning_support"", ""family_planning""]",
CAF,2013,un_wpp,family_planning,government_support,Family planning support changed,Family planning support changed from 'Indirect support' to 'Direct support'.,This may affect access to family planning services and reproductive choices.,expansive,0.8,"[""family_planning_support"", ""family_planning""]",
CAF,2001,un_wpp,reproductive_health,adolescent_fertility_concern,Concern about adolescent fertility changed,Concern about adolescent fertility changed from 'Not a concern' to 'Minor concern'.,This may influence reproductive health priorities for adolescents.,unknown,0.8,"[""concern_about_adolescent_fertility"", ""reproductive_health""]",
CAF,2013,un_wpp,reproductive_health,adolescent_fertility_concern,Concern about adolescent fertility changed,Concern about adolescent fertility changed from 'Minor concern' to 'Major concern'.,This may influence reproductive health priorities for adolescents.,unknown,0.8,"[""concern_about_adolescent_fertility"", ""reproductive_health""]",
TCD,2013,un_wpp,population_policy,official_orientation,Population policy orientation changed,Population policy orientation changed from 'No intervention' to 'Lower'.,This may affect how the state approaches fertility trends and demographic goals.,anti_natal,0.8,"[""policy_on_fertility_level"", ""population_policy""]",
TCD,2007,un_wpp,population_policy,government_view,Government view on fertility level changed,Government view on fertility level changed from 'Satisfactory' to 'Too high'.,This may reflect a shift in how fertility trends are evaluated by the government.,unknown,0.8,"[""view_on_fertility_level"", ""population_policy""]",
TCD,1986,un_wpp,family_planning,government_support,Family planning support changed,Family planning support changed from 'Limits' to 'No support'.,This may affect access to family planning services and reproductive choices.,unknown,0.8,"[""family_planning_support"", ""family_planning""]",
TCD,1996,un_wpp,family_planning,government_support,Family planning support changed,Family planning support changed from 'No support' to 'Indirect support'.,This may affect access to family planning services and reproductive choices.,expansive,0.8,"[""family_planning_support"", ""family_planning""]",
TCD,2003,un_wpp,family_planning,government_support,Family planning support changed,Family planning support changed from 'Indirect support' to 'Direct support'.,This may affect access to family planning services and reproductive choices.,expansive,0.8,"[""family_planning_support"", ""family_planning""]",
TCD,2005,un_wpp,abortion,legal_grounds,Abortion policy changed,"Legal grounds for abortion changed from '1' to '1,2,5'.",This may affect legal access to abortion and reproductive autonomy.,expansive,0.8,"[""abortion_grounds"", ""abortion""]",
TCD,2011,un_wpp,reproductive_health,adolescent_fertility_concern,Concern about adolescent fertility changed,Concern about adolescent fertility changed from 'Minor concern' to 'Major concern'.,This may influence reproductive health priorities for adolescents.,unknown,0.8,"[""concern_about_adolescent_fertility"", ""reproductive_health""]",
CHL,1986,un_wpp,population_policy,government_view,Government view on fertility level changed,Government view on fertility level changed from 'Too high' to 'Too low'.,This may reflect a shift in how fertility trends are evaluated by the government.,unknown,0.8,"[""view_on_fertility_level"", ""population_policy""]",
CHL,1996,un_wpp,population_policy,government_view,Government view on fertility level changed,Government view on fertility level changed from 'Too low' to 'Satisfactory'.,This may reflect a shift in how fertility trends are evaluated by the government.,unknown,0.8,"[""view_on_fertility_level"", ""population_policy""]",
CHN,2001,un_wpp,population_policy,official_orientation,Population policy orientation changed,Population policy orientation changed from 'Lower' to 'Maintain'.,This may affect how the state approaches fertility trends and demographic goals.,neutral,0.8,"[""policy_on_fertility_level"", ""population_policy""]",
CHN,1996,un_wpp,population_policy,government_view,Government view on fertility level changed,Government view on fertility level changed from 'Too high' to 'Satisfactory'.,This may reflect a shift in how fertility trends are evaluated by the government.,unknown,0.8,"[""view_on_fertility_level"", ""population_policy""]",
CHN,2001,un_wpp,reproductive_health,adolescent_fertility_concern,Concern about adolescent fertility changed,Concern about adolescent fertility changed from 'Major concern' to 'Minor concern'.,This may influence reproductive health priorities for adolescents.,unknown,0.8,"[""concern_about_adolescent_fertility"", ""reproductive_health""]",
CHN,2009,un_wpp,reproductive_health,adolescent_fertility_concern,Concern about adolescent fertility changed,Concern about adolescent fertility changed from 'Minor concern' to 'Not a concern'.,This may influence reproductive health priorities for adolescents.,unknown,0.8,"[""concern_about_adolescent_fertility"", ""reproductive_health""]",
CHN,2011,un_wpp,reproductive_health,adolescent_fertility_concern,Concern about adolescent fertility changed,Concern about adolescent fertility changed from 'Not a concern' to 'Major concern'.,This may influence reproductive health priorities for adolescents.,unknown,0.8,"[""concern_about_adolescent_fertility"", ""reproductive_health""]",
CHN,2005,un_wpp,reproductive_health,adolescent_fertility_policy,Adolescent fertility policy changed,Policies to reduce adolescent fertility changed from 'Yes' to 'No'.,This may affect reproductive health interventions targeting adolescents.,unknown,0.8,"[""policies_reduce_adolescent_fertility"", ""reproductive_health""]",
CHN,2011,un_wpp,reproductive_health,adolescent_fertility_policy,Adolescent fertility policy changed,Policies to reduce adolescent fertility changed from 'No' to 'Yes'.,This may affect reproductive health interventions targeting adolescents.,unknown,0.8,"[""policies_reduce_adolescent_fertility"", ""reproductive_health""]",
COL,1986,un_wpp,population_policy,official_orientation,Population policy orientation changed,Population policy orientation changed from 'Lower' to 'No intervention'.,This may affect how the state approaches fertility trends and demographic goals.,neutral,0.8,"[""policy_on_fertility_level"", ""population_policy""]",
COL,2001,un_wpp,population_policy,official_orientation,Population policy orientation changed,Population policy orientation changed from 'No intervention' to 'Lower'.,This may affect how the state approaches fertility trends and demographic goals.,anti_natal,0.8,"[""policy_on_fertility_level"", ""population_policy""]",
COL,1986,un_wpp,population_policy,government_view,Government view on fertility level changed,Government view on fertility level changed from 'Too high' to 'Satisfactory'.,This may reflect a shift in how fertility trends are evaluated by the government.,unknown,0.8,"[""view_on_fertility_level"", ""population_policy""]",
COL,2003,un_wpp,population_policy,government_view,Government view on fertility level changed,Government view on fertility level changed from 'Satisfactory' to 'Too high'.,This may reflect a shift in how fertility trends are evaluated by the government.,unknown,0.8,"[""view_on_fertility_level"", ""population_policy""]",
COL,1996,un_wpp,family_planning,government_support,Family planning support changed,Family planning support changed from 'Direct support' to 'Indirect support'.,This may affect access to family planning services and reproductive choices.,restrictive,0.8,"[""family_planning_support"", ""family_planning""]",
COL,2001,un_wpp,family_planning,government_support,Family planning support changed,Family planning support changed from 'Indirect support' to 'Direct support'.,This may affect access to family planning services and reproductive choices.,expansive,0.8,"[""family_planning_support"", ""family_planning""]",
COL,2007,un_wpp,abortion,legal_grounds,Abortion policy changed,"Legal grounds for abortion changed from '1' to '1,2,3,4,5'.",This may affect legal access to abortion and reproductive autonomy.,expansive,0.8,"[""abortion_grounds"", ""abortion""]",
COL,2001,un_wpp,reproductive_health,adolescent_fertility_concern,Concern about adolescent fertility changed,Concern about adolescent fertility changed from 'Not a concern' to 'Major concern'.,This may influence reproductive health priorities for adolescents.,unknown,0.8,"[""concern_about_adolescent_fertility"", ""reproductive_health""]",
COL,2001,un_wpp,reproductive_health,adolescent_fertility_policy,Adolescent fertility policy changed,Policies to reduce adolescent fertility changed from 'No' to 'Yes'.,This may affect reproductive health interventions targeting adolescents.,unknown,0.8,"[""policies_reduce_adolescent_fertility"", ""reproductive_health""]",
COM,1986,un_wpp,population_policy,official_orientation,Population policy orientation changed,Population policy orientation changed from 'No intervention' to 'Lower'.,This may affect how the state approaches fertility trends and demographic goals.,anti_natal,0.8,"[""policy_on_fertility_level"", ""population_policy""]",
COM,1986,un_wpp,family_planning,government_support,Family planning support changed,Family planning support changed from 'No support' to 'Direct support'.,This may affect access to family planning services and reproductive choices.,expansive,0.8,"[""family_planning_support"", ""family_planning""]",
COM,2001,un_wpp,abortion,legal_grounds,Abortion policy changed,"Legal grounds for abortion changed from '1,2' to '1,2,3'.",This may affect legal access to abortion and reproductive autonomy.,expansive,0.8,"[""abortion_grounds"", ""abortion""]",
COM,2013,un_wpp,gender_reproductive_rights,domestic_violence_policy,Domestic violence policy changed,Domestic violence policy changed from 'Neither' to '1'.,This may reflect broader reproductive rights and protection policies.,unknown,0.8,"[""domestic_violence_policies"", ""gender_reproductive_rights""]",
COM,2003,un_wpp,reproductive_health,adolescent_fertility_policy,Adolescent fertility policy changed,Policies to reduce adolescent fertility changed from 'No' to 'Yes'.,This may affect reproductive health interventions targeting adolescents.,unknown,0.8,"[""policies_reduce_adolescent_fertility"", ""reproductive_health""]",
COG,1996,un_wpp,population_policy,official_orientation,Population policy orientation changed,Population policy orientation changed from 'No intervention' to 'Lower'.,This may affect how the state approaches fertility trends and demographic goals.,anti_natal,0.8,"[""policy_on_fertility_level"", ""population_policy""]",
COG,1986,un_wpp,population_policy,government_view,Government view on fertility level changed,Government view on fertility level changed from 'Satisfactory' to 'Too low'.,This may reflect a shift in how fertility trends are evaluated by the government.,unknown,0.8,"[""view_on_fertility_level"", ""population_policy""]",
COG,1996,un_wpp,population_policy,government_view,Government view on fertility level changed,Government view on fertility level changed from 'Too low' to 'Too high'.,This may reflect a shift in how fertility trends are evaluated by the government.,unknown,0.8,"[""view_on_fertility_level"", ""population_policy""]",
COG,2001,un_wpp,abortion,legal_grounds,Abortion policy changed,"Legal grounds for abortion changed from '1,2' to '1'.",This may affect legal access to abortion and reproductive autonomy.,restrictive,0.8,"[""abortion_grounds"", ""abortion""]",
COG,2013,un_wpp,gender_reproductive_rights,domestic_violence_policy,Domestic violence policy changed,"Domestic violence policy changed from '1,2' to '2'.",This may reflect broader reproductive rights and protection policies.,unknown,0.8,"[""domestic_violence_policies"", ""gender_reproductive_rights""]",
CRI,1996,un_wpp,population_policy,official_orientation,Population policy orientation changed,Population policy orientation changed from 'No intervention' to 'Lower'.,This may affect how the state approaches fertility trends and demographic goals.,anti_natal,0.8,"[""policy_on_fertility_level"", ""population_policy""]",
CRI,2011,un_wpp,population_policy,official_orientation,Population policy orientation changed,Population policy orientation changed from 'Lower' to 'Maintain'.,This may affect how the state approaches fertility trends and demographic goals.,neutral,0.8,"[""policy_on_fertility_level"", ""population_policy""]",
CRI,1986,un_wpp,population_policy,government_view,Government view on fertility level changed,Government view on fertility level changed from 'Too high' to 'Satisfactory'.,This may reflect a shift in how fertility trends are evaluated by the government.,unknown,0.8,"[""view_on_fertility_level"", ""population_policy""]",
CRI,1996,un_wpp,population_policy,government_view,Government view on fertility level changed,Government view on fertility level changed from 'Satisfactory' to 'Too high'.,This may reflect a shift in how fertility trends are evaluated by the government.,unknown,0.8,"[""view_on_fertility_level"", ""population_policy""]",
CRI,2001,un_wpp,population_policy,government_view,Government view on fertility level changed,Government view on fertility level changed from 'Too high' to 'Satisfactory'.,This may reflect a shift in how fertility trends are evaluated by the government.,unknown,0.8,"[""view_on_fertility_level"", ""population_policy""]",
CRI,2001,un_wpp,abortion,legal_grounds,Abortion policy changed,"Legal grounds for abortion changed from '1,2' to '1,2,3'.",This may affect legal access to abortion and reproductive autonomy.,expansive,0.8,"[""abortion_grounds"", ""abortion""]",
HRV,2001,un_wpp,reproductive_health,adolescent_fertility_concern,Concern about adolescent fertility changed,Concern about adolescent fertility changed from 'Not a concern' to 'Minor concern'.,This may influence reproductive health priorities for adolescents.,unknown,0.8,"[""concern_about_adolescent_fertility"", ""reproductive_health""]",
HRV,2011,un_wpp,reproductive_health,adolescent_fertility_concern,Concern about adolescent fertility changed,Concern about adolescent fertility changed from 'Minor concern' to 'Major concern'.,This may influence reproductive health priorities for adolescents.,unknown,0.8,"[""concern_about_adolescent_fertility"", ""reproductive_health""]",
CUB,2011,un_wpp,population_policy,official_orientation,Population policy orientation changed,Population policy orientation changed from 'No intervention' to 'Raise'.,This may affect how the state approaches fertility trends and demographic goals.,pro_natal,0.8,"[""policy_on_fertility_level"", ""population_policy""]",
CUB,2011,un_wpp,population_policy,government_view,Government view on fertility level changed,Government view on fertility level changed from 'Satisfactory' to 'Too low'.,This may reflect a shift in how fertility trends are evaluated by the government.,unknown,0.8,"[""view_on_fertility_level"", ""population_policy""]",
CYP,1986,un_wpp,population_policy,official_orientation,Population policy orientation changed,Population policy orientation changed from 'No intervention' to 'Raise'.,This may affect how the state approaches fertility trends and demographic goals.,pro_natal,0.8,"[""policy_on_fertility_level"", ""population_policy""]",
CYP,1986,un_wpp,population_policy,government_view,Government view on fertility level changed,Government view on fertility level changed from 'Satisfactory' to 'Too low'.,This may reflect a shift in how fertility trends are evaluated by the government.,unknown,0.8,"[""view_on_fertility_level"", ""population_policy""]",
CYP,1986,un_wpp,family_planning,government_support,Family planning support changed,Family planning support changed from 'No support' to 'Direct support'.,This may affect access to family planning services and reproductive choices.,expansive,0.8,"[""family_planning_support"", ""family_planning""]",
CYP,1996,un_wpp,family_planning,government_support,Family planning support changed,Family planning support changed from 'Direct support' to 'Indirect support'.,This may affect access to family planning services and reproductive choices.,restrictive,0.8,"[""family_planning_support"", ""family_planning""]",
CYP,2005,un_wpp,family_planning,government_support,Family planning support changed,Family planning support changed from 'Indirect support' to 'Direct support'.,This may affect access to family planning services and reproductive choices.,expansive,0.8,"[""family_planning_support"", ""family_planning""]",
CYP,2001,un_wpp,reproductive_health,adolescent_fertility_concern,Concern about adolescent fertility changed,Concern about adolescent fertility changed from 'Minor concern' to 'Major concern'.,This may influence reproductive health priorities for adolescents.,unknown,0.8,"[""concern_about_adolescent_fertility"", ""reproductive_health""]",
CYP,2005,un_wpp,reproductive_health,adolescent_fertility_concern,Concern about adolescent fertility changed,Concern about adolescent fertility changed from 'Major concern' to 'Minor concern'.,This may influence reproductive health priorities for adolescents.,unknown,0.8,"[""concern_about_adolescent_fertility"", ""reproductive_health""]",
CYP,2001,un_wpp,reproductive_health,adolescent_fertility_policy,Adolescent fertility policy changed,Policies to reduce adolescent fertility changed from 'No' to 'Yes'.,This may affect reproductive health interventions targeting adolescents.,unknown,0.8,"[""policies_reduce_adolescent_fertility"", ""reproductive_health""]",
CZE,2001,un_wpp,population_policy,official_orientation,Population policy orientation changed,Population policy orientation changed from 'No intervention' to 'Raise'.,This may affect how the state approaches fertility trends and demographic goals.,pro_natal,0.8,"[""policy_on_fertility_level"", ""population_policy""]",
CZE,2001,un_wpp,population_policy,government_view,Government view on fertility level changed,Government view on fertility level changed from 'Satisfactory' to 'Too low'.,This may reflect a shift in how fertility trends are evaluated by the government.,unknown,0.8,"[""view_on_fertility_level"", ""population_policy""]",
CZE,2011,un_wpp,reproductive_health,adolescent_fertility_concern,Concern about adolescent fertility changed,Concern about adolescent fertility changed from 'Not a concern' to 'Major concern'.,This may influence reproductive health priorities for adolescents.,unknown,0.8,"[""concern_about_adolescent_fertility"", ""reproductive_health""]",
CZE,2011,un_wpp,reproductive_health,adolescent_fertility_policy,Adolescent fertility policy changed,Policies to reduce adolescent fertility changed from 'No' to 'Yes'.,This may affect reproductive health interventions targeting adolescents.,unknown,0.8,"[""policies_reduce_adolescent_fertility"", ""reproductive_health""]",
CIV,1986,un_wpp,population_policy,official_orientation,Population policy orientation changed,Population policy orientation changed from 'Maintain' to 'Raise'.,This may affect how the state approaches fertility trends and demographic goals.,pro_natal,0.8,"[""policy_on_fertility_level"", ""population_policy""]",
CIV,2001,un_wpp,population_policy,official_orientation,Population policy orientation changed,Population policy orientation changed from 'Raise' to 'Lower'.,This may affect how the state approaches fertility trends and demographic goals.,anti_natal,0.8,"[""policy_on_fertility_level"", ""population_policy""]",
CIV,2001,un_wpp,population_policy,government_view,Government view on fertility level changed,Government view on fertility level changed from 'Satisfactory' to 'Too high'.,This may reflect a shift in how fertility trends are evaluated by the government.,unknown,0.8,"[""view_on_fertility_level"", ""population_policy""]",
CIV,1996,un_wpp,family_planning,government_support,Family planning support changed,Family planning support changed from 'No support' to 'Indirect support'.,This may affect access to family planning services and reproductive choices.,expansive,0.8,"[""family_planning_support"", ""family_planning""]",
CIV,2001,un_wpp,family_planning,government_support,Family planning support changed,Family planning support changed from 'Indirect support' to 'Direct support'.,This may affect access to family planning services and reproductive choices.,expansive,0.8,"[""family_planning_support"", ""family_planning""]",
CIV,2013,un_wpp,gender_reproductive_rights,domestic_violence_policy,Domestic violence policy changed,"Domestic violence policy changed from '1,2' to '2'.",This may reflect broader reproductive rights and protection policies.,unknown,0.8,"[""domestic_violence_policies"", ""gender_reproductive_rights""]",
PRK,2005,un_wpp,population_policy,official_orientation,Population policy orientation changed,Population policy orientation changed from 'Maintain' to 'No intervention'.,This may affect how the state approaches fertility trends and demographic goals.,neutral,0.8,"[""policy_on_fertility_level"", ""population_policy""]",
PRK,2011,un_wpp,population_policy,official_orientation,Population policy orientation changed,Population policy orientation changed from 'No intervention' to 'Raise'.,This may affect how the state approaches fertility trends and demographic goals.,pro_natal,0.8,"[""policy_on_fertility_level"", ""population_policy""]",
PRK,2005,un_wpp,population_policy,government_view,Government view on fertility level changed,Government view on fertility level changed from 'Satisfactory' to 'Too low'.,This may reflect a shift in how fertility trends are evaluated by the government.,unknown,0.8,"[""view_on_fertility_level"", ""population_policy""]",
COD,2013,un_wpp,population_policy,official_orientation,Population policy orientation changed,Population policy orientation changed from 'No intervention' to 'Lower'.,This may affect how the state approaches fertility trends and demographic goals.,anti_natal,0.8,"[""policy_on_fertility_level"", ""population_policy""]",
COD,2011,un_wpp,population_policy,government_view,Government view on fertility level changed,Government view on fertility level changed from 'Satisfactory' to 'Too high'.,This may reflect a shift in how fertility trends are evaluated by the government.,unknown,0.8,"[""view_on_fertility_level"", ""population_policy""]",
COD,1986,un_wpp,family_planning,government_support,Family planning support changed,Family planning support changed from 'Direct support' to 'Indirect support'.,This may affect access to family planning services and reproductive choices.,restrictive,0.8,"[""family_planning_support"", ""family_planning""]",
COD,1996,un_wpp,family_planning,government_support,Family planning support changed,Family planning support changed from 'Indirect support' to 'Direct support'.,This may affect access to family planning services and reproductive choices.,expansive,0.8,"[""family_planning_support"", ""family_planning""]",
COD,2011,un_wpp,reproductive_health,adolescent_fertility_concern,Concern about adolescent fertility changed,Concern about adolescent fertility changed from 'Minor concern' to 'Major concern'.,This may influence reproductive health priorities for adolescents.,unknown,0.8,"[""concern_about_adolescent_fertility"", ""reproductive_health""]",
DNK,2011,un_wpp,population_policy,official_orientation,Population policy orientation changed,Population policy orientation changed from 'No intervention' to 'Raise'.,This may affect how the state approaches fertility trends and demographic goals.,pro_natal,0.8,"[""policy_on_fertility_level"", ""population_policy""]",
DNK,2011,un_wpp,population_policy,government_view,Government view on fertility level changed,Government view on fertility level changed from 'Satisfactory' to 'Too low'.,This may reflect a shift in how fertility trends are evaluated by the government.,unknown,0.8,"[""view_on_fertility_level"", ""population_policy""]",
DNK,2001,un_wpp,family_planning,government_support,Family planning support changed,Family planning support changed from 'Direct support' to 'Indirect support'.,This may affect access to family planning services and reproductive choices.,restrictive,0.8,"[""family_planning_support"", ""family_planning""]",
DNK,2011,un_wpp,family_planning,government_support,Family planning support changed,Family planning support changed from 'Indirect support' to 'Direct support'.,This may affect access to family planning services and reproductive choices.,expansive,0.8,"[""family_planning_support"", ""family_planning""]",
DNK,2011,un_wpp,reproductive_health,adolescent_fertility_concern,Concern about adolescent fertility changed,Concern about adolescent fertility changed from 'Minor concern' to 'Not a concern'.,This may influence reproductive health priorities for adolescents.,unknown,0.8,"[""concern_about_adolescent_fertility"", ""reproductive_health""]",
DNK,2011,un_wpp,reproductive_health,adolescent_fertility_policy,Adolescent fertility policy changed,Policies to reduce adolescent fertility changed from 'Yes' to 'No'.,This may affect reproductive health interventions targeting adolescents.,unknown,0.8,"[""policies_reduce_adolescent_fertility"", ""reproductive_health""]",
DJI,2013,un_wpp,population_policy,official_orientation,Population policy orientation changed,Population policy orientation changed from 'No intervention' to 'Lower'.,This may affect how the state approaches fertility trends and demographic goals.,anti_natal,0.8,"[""policy_on_fertility_level"", ""population_policy""]",
DJI,2001,un_wpp,population_policy,government_view,Government view on fertility level changed,Government view on fertility level changed from 'Satisfactory' to 'Too high'.,This may reflect a shift in how fertility trends are evaluated by the government.,unknown,0.8,"[""view_on_fertility_level"", ""population_policy""]",
DJI,2001,un_wpp,family_planning,government_support,Family planning support changed,Family planning support changed from 'No support' to 'Direct support'.,This may affect access to family planning services and reproductive choices.,expansive,0.8,"[""family_planning_support"", ""family_planning""]",
DJI,2007,un_wpp,reproductive_health,adolescent_fertility_concern,Concern about adolescent fertility changed,Concern about adolescent fertility changed from 'Not a concern' to 'Minor concern'.,This may influence reproductive health priorities for adolescents.,unknown,0.8,"[""concern_about_adolescent_fertility"", ""reproductive_health""]",
DJI,2011,un_wpp,reproductive_health,adolescent_fertility_policy,Adolescent fertility policy changed,Policies to reduce adolescent fertility changed from 'No' to 'Yes'.,This may affect reproductive health interventions targeting adolescents.,unknown,0.8,"[""policies_reduce_adolescent_fertility"", ""reproductive_health""]",
DMA,2001,un_wpp,population_policy,official_orientation,Population policy orientation changed,Population policy orientation changed from 'Lower' to 'No intervention'.,This may affect how the state approaches fertility trends and demographic goals.,neutral,0.8,"[""policy_on_fertility_level"", ""population_policy""]",
DMA,2001,un_wpp,population_policy,government_view,Government view on fertility level changed,Government view on fertility level changed from 'Too high' to 'Satisfactory'.,This may reflect a shift in how fertility trends are evaluated by the government.,unknown,0.8,"[""view_on_fertility_level"", ""population_policy""]",
DMA,2005,un_wpp,reproductive_health,adolescent_fertility_concern,Concern about adolescent fertility changed,Concern about adolescent fertility changed from 'Not a concern' to 'Major concern'.,This may influence reproductive health priorities for adolescents.,unknown,0.8,"[""concern_about_adolescent_fertility"", ""reproductive_health""]",
DMA,2005,un_wpp,reproductive_health,adolescent_fertility_policy,Adolescent fertility policy changed,Policies to reduce adolescent fertility changed from 'No' to 'Yes'.,This may affect reproductive health interventions targeting adolescents.,unknown,0.8,"[""policies_reduce_adolescent_fertility"", ""reproductive_health""]",
DOM,2009,un_wpp,abortion,legal_grounds,Abortion policy changed,Legal grounds for abortion changed from '1' to 'Not permitted'.,This may affect legal access to abortion and reproductive autonomy.,unknown,0.8,"[""abortion_grounds"", ""abortion""]",
DOM,2001,un_wpp,reproductive_health,adolescent_fertility_policy,Adolescent fertility policy changed,Policies to reduce adolescent fertility changed from 'No' to 'Yes'.,This may affect reproductive health interventions targeting adolescents.,unknown,0.8,"[""policies_reduce_adolescent_fertility"", ""reproductive_health""]",
ECU,1996,un_wpp,population_policy,official_orientation,Population policy orientation changed,Population policy orientation changed from 'No intervention' to 'Lower'.,This may affect how the state approaches fertility trends and demographic goals.,anti_natal,0.8,"[""policy_on_fertility_level"", ""population_policy""]",
ECU,2005,un_wpp,population_policy,official_orientation,Population policy orientation changed,Population policy orientation changed from 'Lower' to 'Maintain'.,This may affect how the state approaches fertility trends and demographic goals.,neutral,0.8,"[""policy_on_fertility_level"", ""population_policy""]",
ECU,2009,un_wpp,population_policy,official_orientation,Population policy orientation changed,Population policy orientation changed from 'Maintain' to 'No intervention'.,This may affect how the state approaches fertility trends and demographic goals.,neutral,0.8,"[""policy_on_fertility_level"", ""population_policy""]",
ECU,2013,un_wpp,population_policy,official_orientation,Population policy orientation changed,Population policy orientation changed from 'No intervention' to 'Maintain'.,This may affect how the state approaches fertility trends and demographic goals.,neutral,0.8,"[""policy_on_fertility_level"", ""population_policy""]",
ECU,1986,un_wpp,population_policy,government_view,Government view on fertility level changed,Government view on fertility level changed from 'Too high' to 'Satisfactory'.,This may reflect a shift in how fertility trends are evaluated by the government.,unknown,0.8,"[""view_on_fertility_level"", ""population_policy""]",
ECU,1996,un_wpp,population_policy,government_view,Government view on fertility level changed,Government view on fertility level changed from 'Satisfactory' to 'Too high'.,This may reflect a shift in how fertility trends are evaluated by the government.,unknown,0.8,"[""view_on_fertility_level"", ""population_policy""]",
ECU,2005,un_wpp,population_policy,government_view,Government view on fertility level changed,Government view on fertility level changed from 'Too high' to 'Satisfactory'.,This may reflect a shift in how fertility trends are evaluated by the government.,unknown,0.8,"[""view_on_fertility_level"", ""population_policy""]",
ECU,2001,un_wpp,abortion,legal_grounds,Abortion policy changed,"Legal grounds for abortion changed from '1,2,4' to '1,2,3,4'.",This may affect legal access to abortion and reproductive autonomy.,expansive,0.8,"[""abortion_grounds"", ""abortion""]",
ECU,2009,un_wpp,abortion,legal_grounds,Abortion policy changed,"Legal grounds for abortion changed from '1,2,3,4' to '1,2'.",This may affect legal access to abortion and reproductive autonomy.,restrictive,0.8,"[""abortion_grounds"", ""abortion""]",
ECU,2011,un_wpp,abortion,legal_grounds,Abortion policy changed,"Legal grounds for abortion changed from '1,2' to '1,2,3'.",This may affect legal access to abortion and reproductive autonomy.,expansive,0.8,"[""abortion_grounds"", ""abortion""]",
EGY,2005,un_wpp,reproductive_health,adolescent_fertility_concern,Concern about adolescent fertility changed,Concern about adolescent fertility changed from 'Major concern' to 'Minor concern'.,This may influence reproductive health priorities for adolescents.,unknown,0.8,"[""concern_about_adolescent_fertility"", ""reproductive_health""]",
EGY,2001,un_wpp,reproductive_health,adolescent_fertility_policy,Adolescent fertility policy changed,Policies to reduce adolescent fertility changed from 'No' to 'Yes'.,This may affect reproductive health interventions targeting adolescents.,unknown,0.8,"[""policies_reduce_adolescent_fertility"", ""reproductive_health""]",
SLV,2005,un_wpp,population_policy,official_orientation,Population policy orientation changed,Population policy orientation changed from 'Lower' to 'No intervention'.,This may affect how the state approaches fertility trends and demographic goals.,neutral,0.8,"[""policy_on_fertility_level"", ""population_policy""]",
SLV,2005,un_wpp,population_policy,government_view,Government view on fertility level changed,Government view on fertility level changed from 'Too high' to 'Satisfactory'.,This may reflect a shift in how fertility trends are evaluated by the government.,unknown,0.8,"[""view_on_fertility_level"", ""population_policy""]",
SLV,2003,un_wpp,reproductive_health,adolescent_fertility_concern,Concern about adolescent fertility changed,Concern about adolescent fertility changed from 'Minor concern' to 'Major concern'.,This may influence reproductive health priorities for adolescents.,unknown,0.8,"[""concern_about_adolescent_fertility"", ""reproductive_health""]",
SLV,2003,un_wpp,reproductive_health,adolescent_fertility_policy,Adolescent fertility policy changed,Policies to reduce adolescent fertility changed from 'No' to 'Yes'.,This may affect reproductive health interventions targeting adolescents.,unknown,0.8,"[""policies_reduce_adolescent_fertility"", ""reproductive_health""]",
GNQ,1986,un_wpp,population_policy,official_orientation,Population policy orientation changed,Population policy orientation changed from 'No intervention' to 'Raise'.,This may affect how the state approaches fertility trends and demographic goals.,pro_natal,0.8,"[""policy_on_fertility_level"", ""population_policy""]",
GNQ,1996,un_wpp,population_policy,official_orientation,Population policy orientation changed,Population policy orientation changed from 'Raise' to 'Maintain'.,This may affect how the state approaches fertility trends and demographic goals.,neutral,0.8,"[""policy_on_fertility_level"", ""population_policy""]",
GNQ,1996,un_wpp,population_policy,government_view,Government view on fertility level changed,Government view on fertility level changed from 'Too low' to 'Satisfactory'.,This may reflect a shift in how fertility trends are evaluated by the government.,unknown,0.8,"[""view_on_fertility_level"", ""population_policy""]",
GNQ,2009,un_wpp,family_planning,government_support,Family planning support changed,Family planning support changed from 'No support' to 'Direct support'.,This may affect access to family planning services and reproductive choices.,expansive,0.8,"[""family_planning_support"", ""family_planning""]",
GNQ,2001,un_wpp,abortion,legal_grounds,Abortion policy changed,"Legal grounds for abortion changed from '1' to '1,2,3'.",This may affect legal access to abortion and reproductive autonomy.,expansive,0.8,"[""abortion_grounds"", ""abortion""]",
ERI,2011,un_wpp,abortion,legal_grounds,Abortion policy changed,"Legal grounds for abortion changed from '1,2,3' to '1,2,3,4,5'.",This may affect legal access to abortion and reproductive autonomy.,expansive,0.8,"[""abortion_grounds"", ""abortion""]",
ERI,2013,un_wpp,reproductive_health,adolescent_fertility_concern,Concern about adolescent fertility changed,Concern about adolescent fertility changed from 'Minor concern' to 'Major concern'.,This may influence reproductive health priorities for adolescents.,unknown,0.8,"[""concern_about_adolescent_fertility"", ""reproductive_health""]",
EST,2001,un_wpp,population_policy,official_orientation,Population policy orientation changed,Population policy orientation changed from 'Raise' to 'No intervention'.,This may affect how the state approaches fertility trends and demographic goals.,neutral,0.8,"[""policy_on_fertility_level"", ""population_policy""]",
EST,2003,un_wpp,population_policy,official_orientation,Population policy orientation changed,Population policy orientation changed from 'No intervention' to 'Raise'.,This may affect how the state approaches fertility trends and demographic goals.,pro_natal,0.8,"[""policy_on_fertility_level"", ""population_policy""]",
EST,2001,un_wpp,family_planning,government_support,Family planning support changed,Family planning support changed from 'No support' to 'Indirect support'.,This may affect access to family planning services and reproductive choices.,expansive,0.8,"[""family_planning_support"", ""family_planning""]",
EST,2005,un_wpp,reproductive_health,adolescent_fertility_concern,Concern about adolescent fertility changed,Concern about adolescent fertility changed from 'Not a concern' to 'Minor concern'.,This may influence reproductive health priorities for adolescents.,unknown,0.8,"[""concern_about_adolescent_fertility"", ""reproductive_health""]",
EST,2009,un_wpp,reproductive_health,adolescent_fertility_concern,Concern about adolescent fertility changed,Concern about adolescent fertility changed from 'Minor concern' to 'Not a concern'.,This may influence reproductive health priorities for adolescents.,unknown,0.8,"[""concern_about_adolescent_fertility"", ""reproductive_health""]",
EST,2005,un_wpp,reproductive_health,adolescent_fertility_policy,Adolescent fertility policy changed,Policies to reduce adolescent fertility changed from 'No' to 'Yes'.,This may affect reproductive health interventions targeting adolescents.,unknown,0.8,"[""policies_reduce_adolescent_fertility"", ""reproductive_health""]",
EST,2009,un_wpp,reproductive_health,adolescent_fertility_policy,Adolescent fertility policy changed,Policies to reduce adolescent fertility changed from 'Yes' to 'No'.,This may affect reproductive health interventions targeting adolescents.,unknown,0.8,"[""policies_reduce_adolescent_fertility"", ""reproductive_health""]",
ETH,1996,un_wpp,population_policy,official_orientation,Population policy orientation changed,Population policy orientation changed from 'No intervention' to 'Lower'.,This may affect how the state approaches fertility trends and demographic goals.,anti_natal,0.8,"[""policy_on_fertility_level"", ""population_policy""]",
ETH,1986,un_wpp,population_policy,government_view,Government view on fertility level changed,Government view on fertility level changed from 'Satisfactory' to 'Too high'.,This may reflect a shift in how fertility trends are evaluated by the government.,unknown,0.8,"[""view_on_fertility_level"", ""population_policy""]",
ETH,1986,un_wpp,family_planning,government_support,Family planning support changed,Family planning support changed from 'Indirect support' to 'Direct support'.,This may affect access to family planning services and reproductive choices.,expansive,0.8,"[""family_planning_support"", ""family_planning""]",
ETH,2005,un_wpp,abortion,legal_grounds,Abortion policy changed,"Legal grounds for abortion changed from '1,2' to '1,2,3,4,5'.",This may affect legal access to abortion and reproductive autonomy.,expansive,0.8,"[""abortion_grounds"", ""abortion""]",
ETH,2005,un_wpp,reproductive_health,adolescent_fertility_policy,Adolescent fertility policy changed,Policies to reduce adolescent fertility changed from 'Yes' to 'No'.,This may affect reproductive health interventions targeting adolescents.,unknown,0.8,"[""policies_reduce_adolescent_fertility"", ""reproductive_health""]",
ETH,2011,un_wpp,reproductive_health,adolescent_fertility_policy,Adolescent fertility policy changed,Policies to reduce adolescent fertility changed from 'No' to 'Yes'.,This may affect reproductive health interventions targeting adolescents.,unknown,0.8,"[""policies_reduce_adolescent_fertility"", ""reproductive_health""]",
FJI,2001,un_wpp,population_policy,government_view,Government view on fertility level changed,Government view on fertility level changed from 'Too high' to 'Satisfactory'.,This may reflect a shift in how fertility trends are evaluated by the government.,unknown,0.8,"[""view_on_fertility_level"", ""population_policy""]",
FJI,2001,un_wpp,abortion,legal_grounds,Abortion policy changed,"Legal grounds for abortion changed from '1,2,3' to '1,2,3,6'.",This may affect legal access to abortion and reproductive autonomy.,expansive,0.8,"[""abortion_grounds"", ""abortion""]",
FJI,2009,un_wpp,abortion,legal_grounds,Abortion policy changed,"Legal grounds for abortion changed from '1,2,3,6' to '1,2,3,4,5'.",This may affect legal access to abortion and reproductive autonomy.,expansive,0.8,"[""abortion_grounds"", ""abortion""]",
FJI,2011,un_wpp,abortion,legal_grounds,Abortion policy changed,"Legal grounds for abortion changed from '1,2,3,4,5' to '1,2,3,4,5,6'.",This may affect legal access to abortion and reproductive autonomy.,expansive,0.8,"[""abortion_grounds"", ""abortion""]",
FIN,1986,un_wpp,population_policy,official_orientation,Population policy orientation changed,Population policy orientation changed from 'Raise' to 'No intervention'.,This may affect how the state approaches fertility trends and demographic goals.,neutral,0.8,"[""policy_on_fertility_level"", ""population_policy""]",
FIN,1996,un_wpp,population_policy,official_orientation,Population policy orientation changed,Population policy orientation changed from 'No intervention' to 'Raise'.,This may affect how the state approaches fertility trends and demographic goals.,pro_natal,0.8,"[""policy_on_fertility_level"", ""population_policy""]",
FIN,2001,un_wpp,population_policy,official_orientation,Population policy orientation changed,Population policy orientation changed from 'Raise' to 'No intervention'.,This may affect how the state approaches fertility trends and demographic goals.,neutral,0.8,"[""policy_on_fertility_level"", ""population_policy""]",
FIN,2005,un_wpp,population_policy,official_orientation,Population policy orientation changed,Population policy orientation changed from 'No intervention' to 'Raise'.,This may affect how the state approaches fertility trends and demographic goals.,pro_natal,0.8,"[""policy_on_fertility_level"", ""population_policy""]",
FIN,2007,un_wpp,population_policy,official_orientation,Population policy orientation changed,Population policy orientation changed from 'Raise' to 'Maintain'.,This may affect how the state approaches fertility trends and demographic goals.,neutral,0.8,"[""policy_on_fertility_level"", ""population_policy""]",
FIN,1986,un_wpp,population_policy,government_view,Government view on fertility level changed,Government view on fertility level changed from 'Too low' to 'Satisfactory'.,This may reflect a shift in how fertility trends are evaluated by the government.,unknown,0.8,"[""view_on_fertility_level"", ""population_policy""]",
FIN,2005,un_wpp,population_policy,government_view,Government view on fertility level changed,Government view on fertility level changed from 'Satisfactory' to 'Too low'.,This may reflect a shift in how fertility trends are evaluated by the government.,unknown,0.8,"[""view_on_fertility_level"", ""population_policy""]",
FIN,2007,un_wpp,population_policy,government_view,Government view on fertility level changed,Government view on fertility level changed from 'Too low' to 'Satisfactory'.,This may reflect a shift in how fertility trends are evaluated by the government.,unknown,0.8,"[""view_on_fertility_level"", ""population_policy""]",
FIN,2005,un_wpp,reproductive_health,adolescent_fertility_policy,Adolescent fertility policy changed,Policies to reduce adolescent fertility changed from 'No' to 'Yes'.,This may affect reproductive health interventions targeting adolescents.,unknown,0.8,"[""policies_reduce_adolescent_fertility"", ""reproductive_health""]",
FRA,2001,un_wpp,population_policy,official_orientation,Population policy orientation changed,Population policy orientation changed from 'Raise' to 'No intervention'.,This may affect how the state approaches fertility trends and demographic goals.,neutral,0.8,"[""policy_on_fertility_level"", ""population_policy""]",
FRA,2003,un_wpp,population_policy,official_orientation,Population policy orientation changed,Population policy orientation changed from 'No intervention' to 'Raise'.,This may affect how the state approaches fertility trends and demographic goals.,pro_natal,0.8,"[""policy_on_fertility_level"", ""population_policy""]",
FRA,2007,un_wpp,population_policy,government_view,Government view on fertility level changed,Government view on fertility level changed from 'Too low' to 'Satisfactory'.,This may reflect a shift in how fertility trends are evaluated by the government.,unknown,0.8,"[""view_on_fertility_level"", ""population_policy""]",
FRA,1986,un_wpp,family_planning,government_support,Family planning support changed,Family planning support changed from 'Direct support' to 'Indirect support'.,This may affect access to family planning services and reproductive choices.,restrictive,0.8,"[""family_planning_support"", ""family_planning""]",
FRA,1996,un_wpp,family_planning,government_support,Family planning support changed,Family planning support changed from 'Indirect support' to 'No support'.,This may affect access to family planning services and reproductive choices.,restrictive,0.8,"[""family_planning_support"", ""family_planning""]",
FRA,2001,un_wpp,family_planning,government_support,Family planning support changed,Family planning support changed from 'No support' to 'Indirect support'.,This may affect access to family planning services and reproductive choices.,expansive,0.8,"[""family_planning_support"", ""family_planning""]",
FRA,2011,un_wpp,family_planning,government_support,Family planning support changed,Family planning support changed from 'Indirect support' to 'Direct support'.,This may affect access to family planning services and reproductive choices.,expansive,0.8,"[""family_planning_support"", ""family_planning""]",
FRA,2005,un_wpp,reproductive_health,adolescent_fertility_concern,Concern about adolescent fertility changed,Concern about adolescent fertility changed from 'Major concern' to 'Minor concern'.,This may influence reproductive health priorities for adolescents.,unknown,0.8,"[""concern_about_adolescent_fertility"", ""reproductive_health""]",
GAB,1986,un_wpp,family_planning,government_support,Family planning support changed,Family planning support changed from 'Limits' to 'No support'.,This may affect access to family planning services and reproductive choices.,unknown,0.8,"[""family_planning_support"", ""family_planning""]",
GAB,2011,un_wpp,family_planning,government_support,Family planning support changed,Family planning support changed from 'No support' to 'Direct support'.,This may affect access to family planning services and reproductive choices.,expansive,0.8,"[""family_planning_support"", ""family_planning""]",
GAB,2013,un_wpp,gender_reproductive_rights,domestic_violence_policy,Domestic violence policy changed,Domestic violence policy changed from 'Neither' to '2'.,This may reflect broader reproductive rights and protection policies.,unknown,0.8,"[""domestic_violence_policies"", ""gender_reproductive_rights""]",
GMB,1986,un_wpp,population_policy,official_orientation,Population policy orientation changed,Population policy orientation changed from 'No intervention' to 'Lower'.,This may affect how the state approaches fertility trends and demographic goals.,anti_natal,0.8,"[""policy_on_fertility_level"", ""population_policy""]",
GMB,1986,un_wpp,population_policy,government_view,Government view on fertility level changed,Government view on fertility level changed from 'Satisfactory' to 'Too high'.,This may reflect a shift in how fertility trends are evaluated by the government.,unknown,0.8,"[""view_on_fertility_level"", ""population_policy""]",
GMB,1986,un_wpp,family_planning,government_support,Family planning support changed,Family planning support changed from 'Indirect support' to 'Direct support'.,This may affect access to family planning services and reproductive choices.,expansive,0.8,"[""family_planning_support"", ""family_planning""]",
GMB,2005,un_wpp,reproductive_health,adolescent_fertility_concern,Concern about adolescent fertility changed,Concern about adolescent fertility changed from 'Minor concern' to 'Major concern'.,This may influence reproductive health priorities for adolescents.,unknown,0.8,"[""concern_about_adolescent_fertility"", ""reproductive_health""]",
GEO,2001,un_wpp,family_planning,government_support,Family planning support changed,Family planning support changed from 'No support' to 'Direct support'.,This may affect access to family planning services and reproductive choices.,expansive,0.8,"[""family_planning_support"", ""family_planning""]",
GEO,2001,un_wpp,reproductive_health,adolescent_fertility_policy,Adolescent fertility policy changed,Policies to reduce adolescent fertility changed from 'No' to 'Yes'.,This may affect reproductive health interventions targeting adolescents.,unknown,0.8,"[""policies_reduce_adolescent_fertility"", ""reproductive_health""]",
DEU,2007,un_wpp,population_policy,official_orientation,Population policy orientation changed,Population policy orientation changed from 'No intervention' to 'Raise'.,This may affect how the state approaches fertility trends and demographic goals.,pro_natal,0.8,"[""policy_on_fertility_level"", ""population_policy""]",
DEU,2001,un_wpp,reproductive_health,adolescent_fertility_concern,Concern about adolescent fertility changed,Concern about adolescent fertility changed from 'Not a concern' to 'Major concern'.,This may influence reproductive health priorities for adolescents.,unknown,0.8,"[""concern_about_adolescent_fertility"", ""reproductive_health""]",
DEU,2001,un_wpp,reproductive_health,adolescent_fertility_policy,Adolescent fertility policy changed,Policies to reduce adolescent fertility changed from 'No' to 'Yes'.,This may affect reproductive health interventions targeting adolescents.,unknown,0.8,"[""policies_reduce_adolescent_fertility"", ""reproductive_health""]",
GRC,2001,un_wpp,population_policy,official_orientation,Population policy orientation changed,Population policy orientation changed from 'Raise' to 'No intervention'.,This may affect how the state approaches fertility trends and demographic goals.,neutral,0.8,"[""policy_on_fertility_level"", ""population_policy""]",
GRC,2003,un_wpp,population_policy,official_orientation,Population policy orientation changed,Population policy orientation changed from 'No intervention' to 'Raise'.,This may affect how the state approaches fertility trends and demographic goals.,pro_natal,0.8,"[""policy_on_fertility_level"", ""population_policy""]",
GRC,1986,un_wpp,family_planning,government_support,Family planning support changed,Family planning support changed from 'Limits' to 'No support'.,This may affect access to family planning services and reproductive choices.,unknown,0.8,"[""family_planning_support"", ""family_planning""]",
GRC,2003,un_wpp,family_planning,government_support,Family planning support changed,Family planning support changed from 'No support' to 'Direct support'.,This may affect access to family planning services and reproductive choices.,expansive,0.8,"[""family_planning_support"", ""family_planning""]",
GRC,2005,un_wpp,family_planning,government_support,Family planning support changed,Family planning support changed from 'Direct support' to 'Indirect support'.,This may affect access to family planning services and reproductive choices.,restrictive,0.8,"[""family_planning_support"", ""family_planning""]",
GRC,2009,un_wpp,family_planning,government_support,Family planning support changed,Family planning support changed from 'Indirect support' to 'No support'.,This may affect access to family planning services and reproductive choices.,restrictive,0.8,"[""family_planning_support"", ""family_planning""]",
GRC,2005,un_wpp,reproductive_health,adolescent_fertility_concern,Concern about adolescent fertility changed,Concern about adolescent fertility changed from 'Minor concern' to 'Major concern'.,This may influence reproductive health priorities for adolescents.,unknown,0.8,"[""concern_about_adolescent_fertility"", ""reproductive_health""]",
GRC,2003,un_wpp,reproductive_health,adolescent_fertility_policy,Adolescent fertility policy changed,Policies to reduce adolescent fertility changed from 'No' to 'Yes'.,This may affect reproductive health interventions targeting adolescents.,unknown,0.8,"[""policies_reduce_adolescent_fertility"", ""reproductive_health""]",
GRD,2007,un_wpp,population_policy,official_orientation,Population policy orientation changed,Population policy orientation changed from 'Lower' to 'No intervention'.,This may affect how the state approaches fertility trends and demographic goals.,neutral,0.8,"[""policy_on_fertility_level"", ""population_policy""]",
GRD,2007,un_wpp,population_policy,government_view,Government view on fertility level changed,Government view on fertility level changed from 'Too high' to 'Satisfactory'.,This may reflect a shift in how fertility trends are evaluated by the government.,unknown,0.8,"[""view_on_fertility_level"", ""population_policy""]",
GTM,1996,un_wpp,population_policy,official_orientation,Population policy orientation changed,Population policy orientation changed from 'No intervention' to 'Lower'.,This may affect how the state approaches fertility trends and demographic goals.,anti_natal,0.8,"[""policy_on_fertility_level"", ""population_policy""]",
GTM,1986,un_wpp,population_policy,government_view,Government view on fertility level changed,Government view on fertility level changed from 'Too high' to 'Satisfactory'.,This may reflect a shift in how fertility trends are evaluated by the government.,unknown,0.8,"[""view_on_fertility_level"", ""population_policy""]",
GTM,1996,un_wpp,population_policy,government_view,Government view on fertility level changed,Government view on fertility level changed from 'Satisfactory' to 'Too high'.,This may reflect a shift in how fertility trends are evaluated by the government.,unknown,0.8,"[""view_on_fertility_level"", ""population_policy""]",
GTM,2003,un_wpp,reproductive_health,adolescent_fertility_concern,Concern about adolescent fertility changed,Concern about adolescent fertility changed from 'Minor concern' to 'Major concern'.,This may influence reproductive health priorities for adolescents.,unknown,0.8,"[""concern_about_adolescent_fertility"", ""reproductive_health""]",
GTM,2001,un_wpp,reproductive_health,adolescent_fertility_policy,Adolescent fertility policy changed,Policies to reduce adolescent fertility changed from 'No' to 'Yes'.,This may affect reproductive health interventions targeting adolescents.,unknown,0.8,"[""policies_reduce_adolescent_fertility"", ""reproductive_health""]",
GIN,1996,un_wpp,population_policy,official_orientation,Population policy orientation changed,Population policy orientation changed from 'No intervention' to 'Lower'.,This may affect how the state approaches fertility trends and demographic goals.,anti_natal,0.8,"[""policy_on_fertility_level"", ""population_policy""]",
GIN,1986,un_wpp,population_policy,government_view,Government view on fertility level changed,Government view on fertility level changed from 'Satisfactory' to 'Too high'.,This may reflect a shift in how fertility trends are evaluated by the government.,unknown,0.8,"[""view_on_fertility_level"", ""population_policy""]",
GIN,1986,un_wpp,family_planning,government_support,Family planning support changed,Family planning support changed from 'No support' to 'Direct support'.,This may affect access to family planning services and reproductive choices.,expansive,0.8,"[""family_planning_support"", ""family_planning""]",
GIN,2005,un_wpp,family_planning,government_support,Family planning support changed,Family planning support changed from 'Direct support' to 'Indirect support'.,This may affect access to family planning services and reproductive choices.,restrictive,0.8,"[""family_planning_support"", ""family_planning""]",
GIN,2011,un_wpp,family_planning,government_support,Family planning support changed,Family planning support changed from 'Indirect support' to 'Direct support'.,This may affect access to family planning services and reproductive choices.,expansive,0.8,"[""family_planning_support"", ""family_planning""]",
GIN,2007,un_wpp,abortion,legal_grounds,Abortion policy changed,"Legal grounds for abortion changed from '1,2,3' to '1,2,3,4,5'.",This may affect legal access to abortion and reproductive autonomy.,expansive,0.8,"[""abortion_grounds"", ""abortion""]",
GIN,2013,un_wpp,gender_reproductive_rights,domestic_violence_policy,Domestic violence policy changed,"Domestic violence policy changed from '1' to '1,2'.",This may reflect broader reproductive rights and protection policies.,unknown,0.8,"[""domestic_violence_policies"", ""gender_reproductive_rights""]",
GIN,2005,un_wpp,reproductive_health,adolescent_fertility_concern,Concern about adolescent fertility changed,Concern about adolescent fertility changed from 'Major concern' to 'Minor concern'.,This may influence reproductive health priorities for adolescents.,unknown,0.8,"[""concern_about_adolescent_fertility"", ""reproductive_health""]",
GIN,2001,un_wpp,reproductive_health,adolescent_fertility_policy,Adolescent fertility policy changed,Policies to reduce adolescent fertility changed from 'No' to 'Yes'.,This may affect reproductive health interventions targeting adolescents.,unknown,0.8,"[""policies_reduce_adolescent_fertility"", ""reproductive_health""]",
GIN,2005,un_wpp,reproductive_health,adolescent_fertility_policy,Adolescent fertility policy changed,Policies to reduce adolescent fertility changed from 'Yes' to 'No'.,This may affect reproductive health interventions targeting adolescents.,unknown,0.8,"[""policies_reduce_adolescent_fertility"", ""reproductive_health""]",
GIN,2011,un_wpp,reproductive_health,adolescent_fertility_policy,Adolescent fertility policy changed,Policies to reduce adolescent fertility changed from 'No' to 'Yes'.,This may affect reproductive health interventions targeting adolescents.,unknown,0.8,"[""policies_reduce_adolescent_fertility"", ""reproductive_health""]",
GNB,2013,un_wpp,population_policy,official_orientation,Population policy orientation changed,Population policy orientation changed from 'No intervention' to 'Lower'.,This may affect how the state approaches fertility trends and demographic goals.,anti_natal,0.8,"[""policy_on_fertility_level"", ""population_policy""]",
GNB,1996,un_wpp,population_policy,government_view,Government view on fertility level changed,Government view on fertility level changed from 'Satisfactory' to 'Too high'.,This may reflect a shift in how fertility trends are evaluated by the government.,unknown,0.8,"[""view_on_fertility_level"", ""population_policy""]",
GNB,1986,un_wpp,family_planning,government_support,Family planning support changed,Family planning support changed from 'Indirect support' to 'Direct support'.,This may affect access to family planning services and reproductive choices.,expansive,0.8,"[""family_planning_support"", ""family_planning""]",
GNB,2003,un_wpp,family_planning,government_support,Family planning support changed,Family planning support changed from 'Direct support' to 'Indirect support'.,This may affect access to family planning services and reproductive choices.,restrictive,0.8,"[""family_planning_support"", ""family_planning""]",
GNB,2011,un_wpp,family_planning,government_support,Family planning support changed,Family planning support changed from 'Indirect support' to 'Direct support'.,This may affect access to family planning services and reproductive choices.,expansive,0.8,"[""family_planning_support"", ""family_planning""]",
GUY,1986,un_wpp,family_planning,government_support,Family planning support changed,Family planning support changed from 'No support' to 'Direct support'.,This may affect access to family planning services and reproductive choices.,expansive,0.8,"[""family_planning_support"", ""family_planning""]",
HTI,2007,un_wpp,reproductive_health,adolescent_fertility_concern,Concern about adolescent fertility changed,Concern about adolescent fertility changed from 'Minor concern' to 'Major concern'.,This may influence reproductive health priorities for adolescents.,unknown,0.8,"[""concern_about_adolescent_fertility"", ""reproductive_health""]",
HND,2005,un_wpp,reproductive_health,adolescent_fertility_concern,Concern about adolescent fertility changed,Concern about adolescent fertility changed from 'Minor concern' to 'Major concern'.,This may influence reproductive health priorities for adolescents.,unknown,0.8,"[""concern_about_adolescent_fertility"", ""reproductive_health""]",
HUN,1986,un_wpp,population_policy,official_orientation,Population policy orientation changed,Population policy orientation changed from 'Maintain' to 'Raise'.,This may affect how the state approaches fertility trends and demographic goals.,pro_natal,0.8,"[""policy_on_fertility_level"", ""population_policy""]",
HUN,1986,un_wpp,population_policy,government_view,Government view on fertility level changed,Government view on fertility level changed from 'Satisfactory' to 'Too low'.,This may reflect a shift in how fertility trends are evaluated by the government.,unknown,0.8,"[""view_on_fertility_level"", ""population_policy""]",
HUN,2005,un_wpp,family_planning,government_support,Family planning support changed,Family planning support changed from 'Direct support' to 'Indirect support'.,This may affect access to family planning services and reproductive choices.,restrictive,0.8,"[""family_planning_support"", ""family_planning""]",
HUN,2001,un_wpp,reproductive_health,adolescent_fertility_concern,Concern about adolescent fertility changed,Concern about adolescent fertility changed from 'Not a concern' to 'Minor concern'.,This may influence reproductive health priorities for adolescents.,unknown,0.8,"[""concern_about_adolescent_fertility"", ""reproductive_health""]",
HUN,2003,un_wpp,reproductive_health,adolescent_fertility_policy,Adolescent fertility policy changed,Policies to reduce adolescent fertility changed from 'No' to 'Yes'.,This may affect reproductive health interventions targeting adolescents.,unknown,0.8,"[""policies_reduce_adolescent_fertility"", ""reproductive_health""]",
HUN,2005,un_wpp,reproductive_health,adolescent_fertility_policy,Adolescent fertility policy changed,Policies to reduce adolescent fertility changed from 'Yes' to 'No'.,This may affect reproductive health interventions targeting adolescents.,unknown,0.8,"[""policies_reduce_adolescent_fertility"", ""reproductive_health""]",
HUN,2009,un_wpp,reproductive_health,adolescent_fertility_policy,Adolescent fertility policy changed,Policies to reduce adolescent fertility changed from 'No' to 'Yes'.,This may affect reproductive health interventions targeting adolescents.,unknown,0.8,"[""policies_reduce_adolescent_fertility"", ""reproductive_health""]",
ISL,2001,un_wpp,population_policy,official_orientation,Population policy orientation changed,Population policy orientation changed from 'No intervention' to 'Maintain'.,This may affect how the state approaches fertility trends and demographic goals.,neutral,0.8,"[""policy_on_fertility_level"", ""population_policy""]",
ISL,2007,un_wpp,reproductive_health,adolescent_fertility_policy,Adolescent fertility policy changed,Policies to reduce adolescent fertility changed from 'No' to 'Yes'.,This may affect reproductive health interventions targeting adolescents.,unknown,0.8,"[""policies_reduce_adolescent_fertility"", ""reproductive_health""]",
IDN,2011,un_wpp,abortion,legal_grounds,Abortion policy changed,"Legal grounds for abortion changed from '1' to '1,4'.",This may affect legal access to abortion and reproductive autonomy.,expansive,0.8,"[""abortion_grounds"", ""abortion""]",
IDN,2013,un_wpp,abortion,legal_grounds,Abortion policy changed,"Legal grounds for abortion changed from '1,4' to '1,4,5'.",This may affect legal access to abortion and reproductive autonomy.,expansive,0.8,"[""abortion_grounds"", ""abortion""]",
IRQ,1986,un_wpp,population_policy,official_orientation,Population policy orientation changed,Population policy orientation changed from 'Maintain' to 'Raise'.,This may affect how the state approaches fertility trends and demographic goals.,pro_natal,0.8,"[""policy_on_fertility_level"", ""population_policy""]",
IRQ,2001,un_wpp,population_policy,official_orientation,Population policy orientation changed,Population policy orientation changed from 'Raise' to 'Lower'.,This may affect how the state approaches fertility trends and demographic goals.,anti_natal,0.8,"[""policy_on_fertility_level"", ""population_policy""]",
IRQ,2003,un_wpp,population_policy,official_orientation,Population policy orientation changed,Population policy orientation changed from 'Lower' to 'No intervention'.,This may affect how the state approaches fertility trends and demographic goals.,neutral,0.8,"[""policy_on_fertility_level"", ""population_policy""]",
IRQ,2013,un_wpp,population_policy,official_orientation,Population policy orientation changed,Population policy orientation changed from 'No intervention' to 'Lower'.,This may affect how the state approaches fertility trends and demographic goals.,anti_natal,0.8,"[""policy_on_fertility_level"", ""population_policy""]",
IRQ,1986,un_wpp,population_policy,government_view,Government view on fertility level changed,Government view on fertility level changed from 'Satisfactory' to 'Too low'.,This may reflect a shift in how fertility trends are evaluated by the government.,unknown,0.8,"[""view_on_fertility_level"", ""population_policy""]",
IRQ,2001,un_wpp,population_policy,government_view,Government view on fertility level changed,Government view on fertility level changed from 'Too low' to 'Satisfactory'.,This may reflect a shift in how fertility trends are evaluated by the government.,unknown,0.8,"[""view_on_fertility_level"", ""population_policy""]",
IRQ,2011,un_wpp,population_policy,government_view,Government view on fertility level changed,Government view on fertility level changed from 'Satisfactory' to 'Too high'.,This may reflect a shift in how fertility trends are evaluated by the government.,unknown,0.8,"[""view_on_fertility_level"", ""population_policy""]",
IRQ,1986,un_wpp,family_planning,government_support,Family planning support changed,Family planning support changed from 'Direct support' to 'Limits'.,This may affect access to family planning services and reproductive choices.,unknown,0.8,"[""family_planning_support"", ""family_planning""]",
IRQ,1996,un_wpp,family_planning,government_support,Family planning support changed,Family planning support changed from 'Limits' to 'No support'.,This may affect access to family planning services and reproductive choices.,unknown,0.8,"[""family_planning_support"", ""family_planning""]",
IRQ,2001,un_wpp,family_planning,government_support,Family planning support changed,Family planning support changed from 'No support' to 'Direct support'.,This may affect access to family planning services and reproductive choices.,expansive,0.8,"[""family_planning_support"", ""family_planning""]",
IRQ,2005,un_wpp,reproductive_health,adolescent_fertility_concern,Concern about adolescent fertility changed,Concern about adolescent fertility changed from 'Not a concern' to 'Minor concern'.,This may influence reproductive health priorities for adolescents.,unknown,0.8,"[""concern_about_adolescent_fertility"", ""reproductive_health""]",
IRQ,2011,un_wpp,reproductive_health,adolescent_fertility_concern,Concern about adolescent fertility changed,Concern about adolescent fertility changed from 'Minor concern' to 'Major concern'.,This may influence reproductive health priorities for adolescents.,unknown,0.8,"[""concern_about_adolescent_fertility"", ""reproductive_health""]",
IRL,2009,un_wpp,population_policy,official_orientation,Population policy orientation changed,Population policy orientation changed from 'Maintain' to 'No intervention'.,This may affect how the state approaches fertility trends and demographic goals.,neutral,0.8,"[""policy_on_fertility_level"", ""population_policy""]",
IRL,1986,un_wpp,family_planning,government_support,Family planning support changed,Family planning support changed from 'No support' to 'Limits'.,This may affect access to family planning services and reproductive choices.,unknown,0.8,"[""family_planning_support"", ""family_planning""]",
IRL,1996,un_wpp,family_planning,government_support,Family planning support changed,Family planning support changed from 'Limits' to 'Direct support'.,This may affect access to family planning services and reproductive choices.,unknown,0.8,"[""family_planning_support"", ""family_planning""]",
IRL,2005,un_wpp,reproductive_health,adolescent_fertility_concern,Concern about adolescent fertility changed,Concern about adolescent fertility changed from 'Minor concern' to 'Major concern'.,This may influence reproductive health priorities for adolescents.,unknown,0.8,"[""concern_about_adolescent_fertility"", ""reproductive_health""]",
ISR,2001,un_wpp,family_planning,government_support,Family planning support changed,Family planning support changed from 'Direct support' to 'Indirect support'.,This may affect access to family planning services and reproductive choices.,restrictive,0.8,"[""family_planning_support"", ""family_planning""]",
ISR,2005,un_wpp,reproductive_health,adolescent_fertility_concern,Concern about adolescent fertility changed,Concern about adolescent fertility changed from 'Minor concern' to 'Not a concern'.,This may influence reproductive health priorities for adolescents.,unknown,0.8,"[""concern_about_adolescent_fertility"", ""reproductive_health""]",
ISR,2011,un_wpp,reproductive_health,adolescent_fertility_concern,Concern about adolescent fertility changed,Concern about adolescent fertility changed from 'Not a concern' to 'Minor concern'.,This may influence reproductive health priorities for adolescents.,unknown,0.8,"[""concern_about_adolescent_fertility"", ""reproductive_health""]",
ITA,2005,un_wpp,population_policy,official_orientation,Population policy orientation changed,Population policy orientation changed from 'No intervention' to 'Raise'.,This may affect how the state approaches fertility trends and demographic goals.,pro_natal,0.8,"[""policy_on_fertility_level"", ""population_policy""]",
ITA,2001,un_wpp,population_policy,government_view,Government view on fertility level changed,Government view on fertility level changed from 'Satisfactory' to 'Too low'.,This may reflect a shift in how fertility trends are evaluated by the government.,unknown,0.8,"[""view_on_fertility_level"", ""population_policy""]",
ITA,1986,un_wpp,family_planning,government_support,Family planning support changed,Family planning support changed from 'Indirect support' to 'Direct support'.,This may affect access to family planning services and reproductive choices.,expansive,0.8,"[""family_planning_support"", ""family_planning""]",
ITA,2001,un_wpp,family_planning,government_support,Family planning support changed,Family planning support changed from 'Direct support' to 'No support'.,This may affect access to family planning services and reproductive choices.,restrictive,0.8,"[""family_planning_support"", ""family_planning""]",
ITA,2003,un_wpp,family_planning,government_support,Family planning support changed,Family planning support changed from 'No support' to 'Indirect support'.,This may affect access to family planning services and reproductive choices.,expansive,0.8,"[""family_planning_support"", ""family_planning""]",
ITA,2001,un_wpp,abortion,legal_grounds,Abortion policy changed,"Legal grounds for abortion changed from '1,2,3,4,5,6' to '1,2,3,4,5,6,7'.",This may affect legal access to abortion and reproductive autonomy.,expansive,0.8,"[""abortion_grounds"", ""abortion""]",
JPN,2003,un_wpp,population_policy,official_orientation,Population policy orientation changed,Population policy orientation changed from 'No intervention' to 'Raise'.,This may affect how the state approaches fertility trends and demographic goals.,pro_natal,0.8,"[""policy_on_fertility_level"", ""population_policy""]",
JPN,1996,un_wpp,population_policy,government_view,Government view on fertility level changed,Government view on fertility level changed from 'Satisfactory' to 'Too low'.,This may reflect a shift in how fertility trends are evaluated by the government.,unknown,0.8,"[""view_on_fertility_level"", ""population_policy""]",
JPN,2001,un_wpp,family_planning,government_support,Family planning support changed,Family planning support changed from 'Direct support' to 'Indirect support'.,This may affect access to family planning services and reproductive choices.,restrictive,0.8,"[""family_planning_support"", ""family_planning""]",
JPN,2001,un_wpp,abortion,legal_grounds,Abortion policy changed,"Legal grounds for abortion changed from '1,2,3,4,6' to '1,2,4,6'.",This may affect legal access to abortion and reproductive autonomy.,restrictive,0.8,"[""abortion_grounds"", ""abortion""]",
JPN,2009,un_wpp,reproductive_health,adolescent_fertility_concern,Concern about adolescent fertility changed,Concern about adolescent fertility changed from 'Minor concern' to 'Not a concern'.,This may influence reproductive health priorities for adolescents.,unknown,0.8,"[""concern_about_adolescent_fertility"", ""reproductive_health""]",
JPN,2005,un_wpp,reproductive_health,adolescent_fertility_policy,Adolescent fertility policy changed,Policies to reduce adolescent fertility changed from 'Yes' to 'No'.,This may affect reproductive health interventions targeting adolescents.,unknown,0.8,"[""policies_reduce_adolescent_fertility"", ""reproductive_health""]",
JPN,2007,un_wpp,reproductive_health,adolescent_fertility_policy,Adolescent fertility policy changed,Policies to reduce adolescent fertility changed from 'No' to 'Yes'.,This may affect reproductive health interventions targeting adolescents.,unknown,0.8,"[""policies_reduce_adolescent_fertility"", ""reproductive_health""]",
JPN,2009,un_wpp,reproductive_health,adolescent_fertility_policy,Adolescent fertility policy changed,Policies to reduce adolescent fertility changed from 'Yes' to 'No'.,This may affect reproductive health interventions targeting adolescents.,unknown,0.8,"[""policies_reduce_adolescent_fertility"", ""reproductive_health""]",
JOR,1996,un_wpp,population_policy,official_orientation,Population policy orientation changed,Population policy orientation changed from 'No intervention' to 'Lower'.,This may affect how the state approaches fertility trends and demographic goals.,anti_natal,0.8,"[""policy_on_fertility_level"", ""population_policy""]",
JOR,1986,un_wpp,population_policy,government_view,Government view on fertility level changed,Government view on fertility level changed from 'Too high' to 'Satisfactory'.,This may reflect a shift in how fertility trends are evaluated by the government.,unknown,0.8,"[""view_on_fertility_level"", ""population_policy""]",
JOR,1996,un_wpp,population_policy,government_view,Government view on fertility level changed,Government view on fertility level changed from 'Satisfactory' to 'Too high'.,This may reflect a shift in how fertility trends are evaluated by the government.,unknown,0.8,"[""view_on_fertility_level"", ""population_policy""]",
JOR,1986,un_wpp,family_planning,government_support,Family planning support changed,Family planning support changed from 'Direct support' to 'Indirect support'.,This may affect access to family planning services and reproductive choices.,restrictive,0.8,"[""family_planning_support"", ""family_planning""]",
JOR,1996,un_wpp,family_planning,government_support,Family planning support changed,Family planning support changed from 'Indirect support' to 'Direct support'.,This may affect access to family planning services and reproductive choices.,expansive,0.8,"[""family_planning_support"", ""family_planning""]",
JOR,2005,un_wpp,abortion,legal_grounds,Abortion policy changed,"Legal grounds for abortion changed from '1,2,3' to '1,2,3,5'.",This may affect legal access to abortion and reproductive autonomy.,expansive,0.8,"[""abortion_grounds"", ""abortion""]",
JOR,2011,un_wpp,reproductive_health,adolescent_fertility_concern,Concern about adolescent fertility changed,Concern about adolescent fertility changed from 'Not a concern' to 'Minor concern'.,This may influence reproductive health priorities for adolescents.,unknown,0.8,"[""concern_about_adolescent_fertility"", ""reproductive_health""]",
KAZ,2011,un_wpp,population_policy,official_orientation,Population policy orientation changed,Population policy orientation changed from 'Raise' to 'Maintain'.,This may affect how the state approaches fertility trends and demographic goals.,neutral,0.8,"[""policy_on_fertility_level"", ""population_policy""]",
KAZ,2011,un_wpp,population_policy,government_view,Government view on fertility level changed,Government view on fertility level changed from 'Too low' to 'Satisfactory'.,This may reflect a shift in how fertility trends are evaluated by the government.,unknown,0.8,"[""view_on_fertility_level"", ""population_policy""]",
KAZ,2001,un_wpp,family_planning,government_support,Family planning support changed,Family planning support changed from 'Direct support' to 'Indirect support'.,This may affect access to family planning services and reproductive choices.,restrictive,0.8,"[""family_planning_support"", ""family_planning""]",
KAZ,2003,un_wpp,reproductive_health,adolescent_fertility_concern,Concern about adolescent fertility changed,Concern about adolescent fertility changed from 'Not a concern' to 'Major concern'.,This may influence reproductive health priorities for adolescents.,unknown,0.8,"[""concern_about_adolescent_fertility"", ""reproductive_health""]",
KAZ,2001,un_wpp,reproductive_health,adolescent_fertility_policy,Adolescent fertility policy changed,Policies to reduce adolescent fertility changed from 'Yes' to 'No'.,This may affect reproductive health interventions targeting adolescents.,unknown,0.8,"[""policies_reduce_adolescent_fertility"", ""reproductive_health""]",
KAZ,2003,un_wpp,reproductive_health,adolescent_fertility_policy,Adolescent fertility policy changed,Policies to reduce adolescent fertility changed from 'No' to 'Yes'.,This may affect reproductive health interventions targeting adolescents.,unknown,0.8,"[""policies_reduce_adolescent_fertility"", ""reproductive_health""]",
KEN,2001,un_wpp,abortion,legal_grounds,Abortion policy changed,"Legal grounds for abortion changed from '1' to '1,2,3'.",This may affect legal access to abortion and reproductive autonomy.,expansive,0.8,"[""abortion_grounds"", ""abortion""]",
KIR,2011,un_wpp,population_policy,official_orientation,Population policy orientation changed,Population policy orientation changed from 'Lower' to 'Maintain'.,This may affect how the state approaches fertility trends and demographic goals.,neutral,0.8,"[""policy_on_fertility_level"", ""population_policy""]",
KIR,2013,un_wpp,population_policy,official_orientation,Population policy orientation changed,Population policy orientation changed from 'Maintain' to 'Lower'.,This may affect how the state approaches fertility trends and demographic goals.,anti_natal,0.8,"[""policy_on_fertility_level"", ""population_policy""]",
KIR,2013,un_wpp,reproductive_health,adolescent_fertility_concern,Concern about adolescent fertility changed,Concern about adolescent fertility changed from 'Minor concern' to 'Major concern'.,This may influence reproductive health priorities for adolescents.,unknown,0.8,"[""concern_about_adolescent_fertility"", ""reproductive_health""]",
KWT,1986,un_wpp,population_policy,official_orientation,Population policy orientation changed,Population policy orientation changed from 'Maintain' to 'Raise'.,This may affect how the state approaches fertility trends and demographic goals.,pro_natal,0.8,"[""policy_on_fertility_level"", ""population_policy""]",
KWT,1996,un_wpp,population_policy,official_orientation,Population policy orientation changed,Population policy orientation changed from 'Raise' to 'Maintain'.,This may affect how the state approaches fertility trends and demographic goals.,neutral,0.8,"[""policy_on_fertility_level"", ""population_policy""]",
KWT,2001,un_wpp,population_policy,official_orientation,Population policy orientation changed,Population policy orientation changed from 'Maintain' to 'No intervention'.,This may affect how the state approaches fertility trends and demographic goals.,neutral,0.8,"[""policy_on_fertility_level"", ""population_policy""]",
KWT,2005,un_wpp,population_policy,official_orientation,Population policy orientation changed,Population policy orientation changed from 'No intervention' to 'Raise'.,This may affect how the state approaches fertility trends and demographic goals.,pro_natal,0.8,"[""policy_on_fertility_level"", ""population_policy""]",
KWT,1986,un_wpp,population_policy,government_view,Government view on fertility level changed,Government view on fertility level changed from 'Satisfactory' to 'Too low'.,This may reflect a shift in how fertility trends are evaluated by the government.,unknown,0.8,"[""view_on_fertility_level"", ""population_policy""]",
KWT,1996,un_wpp,population_policy,government_view,Government view on fertility level changed,Government view on fertility level changed from 'Too low' to 'Satisfactory'.,This may reflect a shift in how fertility trends are evaluated by the government.,unknown,0.8,"[""view_on_fertility_level"", ""population_policy""]",
KWT,2005,un_wpp,population_policy,government_view,Government view on fertility level changed,Government view on fertility level changed from 'Satisfactory' to 'Too low'.,This may reflect a shift in how fertility trends are evaluated by the government.,unknown,0.8,"[""view_on_fertility_level"", ""population_policy""]",
KWT,2001,un_wpp,family_planning,government_support,Family planning support changed,Family planning support changed from 'No support' to 'Indirect support'.,This may affect access to family planning services and reproductive choices.,expansive,0.8,"[""family_planning_support"", ""family_planning""]",
KWT,2005,un_wpp,family_planning,government_support,Family planning support changed,Family planning support changed from 'Indirect support' to 'Direct support'.,This may affect access to family planning services and reproductive choices.,expansive,0.8,"[""family_planning_support"", ""family_planning""]",
KWT,2005,un_wpp,reproductive_health,adolescent_fertility_concern,Concern about adolescent fertility changed,Concern about adolescent fertility changed from 'Not a concern' to 'Minor concern'.,This may influence reproductive health priorities for adolescents.,unknown,0.8,"[""concern_about_adolescent_fertility"", ""reproductive_health""]",
KWT,2005,un_wpp,reproductive_health,adolescent_fertility_policy,Adolescent fertility policy changed,Policies to reduce adolescent fertility changed from 'No' to 'Yes'.,This may affect reproductive health interventions targeting adolescents.,unknown,0.8,"[""policies_reduce_adolescent_fertility"", ""reproductive_health""]",
KGZ,2005,un_wpp,population_policy,official_orientation,Population policy orientation changed,Population policy orientation changed from 'No intervention' to 'Maintain'.,This may affect how the state approaches fertility trends and demographic goals.,neutral,0.8,"[""policy_on_fertility_level"", ""population_policy""]",
KGZ,2003,un_wpp,reproductive_health,adolescent_fertility_concern,Concern about adolescent fertility changed,Concern about adolescent fertility changed from 'Not a concern' to 'Minor concern'.,This may influence reproductive health priorities for adolescents.,unknown,0.8,"[""concern_about_adolescent_fertility"", ""reproductive_health""]",
KGZ,2005,un_wpp,reproductive_health,adolescent_fertility_concern,Concern about adolescent fertility changed,Concern about adolescent fertility changed from 'Minor concern' to 'Major concern'.,This may influence reproductive health priorities for adolescents.,unknown,0.8,"[""concern_about_adolescent_fertility"", ""reproductive_health""]",
LVA,2001,un_wpp,family_planning,government_support,Family planning support changed,Family planning support changed from 'Direct support' to 'Indirect support'.,This may affect access to family planning services and reproductive choices.,restrictive,0.8,"[""family_planning_support"", ""family_planning""]",
LVA,2005,un_wpp,family_planning,government_support,Family planning support changed,Family planning support changed from 'Indirect support' to 'No support'.,This may affect access to family planning services and reproductive choices.,restrictive,0.8,"[""family_planning_support"", ""family_planning""]",
LVA,2013,un_wpp,gender_reproductive_rights,domestic_violence_policy,Domestic violence policy changed,"Domestic violence policy changed from '2' to '1,2'.",This may reflect broader reproductive rights and protection policies.,unknown,0.8,"[""domestic_violence_policies"", ""gender_reproductive_rights""]",
LVA,2001,un_wpp,reproductive_health,adolescent_fertility_concern,Concern about adolescent fertility changed,Concern about adolescent fertility changed from 'Minor concern' to 'Major concern'.,This may influence reproductive health priorities for adolescents.,unknown,0.8,"[""concern_about_adolescent_fertility"", ""reproductive_health""]",
LVA,2003,un_wpp,reproductive_health,adolescent_fertility_policy,Adolescent fertility policy changed,Policies to reduce adolescent fertility changed from 'No' to 'Yes'.,This may affect reproductive health interventions targeting adolescents.,unknown,0.8,"[""policies_reduce_adolescent_fertility"", ""reproductive_health""]",
LBN,2001,un_wpp,population_policy,official_orientation,Population policy orientation changed,Population policy orientation changed from 'No intervention' to 'Lower'.,This may affect how the state approaches fertility trends and demographic goals.,anti_natal,0.8,"[""policy_on_fertility_level"", ""population_policy""]",
LBN,2009,un_wpp,population_policy,official_orientation,Population policy orientation changed,Population policy orientation changed from 'Lower' to 'No intervention'.,This may affect how the state approaches fertility trends and demographic goals.,neutral,0.8,"[""policy_on_fertility_level"", ""population_policy""]",
LBN,2005,un_wpp,population_policy,government_view,Government view on fertility level changed,Government view on fertility level changed from 'Satisfactory' to 'Too high'.,This may reflect a shift in how fertility trends are evaluated by the government.,unknown,0.8,"[""view_on_fertility_level"", ""population_policy""]",
LBN,2009,un_wpp,population_policy,government_view,Government view on fertility level changed,Government view on fertility level changed from 'Too high' to 'Satisfactory'.,This may reflect a shift in how fertility trends are evaluated by the government.,unknown,0.8,"[""view_on_fertility_level"", ""population_policy""]",
LBN,2005,un_wpp,family_planning,government_support,Family planning support changed,Family planning support changed from 'Indirect support' to 'Direct support'.,This may affect access to family planning services and reproductive choices.,expansive,0.8,"[""family_planning_support"", ""family_planning""]",
LBN,2005,un_wpp,reproductive_health,adolescent_fertility_policy,Adolescent fertility policy changed,Policies to reduce adolescent fertility changed from 'No' to 'Yes'.,This may affect reproductive health interventions targeting adolescents.,unknown,0.8,"[""policies_reduce_adolescent_fertility"", ""reproductive_health""]",
LSO,2013,un_wpp,gender_reproductive_rights,domestic_violence_policy,Domestic violence policy changed,Domestic violence policy changed from '1' to '2'.,This may reflect broader reproductive rights and protection policies.,unknown,0.8,"[""domestic_violence_policies"", ""gender_reproductive_rights""]",
LBR,1996,un_wpp,population_policy,official_orientation,Population policy orientation changed,Population policy orientation changed from 'No intervention' to 'Lower'.,This may affect how the state approaches fertility trends and demographic goals.,anti_natal,0.8,"[""policy_on_fertility_level"", ""population_policy""]",
LBR,1986,un_wpp,family_planning,government_support,Family planning support changed,Family planning support changed from 'Direct support' to 'Indirect support'.,This may affect access to family planning services and reproductive choices.,restrictive,0.8,"[""family_planning_support"", ""family_planning""]",
LBR,1996,un_wpp,family_planning,government_support,Family planning support changed,Family planning support changed from 'Indirect support' to 'Direct support'.,This may affect access to family planning services and reproductive choices.,expansive,0.8,"[""family_planning_support"", ""family_planning""]",
LBY,1986,un_wpp,population_policy,official_orientation,Population policy orientation changed,Population policy orientation changed from 'Raise' to 'No intervention'.,This may affect how the state approaches fertility trends and demographic goals.,neutral,0.8,"[""policy_on_fertility_level"", ""population_policy""]",
LBY,1986,un_wpp,population_policy,government_view,Government view on fertility level changed,Government view on fertility level changed from 'Too low' to 'Satisfactory'.,This may reflect a shift in how fertility trends are evaluated by the government.,unknown,0.8,"[""view_on_fertility_level"", ""population_policy""]",
LIE,1996,un_wpp,population_policy,official_orientation,Population policy orientation changed,Population policy orientation changed from 'Raise' to 'No intervention'.,This may affect how the state approaches fertility trends and demographic goals.,neutral,0.8,"[""policy_on_fertility_level"", ""population_policy""]",
LIE,2011,un_wpp,population_policy,official_orientation,Population policy orientation changed,Population policy orientation changed from 'No intervention' to 'Raise'.,This may affect how the state approaches fertility trends and demographic goals.,pro_natal,0.8,"[""policy_on_fertility_level"", ""population_policy""]",
LIE,1996,un_wpp,population_policy,government_view,Government view on fertility level changed,Government view on fertility level changed from 'Too low' to 'Satisfactory'.,This may reflect a shift in how fertility trends are evaluated by the government.,unknown,0.8,"[""view_on_fertility_level"", ""population_policy""]",
LIE,2005,un_wpp,population_policy,government_view,Government view on fertility level changed,Government view on fertility level changed from 'Satisfactory' to 'Too low'.,This may reflect a shift in how fertility trends are evaluated by the government.,unknown,0.8,"[""view_on_fertility_level"", ""population_policy""]",
LIE,2001,un_wpp,family_planning,government_support,Family planning support changed,Family planning support changed from 'No support' to 'Direct support'.,This may affect access to family planning services and reproductive choices.,expansive,0.8,"[""family_planning_support"", ""family_planning""]",
LIE,2005,un_wpp,family_planning,government_support,Family planning support changed,Family planning support changed from 'Direct support' to 'No support'.,This may affect access to family planning services and reproductive choices.,restrictive,0.8,"[""family_planning_support"", ""family_planning""]",
LIE,2009,un_wpp,reproductive_health,adolescent_fertility_policy,Adolescent fertility policy changed,Policies to reduce adolescent fertility changed from 'No' to 'Yes'.,This may affect reproductive health interventions targeting adolescents.,unknown,0.8,"[""policies_reduce_adolescent_fertility"", ""reproductive_health""]",
LTU,2001,un_wpp,population_policy,government_view,Government view on fertility level changed,Government view on fertility level changed from 'Satisfactory' to 'Too low'.,This may reflect a shift in how fertility trends are evaluated by the government.,unknown,0.8,"[""view_on_fertility_level"", ""population_policy""]",
LTU,2001,un_wpp,family_planning,government_support,Family planning support changed,Family planning support changed from 'Direct support' to 'Indirect support'.,This may affect access to family planning services and reproductive choices.,restrictive,0.8,"[""family_planning_support"", ""family_planning""]",
LTU,2001,un_wpp,reproductive_health,adolescent_fertility_concern,Concern about adolescent fertility changed,Concern about adolescent fertility changed from 'Not a concern' to 'Major concern'.,This may influence reproductive health priorities for adolescents.,unknown,0.8,"[""concern_about_adolescent_fertility"", ""reproductive_health""]",
LTU,2001,un_wpp,reproductive_health,adolescent_fertility_policy,Adolescent fertility policy changed,Policies to reduce adolescent fertility changed from 'No' to 'Yes'.,This may affect reproductive health interventions targeting adolescents.,unknown,0.8,"[""policies_reduce_adolescent_fertility"", ""reproductive_health""]",
LUX,2005,un_wpp,population_policy,official_orientation,Population policy orientation changed,Population policy orientation changed from 'Raise' to 'Maintain'.,This may affect how the state approaches fertility trends and demographic goals.,neutral,0.8,"[""policy_on_fertility_level"", ""population_policy""]",
LUX,2011,un_wpp,population_policy,official_orientation,Population policy orientation changed,Population policy orientation changed from 'Maintain' to 'Raise'.,This may affect how the state approaches fertility trends and demographic goals.,pro_natal,0.8,"[""policy_on_fertility_level"", ""population_policy""]",
LUX,2005,un_wpp,population_policy,government_view,Government view on fertility level changed,Government view on fertility level changed from 'Too low' to 'Satisfactory'.,This may reflect a shift in how fertility trends are evaluated by the government.,unknown,0.8,"[""view_on_fertility_level"", ""population_policy""]",
LUX,2011,un_wpp,population_policy,government_view,Government view on fertility level changed,Government view on fertility level changed from 'Satisfactory' to 'Too low'.,This may reflect a shift in how fertility trends are evaluated by the government.,unknown,0.8,"[""view_on_fertility_level"", ""population_policy""]",
LUX,2011,un_wpp,reproductive_health,adolescent_fertility_concern,Concern about adolescent fertility changed,Concern about adolescent fertility changed from 'Not a concern' to 'Minor concern'.,This may influence reproductive health priorities for adolescents.,unknown,0.8,"[""concern_about_adolescent_fertility"", ""reproductive_health""]",
LUX,2011,un_wpp,reproductive_health,adolescent_fertility_policy,Adolescent fertility policy changed,Policies to reduce adolescent fertility changed from 'No' to 'Yes'.,This may affect reproductive health interventions targeting adolescents.,unknown,0.8,"[""policies_reduce_adolescent_fertility"", ""reproductive_health""]",
MDG,1996,un_wpp,population_policy,official_orientation,Population policy orientation changed,Population policy orientation changed from 'No intervention' to 'Lower'.,This may affect how the state approaches fertility trends and demographic goals.,anti_natal,0.8,"[""policy_on_fertility_level"", ""population_policy""]",
MDG,1986,un_wpp,family_planning,government_support,Family planning support changed,Family planning support changed from 'Indirect support' to 'Direct support'.,This may affect access to family planning services and reproductive choices.,expansive,0.8,"[""family_planning_support"", ""family_planning""]",
MWI,1996,un_wpp,population_policy,official_orientation,Population policy orientation changed,Population policy orientation changed from 'No intervention' to 'Lower'.,This may affect how the state approaches fertility trends and demographic goals.,anti_natal,0.8,"[""policy_on_fertility_level"", ""population_policy""]",
MWI,1986,un_wpp,population_policy,government_view,Government view on fertility level changed,Government view on fertility level changed from 'Satisfactory' to 'Too high'.,This may reflect a shift in how fertility trends are evaluated by the government.,unknown,0.8,"[""view_on_fertility_level"", ""population_policy""]",
MWI,1986,un_wpp,family_planning,government_support,Family planning support changed,Family planning support changed from 'Limits' to 'Direct support'.,This may affect access to family planning services and reproductive choices.,unknown,0.8,"[""family_planning_support"", ""family_planning""]",
MYS,1986,un_wpp,population_policy,official_orientation,Population policy orientation changed,Population policy orientation changed from 'Lower' to 'Maintain'.,This may affect how the state approaches fertility trends and demographic goals.,neutral,0.8,"[""policy_on_fertility_level"", ""population_policy""]",
MYS,1996,un_wpp,population_policy,official_orientation,Population policy orientation changed,Population policy orientation changed from 'Maintain' to 'Lower'.,This may affect how the state approaches fertility trends and demographic goals.,anti_natal,0.8,"[""policy_on_fertility_level"", ""population_policy""]",
MYS,2003,un_wpp,population_policy,official_orientation,Population policy orientation changed,Population policy orientation changed from 'Lower' to 'No intervention'.,This may affect how the state approaches fertility trends and demographic goals.,neutral,0.8,"[""policy_on_fertility_level"", ""population_policy""]",
MYS,2011,un_wpp,population_policy,official_orientation,Population policy orientation changed,Population policy orientation changed from 'No intervention' to 'Maintain'.,This may affect how the state approaches fertility trends and demographic goals.,neutral,0.8,"[""policy_on_fertility_level"", ""population_policy""]",
MYS,1986,un_wpp,population_policy,government_view,Government view on fertility level changed,Government view on fertility level changed from 'Too high' to 'Satisfactory'.,This may reflect a shift in how fertility trends are evaluated by the government.,unknown,0.8,"[""view_on_fertility_level"", ""population_policy""]",
MYS,1996,un_wpp,population_policy,government_view,Government view on fertility level changed,Government view on fertility level changed from 'Satisfactory' to 'Too high'.,This may reflect a shift in how fertility trends are evaluated by the government.,unknown,0.8,"[""view_on_fertility_level"", ""population_policy""]",
MYS,2003,un_wpp,population_policy,government_view,Government view on fertility level changed,Government view on fertility level changed from 'Too high' to 'Satisfactory'.,This may reflect a shift in how fertility trends are evaluated by the government.,unknown,0.8,"[""view_on_fertility_level"", ""population_policy""]",
MYS,2001,un_wpp,reproductive_health,adolescent_fertility_concern,Concern about adolescent fertility changed,Concern about adolescent fertility changed from 'Minor concern' to 'Major concern'.,This may influence reproductive health priorities for adolescents.,unknown,0.8,"[""concern_about_adolescent_fertility"", ""reproductive_health""]",
MDV,1996,un_wpp,population_policy,official_orientation,Population policy orientation changed,Population policy orientation changed from 'No intervention' to 'Lower'.,This may affect how the state approaches fertility trends and demographic goals.,anti_natal,0.8,"[""policy_on_fertility_level"", ""population_policy""]",
MDV,2011,un_wpp,population_policy,official_orientation,Population policy orientation changed,Population policy orientation changed from 'Lower' to 'Maintain'.,This may affect how the state approaches fertility trends and demographic goals.,neutral,0.8,"[""policy_on_fertility_level"", ""population_policy""]",
MDV,1996,un_wpp,population_policy,government_view,Government view on fertility level changed,Government view on fertility level changed from 'Satisfactory' to 'Too high'.,This may reflect a shift in how fertility trends are evaluated by the government.,unknown,0.8,"[""view_on_fertility_level"", ""population_policy""]",
MDV,2009,un_wpp,population_policy,government_view,Government view on fertility level changed,Government view on fertility level changed from 'Too high' to 'Satisfactory'.,This may reflect a shift in how fertility trends are evaluated by the government.,unknown,0.8,"[""view_on_fertility_level"", ""population_policy""]",
MDV,1986,un_wpp,family_planning,government_support,Family planning support changed,Family planning support changed from 'No support' to 'Direct support'.,This may affect access to family planning services and reproductive choices.,expansive,0.8,"[""family_planning_support"", ""family_planning""]",
MDV,2003,un_wpp,reproductive_health,adolescent_fertility_concern,Concern about adolescent fertility changed,Concern about adolescent fertility changed from 'Minor concern' to 'Major concern'.,This may influence reproductive health priorities for adolescents.,unknown,0.8,"[""concern_about_adolescent_fertility"", ""reproductive_health""]",
MLI,1986,un_wpp,population_policy,official_orientation,Population policy orientation changed,Population policy orientation changed from 'No intervention' to 'Maintain'.,This may affect how the state approaches fertility trends and demographic goals.,neutral,0.8,"[""policy_on_fertility_level"", ""population_policy""]",
MLI,1996,un_wpp,population_policy,official_orientation,Population policy orientation changed,Population policy orientation changed from 'Maintain' to 'Lower'.,This may affect how the state approaches fertility trends and demographic goals.,anti_natal,0.8,"[""policy_on_fertility_level"", ""population_policy""]",
MLI,1996,un_wpp,population_policy,government_view,Government view on fertility level changed,Government view on fertility level changed from 'Satisfactory' to 'Too high'.,This may reflect a shift in how fertility trends are evaluated by the government.,unknown,0.8,"[""view_on_fertility_level"", ""population_policy""]",
MLI,2005,un_wpp,abortion,legal_grounds,Abortion policy changed,"Legal grounds for abortion changed from '1' to '1,4'.",This may affect legal access to abortion and reproductive autonomy.,expansive,0.8,"[""abortion_grounds"", ""abortion""]",
MLI,2009,un_wpp,reproductive_health,adolescent_fertility_concern,Concern about adolescent fertility changed,Concern about adolescent fertility changed from 'Minor concern' to 'Major concern'.,This may influence reproductive health priorities for adolescents.,unknown,0.8,"[""concern_about_adolescent_fertility"", ""reproductive_health""]",
MLI,2005,un_wpp,reproductive_health,adolescent_fertility_policy,Adolescent fertility policy changed,Policies to reduce adolescent fertility changed from 'Yes' to 'No'.,This may affect reproductive health interventions targeting adolescents.,unknown,0.8,"[""policies_reduce_adolescent_fertility"", ""reproductive_health""]",
MLI,2009,un_wpp,reproductive_health,adolescent_fertility_policy,Adolescent fertility policy changed,Policies to reduce adolescent fertility changed from 'No' to 'Yes'.,This may affect reproductive health interventions targeting adolescents.,unknown,0.8,"[""policies_reduce_adolescent_fertility"", ""reproductive_health""]",
MLT,2011,un_wpp,population_policy,official_orientation,Population policy orientation changed,Population policy orientation changed from 'No intervention' to 'Raise'.,This may affect how the state approaches fertility trends and demographic goals.,pro_natal,0.8,"[""policy_on_fertility_level"", ""population_policy""]",
MLT,2005,un_wpp,population_policy,government_view,Government view on fertility level changed,Government view on fertility level changed from 'Satisfactory' to 'Too low'.,This may reflect a shift in how fertility trends are evaluated by the government.,unknown,0.8,"[""view_on_fertility_level"", ""population_policy""]",
MLT,2001,un_wpp,family_planning,government_support,Family planning support changed,Family planning support changed from 'No support' to 'Indirect support'.,This may affect access to family planning services and reproductive choices.,expansive,0.8,"[""family_planning_support"", ""family_planning""]",
MLT,2005,un_wpp,family_planning,government_support,Family planning support changed,Family planning support changed from 'Indirect support' to 'No support'.,This may affect access to family planning services and reproductive choices.,restrictive,0.8,"[""family_planning_support"", ""family_planning""]",
MHL,2013,un_wpp,gender_reproductive_rights,domestic_violence_policy,Domestic violence policy changed,Domestic violence policy changed from 'Neither' to '1'.,This may reflect broader reproductive rights and protection policies.,unknown,0.8,"[""domestic_violence_policies"", ""gender_reproductive_rights""]",
MRT,2005,un_wpp,population_policy,official_orientation,Population policy orientation changed,Population policy orientation changed from 'No intervention' to 'Lower'.,This may affect how the state approaches fertility trends and demographic goals.,anti_natal,0.8,"[""policy_on_fertility_level"", ""population_policy""]",
MRT,2005,un_wpp,population_policy,government_view,Government view on fertility level changed,Government view on fertility level changed from 'Satisfactory' to 'Too high'.,This may reflect a shift in how fertility trends are evaluated by the government.,unknown,0.8,"[""view_on_fertility_level"", ""population_policy""]",
MRT,1996,un_wpp,family_planning,government_support,Family planning support changed,Family planning support changed from 'No support' to 'Direct support'.,This may affect access to family planning services and reproductive choices.,expansive,0.8,"[""family_planning_support"", ""family_planning""]",
MRT,2005,un_wpp,reproductive_health,adolescent_fertility_concern,Concern about adolescent fertility changed,Concern about adolescent fertility changed from 'Not a concern' to 'Minor concern'.,This may influence reproductive health priorities for adolescents.,unknown,0.8,"[""concern_about_adolescent_fertility"", ""reproductive_health""]",
MRT,2009,un_wpp,reproductive_health,adolescent_fertility_policy,Adolescent fertility policy changed,Policies to reduce adolescent fertility changed from 'No' to 'Yes'.,This may affect reproductive health interventions targeting adolescents.,unknown,0.8,"[""policies_reduce_adolescent_fertility"", ""reproductive_health""]",
MUS,1996,un_wpp,population_policy,official_orientation,Population policy orientation changed,Population policy orientation changed from 'Lower' to 'Maintain'.,This may affect how the state approaches fertility trends and demographic goals.,neutral,0.8,"[""policy_on_fertility_level"", ""population_policy""]",
MUS,2001,un_wpp,population_policy,official_orientation,Population policy orientation changed,Population policy orientation changed from 'Maintain' to 'No intervention'.,This may affect how the state approaches fertility trends and demographic goals.,neutral,0.8,"[""policy_on_fertility_level"", ""population_policy""]",
MUS,2005,un_wpp,population_policy,official_orientation,Population policy orientation changed,Population policy orientation changed from 'No intervention' to 'Maintain'.,This may affect how the state approaches fertility trends and demographic goals.,neutral,0.8,"[""policy_on_fertility_level"", ""population_policy""]",
MUS,1996,un_wpp,population_policy,government_view,Government view on fertility level changed,Government view on fertility level changed from 'Too high' to 'Satisfactory'.,This may reflect a shift in how fertility trends are evaluated by the government.,unknown,0.8,"[""view_on_fertility_level"", ""population_policy""]",
MEX,2005,un_wpp,population_policy,government_view,Government view on fertility level changed,Government view on fertility level changed from 'Too high' to 'Satisfactory'.,This may reflect a shift in how fertility trends are evaluated by the government.,unknown,0.8,"[""view_on_fertility_level"", ""population_policy""]",
MEX,2009,un_wpp,abortion,legal_grounds,Abortion policy changed,"Legal grounds for abortion changed from '1,4' to '1,2,3,4,5,6,7'.",This may affect legal access to abortion and reproductive autonomy.,expansive,0.8,"[""abortion_grounds"", ""abortion""]",
MCO,2001,un_wpp,population_policy,official_orientation,Population policy orientation changed,Population policy orientation changed from 'Raise' to 'No intervention'.,This may affect how the state approaches fertility trends and demographic goals.,neutral,0.8,"[""policy_on_fertility_level"", ""population_policy""]",
MCO,2005,un_wpp,population_policy,official_orientation,Population policy orientation changed,Population policy orientation changed from 'No intervention' to 'Maintain'.,This may affect how the state approaches fertility trends and demographic goals.,neutral,0.8,"[""policy_on_fertility_level"", ""population_policy""]",
MCO,2001,un_wpp,population_policy,government_view,Government view on fertility level changed,Government view on fertility level changed from 'Too low' to 'Satisfactory'.,This may reflect a shift in how fertility trends are evaluated by the government.,unknown,0.8,"[""view_on_fertility_level"", ""population_policy""]",
MCO,1996,un_wpp,family_planning,government_support,Family planning support changed,Family planning support changed from 'Direct support' to 'No support'.,This may affect access to family planning services and reproductive choices.,restrictive,0.8,"[""family_planning_support"", ""family_planning""]",
MCO,2011,un_wpp,abortion,legal_grounds,Abortion policy changed,"Legal grounds for abortion changed from '1' to '1,4,5'.",This may affect legal access to abortion and reproductive autonomy.,expansive,0.8,"[""abortion_grounds"", ""abortion""]",
MNG,1986,un_wpp,population_policy,official_orientation,Population policy orientation changed,Population policy orientation changed from 'Maintain' to 'Raise'.,This may affect how the state approaches fertility trends and demographic goals.,pro_natal,0.8,"[""policy_on_fertility_level"", ""population_policy""]",
MNG,1996,un_wpp,population_policy,official_orientation,Population policy orientation changed,Population policy orientation changed from 'Raise' to 'Maintain'.,This may affect how the state approaches fertility trends and demographic goals.,neutral,0.8,"[""policy_on_fertility_level"", ""population_policy""]",
MNG,2001,un_wpp,population_policy,official_orientation,Population policy orientation changed,Population policy orientation changed from 'Maintain' to 'No intervention'.,This may affect how the state approaches fertility trends and demographic goals.,neutral,0.8,"[""policy_on_fertility_level"", ""population_policy""]",
MNG,2005,un_wpp,population_policy,official_orientation,Population policy orientation changed,Population policy orientation changed from 'No intervention' to 'Raise'.,This may affect how the state approaches fertility trends and demographic goals.,pro_natal,0.8,"[""policy_on_fertility_level"", ""population_policy""]",
MNG,1986,un_wpp,population_policy,government_view,Government view on fertility level changed,Government view on fertility level changed from 'Satisfactory' to 'Too low'.,This may reflect a shift in how fertility trends are evaluated by the government.,unknown,0.8,"[""view_on_fertility_level"", ""population_policy""]",
MNG,1996,un_wpp,population_policy,government_view,Government view on fertility level changed,Government view on fertility level changed from 'Too low' to 'Satisfactory'.,This may reflect a shift in how fertility trends are evaluated by the government.,unknown,0.8,"[""view_on_fertility_level"", ""population_policy""]",
MNG,2005,un_wpp,population_policy,government_view,Government view on fertility level changed,Government view on fertility level changed from 'Satisfactory' to 'Too low'.,This may reflect a shift in how fertility trends are evaluated by the government.,unknown,0.8,"[""view_on_fertility_level"", ""population_policy""]",
MNG,2005,un_wpp,reproductive_health,adolescent_fertility_concern,Concern about adolescent fertility changed,Concern about adolescent fertility changed from 'Minor concern' to 'Major concern'.,This may influence reproductive health priorities for adolescents.,unknown,0.8,"[""concern_about_adolescent_fertility"", ""reproductive_health""]",
MNE,2011,un_wpp,reproductive_health,adolescent_fertility_concern,Concern about adolescent fertility changed,Concern about adolescent fertility changed from 'Minor concern' to 'Major concern'.,This may influence reproductive health priorities for adolescents.,unknown,0.8,"[""concern_about_adolescent_fertility"", ""reproductive_health""]",
MAR,2005,un_wpp,population_policy,government_view,Government view on fertility level changed,Government view on fertility level changed from 'Too high' to 'Satisfactory'.,This may reflect a shift in how fertility trends are evaluated by the government.,unknown,0.8,"[""view_on_fertility_level"", ""population_policy""]",
MAR,2001,un_wpp,abortion,legal_grounds,Abortion policy changed,"Legal grounds for abortion changed from '1,2' to '1,2,3'.",This may affect legal access to abortion and reproductive autonomy.,expansive,0.8,"[""abortion_grounds"", ""abortion""]",
MAR,2003,un_wpp,reproductive_health,adolescent_fertility_policy,Adolescent fertility policy changed,Policies to reduce adolescent fertility changed from 'No' to 'Yes'.,This may affect reproductive health interventions targeting adolescents.,unknown,0.8,"[""policies_reduce_adolescent_fertility"", ""reproductive_health""]",
MOZ,1986,un_wpp,population_policy,official_orientation,Population policy orientation changed,Population policy orientation changed from 'Maintain' to 'No intervention'.,This may affect how the state approaches fertility trends and demographic goals.,neutral,0.8,"[""policy_on_fertility_level"", ""population_policy""]",
MOZ,1996,un_wpp,population_policy,official_orientation,Population policy orientation changed,Population policy orientation changed from 'No intervention' to 'Lower'.,This may affect how the state approaches fertility trends and demographic goals.,anti_natal,0.8,"[""policy_on_fertility_level"", ""population_policy""]",
MOZ,1996,un_wpp,population_policy,government_view,Government view on fertility level changed,Government view on fertility level changed from 'Satisfactory' to 'Too high'.,This may reflect a shift in how fertility trends are evaluated by the government.,unknown,0.8,"[""view_on_fertility_level"", ""population_policy""]",
MOZ,2001,un_wpp,abortion,legal_grounds,Abortion policy changed,"Legal grounds for abortion changed from '1' to '1,2,3'.",This may affect legal access to abortion and reproductive autonomy.,expansive,0.8,"[""abortion_grounds"", ""abortion""]",
MOZ,2003,un_wpp,reproductive_health,adolescent_fertility_policy,Adolescent fertility policy changed,Policies to reduce adolescent fertility changed from 'No' to 'Yes'.,This may affect reproductive health interventions targeting adolescents.,unknown,0.8,"[""policies_reduce_adolescent_fertility"", ""reproductive_health""]",
MMR,2001,un_wpp,population_policy,official_orientation,Population policy orientation changed,Population policy orientation changed from 'No intervention' to 'Maintain'.,This may affect how the state approaches fertility trends and demographic goals.,neutral,0.8,"[""policy_on_fertility_level"", ""population_policy""]",
MMR,1996,un_wpp,population_policy,government_view,Government view on fertility level changed,Government view on fertility level changed from 'Satisfactory' to 'Too high'.,This may reflect a shift in how fertility trends are evaluated by the government.,unknown,0.8,"[""view_on_fertility_level"", ""population_policy""]",
MMR,2001,un_wpp,population_policy,government_view,Government view on fertility level changed,Government view on fertility level changed from 'Too high' to 'Satisfactory'.,This may reflect a shift in how fertility trends are evaluated by the government.,unknown,0.8,"[""view_on_fertility_level"", ""population_policy""]",
MMR,1986,un_wpp,family_planning,government_support,Family planning support changed,Family planning support changed from 'No support' to 'Indirect support'.,This may affect access to family planning services and reproductive choices.,expansive,0.8,"[""family_planning_support"", ""family_planning""]",
MMR,1996,un_wpp,family_planning,government_support,Family planning support changed,Family planning support changed from 'Indirect support' to 'Direct support'.,This may affect access to family planning services and reproductive choices.,expansive,0.8,"[""family_planning_support"", ""family_planning""]",
MMR,2001,un_wpp,reproductive_health,adolescent_fertility_concern,Concern about adolescent fertility changed,Concern about adolescent fertility changed from 'Not a concern' to 'Major concern'.,This may influence reproductive health priorities for adolescents.,unknown,0.8,"[""concern_about_adolescent_fertility"", ""reproductive_health""]",
MMR,2001,un_wpp,reproductive_health,adolescent_fertility_policy,Adolescent fertility policy changed,Policies to reduce adolescent fertility changed from 'No' to 'Yes'.,This may affect reproductive health interventions targeting adolescents.,unknown,0.8,"[""policies_reduce_adolescent_fertility"", ""reproductive_health""]",
NAM,2001,un_wpp,population_policy,official_orientation,Population policy orientation changed,Population policy orientation changed from 'No intervention' to 'Lower'.,This may affect how the state approaches fertility trends and demographic goals.,anti_natal,0.8,"[""policy_on_fertility_level"", ""population_policy""]",
NAM,2005,un_wpp,population_policy,government_view,Government view on fertility level changed,Government view on fertility level changed from 'Too high' to 'Satisfactory'.,This may reflect a shift in how fertility trends are evaluated by the government.,unknown,0.8,"[""view_on_fertility_level"", ""population_policy""]",
NPL,2003,un_wpp,abortion,legal_grounds,Abortion policy changed,"Legal grounds for abortion changed from '1' to '1,2,3,4,5,6,7'.",This may affect legal access to abortion and reproductive autonomy.,expansive,0.8,"[""abortion_grounds"", ""abortion""]",
NPL,2005,un_wpp,reproductive_health,adolescent_fertility_concern,Concern about adolescent fertility changed,Concern about adolescent fertility changed from 'Minor concern' to 'Major concern'.,This may influence reproductive health priorities for adolescents.,unknown,0.8,"[""concern_about_adolescent_fertility"", ""reproductive_health""]",
NPL,2001,un_wpp,reproductive_health,adolescent_fertility_policy,Adolescent fertility policy changed,Policies to reduce adolescent fertility changed from 'No' to 'Yes'.,This may affect reproductive health interventions targeting adolescents.,unknown,0.8,"[""policies_reduce_adolescent_fertility"", ""reproductive_health""]",
NLD,2001,un_wpp,reproductive_health,adolescent_fertility_concern,Concern about adolescent fertility changed,Concern about adolescent fertility changed from 'Major concern' to 'Not a concern'.,This may influence reproductive health priorities for adolescents.,unknown,0.8,"[""concern_about_adolescent_fertility"", ""reproductive_health""]",
NLD,2005,un_wpp,reproductive_health,adolescent_fertility_concern,Concern about adolescent fertility changed,Concern about adolescent fertility changed from 'Not a concern' to 'Major concern'.,This may influence reproductive health priorities for adolescents.,unknown,0.8,"[""concern_about_adolescent_fertility"", ""reproductive_health""]",
NLD,2011,un_wpp,reproductive_health,adolescent_fertility_concern,Concern about adolescent fertility changed,Concern about adolescent fertility changed from 'Major concern' to 'Minor concern'.,This may influence reproductive health priorities for adolescents.,unknown,0.8,"[""concern_about_adolescent_fertility"", ""reproductive_health""]",
NLD,2001,un_wpp,reproductive_health,adolescent_fertility_policy,Adolescent fertility policy changed,Policies to reduce adolescent fertility changed from 'Yes' to 'No'.,This may affect reproductive health interventions targeting adolescents.,unknown,0.8,"[""policies_reduce_adolescent_fertility"", ""reproductive_health""]",
NLD,2005,un_wpp,reproductive_health,adolescent_fertility_policy,Adolescent fertility policy changed,Policies to reduce adolescent fertility changed from 'No' to 'Yes'.,This may affect reproductive health interventions targeting adolescents.,unknown,0.8,"[""policies_reduce_adolescent_fertility"", ""reproductive_health""]",
NZL,2005,un_wpp,population_policy,official_orientation,Population policy orientation changed,Population policy orientation changed from 'No intervention' to 'Maintain'.,This may affect how the state approaches fertility trends and demographic goals.,neutral,0.8,"[""policy_on_fertility_level"", ""population_policy""]",
NZL,1986,un_wpp,family_planning,government_support,Family planning support changed,Family planning support changed from 'Direct support' to 'Indirect support'.,This may affect access to family planning services and reproductive choices.,restrictive,0.8,"[""family_planning_support"", ""family_planning""]",
NZL,1996,un_wpp,family_planning,government_support,Family planning support changed,Family planning support changed from 'Indirect support' to 'Direct support'.,This may affect access to family planning services and reproductive choices.,expansive,0.8,"[""family_planning_support"", ""family_planning""]",
NZL,2001,un_wpp,family_planning,government_support,Family planning support changed,Family planning support changed from 'Direct support' to 'Indirect support'.,This may affect access to family planning services and reproductive choices.,restrictive,0.8,"[""family_planning_support"", ""family_planning""]",
NZL,2005,un_wpp,family_planning,government_support,Family planning support changed,Family planning support changed from 'Indirect support' to 'Direct support'.,This may affect access to family planning services and reproductive choices.,expansive,0.8,"[""family_planning_support"", ""family_planning""]",
NIC,1996,un_wpp,population_policy,official_orientation,Population policy orientation changed,Population policy orientation changed from 'No intervention' to 'Lower'.,This may affect how the state approaches fertility trends and demographic goals.,anti_natal,0.8,"[""policy_on_fertility_level"", ""population_policy""]",
NIC,1986,un_wpp,population_policy,government_view,Government view on fertility level changed,Government view on fertility level changed from 'Too high' to 'Satisfactory'.,This may reflect a shift in how fertility trends are evaluated by the government.,unknown,0.8,"[""view_on_fertility_level"", ""population_policy""]",
NIC,1996,un_wpp,population_policy,government_view,Government view on fertility level changed,Government view on fertility level changed from 'Satisfactory' to 'Too high'.,This may reflect a shift in how fertility trends are evaluated by the government.,unknown,0.8,"[""view_on_fertility_level"", ""population_policy""]",
NIC,1986,un_wpp,family_planning,government_support,Family planning support changed,Family planning support changed from 'Direct support' to 'Indirect support'.,This may affect access to family planning services and reproductive choices.,restrictive,0.8,"[""family_planning_support"", ""family_planning""]",
NIC,1996,un_wpp,family_planning,government_support,Family planning support changed,Family planning support changed from 'Indirect support' to 'Direct support'.,This may affect access to family planning services and reproductive choices.,expansive,0.8,"[""family_planning_support"", ""family_planning""]",
NIC,2007,un_wpp,abortion,legal_grounds,Abortion policy changed,Legal grounds for abortion changed from '1' to 'Not permitted'.,This may affect legal access to abortion and reproductive autonomy.,unknown,0.8,"[""abortion_grounds"", ""abortion""]",
NER,1986,un_wpp,population_policy,official_orientation,Population policy orientation changed,Population policy orientation changed from 'No intervention' to 'Lower'.,This may affect how the state approaches fertility trends and demographic goals.,anti_natal,0.8,"[""policy_on_fertility_level"", ""population_policy""]",
NER,1986,un_wpp,population_policy,government_view,Government view on fertility level changed,Government view on fertility level changed from 'Satisfactory' to 'Too high'.,This may reflect a shift in how fertility trends are evaluated by the government.,unknown,0.8,"[""view_on_fertility_level"", ""population_policy""]",
NER,1986,un_wpp,family_planning,government_support,Family planning support changed,Family planning support changed from 'No support' to 'Direct support'.,This may affect access to family planning services and reproductive choices.,expansive,0.8,"[""family_planning_support"", ""family_planning""]",
NER,2011,un_wpp,abortion,legal_grounds,Abortion policy changed,"Legal grounds for abortion changed from '1' to '1,2,3,5'.",This may affect legal access to abortion and reproductive autonomy.,expansive,0.8,"[""abortion_grounds"", ""abortion""]",
NER,2001,un_wpp,reproductive_health,adolescent_fertility_concern,Concern about adolescent fertility changed,Concern about adolescent fertility changed from 'Not a concern' to 'Major concern'.,This may influence reproductive health priorities for adolescents.,unknown,0.8,"[""concern_about_adolescent_fertility"", ""reproductive_health""]",
NER,2001,un_wpp,reproductive_health,adolescent_fertility_policy,Adolescent fertility policy changed,Policies to reduce adolescent fertility changed from 'No' to 'Yes'.,This may affect reproductive health interventions targeting adolescents.,unknown,0.8,"[""policies_reduce_adolescent_fertility"", ""reproductive_health""]",
NGA,1986,un_wpp,population_policy,official_orientation,Population policy orientation changed,Population policy orientation changed from 'No intervention' to 'Lower'.,This may affect how the state approaches fertility trends and demographic goals.,anti_natal,0.8,"[""policy_on_fertility_level"", ""population_policy""]",
NGA,1986,un_wpp,population_policy,government_view,Government view on fertility level changed,Government view on fertility level changed from 'Satisfactory' to 'Too high'.,This may reflect a shift in how fertility trends are evaluated by the government.,unknown,0.8,"[""view_on_fertility_level"", ""population_policy""]",
NGA,2001,un_wpp,abortion,legal_grounds,Abortion policy changed,"Legal grounds for abortion changed from '1' to '1,2,3'.",This may affect legal access to abortion and reproductive autonomy.,expansive,0.8,"[""abortion_grounds"", ""abortion""]",
NOR,2005,un_wpp,population_policy,official_orientation,Population policy orientation changed,Population policy orientation changed from 'No intervention' to 'Maintain'.,This may affect how the state approaches fertility trends and demographic goals.,neutral,0.8,"[""policy_on_fertility_level"", ""population_policy""]",
NOR,2003,un_wpp,population_policy,government_view,Government view on fertility level changed,Government view on fertility level changed from 'Satisfactory' to 'Too low'.,This may reflect a shift in how fertility trends are evaluated by the government.,unknown,0.8,"[""view_on_fertility_level"", ""population_policy""]",
NOR,2005,un_wpp,population_policy,government_view,Government view on fertility level changed,Government view on fertility level changed from 'Too low' to 'Satisfactory'.,This may reflect a shift in how fertility trends are evaluated by the government.,unknown,0.8,"[""view_on_fertility_level"", ""population_policy""]",
OMN,2001,un_wpp,population_policy,official_orientation,Population policy orientation changed,Population policy orientation changed from 'Maintain' to 'Lower'.,This may affect how the state approaches fertility trends and demographic goals.,anti_natal,0.8,"[""policy_on_fertility_level"", ""population_policy""]",
OMN,2001,un_wpp,population_policy,government_view,Government view on fertility level changed,Government view on fertility level changed from 'Satisfactory' to 'Too high'.,This may reflect a shift in how fertility trends are evaluated by the government.,unknown,0.8,"[""view_on_fertility_level"", ""population_policy""]",
OMN,2009,un_wpp,population_policy,government_view,Government view on fertility level changed,Government view on fertility level changed from 'Too high' to 'Satisfactory'.,This may reflect a shift in how fertility trends are evaluated by the government.,unknown,0.8,"[""view_on_fertility_level"", ""population_policy""]",
OMN,2005,un_wpp,family_planning,government_support,Family planning support changed,Family planning support changed from 'No support' to 'Direct support'.,This may affect access to family planning services and reproductive choices.,expansive,0.8,"[""family_planning_support"", ""family_planning""]",
OMN,2009,un_wpp,abortion,legal_grounds,Abortion policy changed,"Legal grounds for abortion changed from '1' to '1,5'.",This may affect legal access to abortion and reproductive autonomy.,expansive,0.8,"[""abortion_grounds"", ""abortion""]",
OMN,2009,un_wpp,reproductive_health,adolescent_fertility_policy,Adolescent fertility policy changed,Policies to reduce adolescent fertility changed from 'Yes' to 'No'.,This may affect reproductive health interventions targeting adolescents.,unknown,0.8,"[""policies_reduce_adolescent_fertility"", ""reproductive_health""]",
OMN,2011,un_wpp,reproductive_health,adolescent_fertility_policy,Adolescent fertility policy changed,Policies to reduce adolescent fertility changed from 'No' to 'Yes'.,This may affect reproductive health interventions targeting adolescents.,unknown,0.8,"[""policies_reduce_adolescent_fertility"", ""reproductive_health""]",
PAK,2005,un_wpp,reproductive_health,adolescent_fertility_concern,Concern about adolescent fertility changed,Concern about adolescent fertility changed from 'Not a concern' to 'Major concern'.,This may influence reproductive health priorities for adolescents.,unknown,0.8,"[""concern_about_adolescent_fertility"", ""reproductive_health""]",
PAK,2001,un_wpp,reproductive_health,adolescent_fertility_policy,Adolescent fertility policy changed,Policies to reduce adolescent fertility changed from 'No' to 'Yes'.,This may affect reproductive health interventions targeting adolescents.,unknown,0.8,"[""policies_reduce_adolescent_fertility"", ""reproductive_health""]",
PLW,2007,un_wpp,population_policy,government_view,Government view on fertility level changed,Government view on fertility level changed from 'Satisfactory' to 'Too low'.,This may reflect a shift in how fertility trends are evaluated by the government.,unknown,0.8,"[""view_on_fertility_level"", ""population_policy""]",
PLW,2011,un_wpp,family_planning,government_support,Family planning support changed,Family planning support changed from 'Indirect support' to 'Direct support'.,This may affect access to family planning services and reproductive choices.,expansive,0.8,"[""family_planning_support"", ""family_planning""]",
PLW,2011,un_wpp,reproductive_health,adolescent_fertility_policy,Adolescent fertility policy changed,Policies to reduce adolescent fertility changed from 'No' to 'Yes'.,This may affect reproductive health interventions targeting adolescents.,unknown,0.8,"[""policies_reduce_adolescent_fertility"", ""reproductive_health""]",
PAN,2001,un_wpp,population_policy,official_orientation,Population policy orientation changed,Population policy orientation changed from 'No intervention' to 'Maintain'.,This may affect how the state approaches fertility trends and demographic goals.,neutral,0.8,"[""policy_on_fertility_level"", ""population_policy""]",
PAN,1986,un_wpp,population_policy,government_view,Government view on fertility level changed,Government view on fertility level changed from 'Too high' to 'Satisfactory'.,This may reflect a shift in how fertility trends are evaluated by the government.,unknown,0.8,"[""view_on_fertility_level"", ""population_policy""]",
PAN,2001,un_wpp,abortion,legal_grounds,Abortion policy changed,"Legal grounds for abortion changed from '1,4,5' to '1,3,4'.",This may affect legal access to abortion and reproductive autonomy.,unknown,0.8,"[""abortion_grounds"", ""abortion""]",
PAN,2007,un_wpp,abortion,legal_grounds,Abortion policy changed,"Legal grounds for abortion changed from '1,3,4' to '1,2,4'.",This may affect legal access to abortion and reproductive autonomy.,unknown,0.8,"[""abortion_grounds"", ""abortion""]",
PAN,2011,un_wpp,abortion,legal_grounds,Abortion policy changed,"Legal grounds for abortion changed from '1,2,4' to '1,4,5'.",This may affect legal access to abortion and reproductive autonomy.,unknown,0.8,"[""abortion_grounds"", ""abortion""]",
PNG,1986,un_wpp,population_policy,official_orientation,Population policy orientation changed,Population policy orientation changed from 'Lower' to 'No intervention'.,This may affect how the state approaches fertility trends and demographic goals.,neutral,0.8,"[""policy_on_fertility_level"", ""population_policy""]",
PNG,1996,un_wpp,population_policy,official_orientation,Population policy orientation changed,Population policy orientation changed from 'No intervention' to 'Lower'.,This may affect how the state approaches fertility trends and demographic goals.,anti_natal,0.8,"[""policy_on_fertility_level"", ""population_policy""]",
PNG,2011,un_wpp,abortion,legal_grounds,Abortion policy changed,"Legal grounds for abortion changed from '1,2,3' to '1'.",This may affect legal access to abortion and reproductive autonomy.,restrictive,0.8,"[""abortion_grounds"", ""abortion""]",
PNG,2003,un_wpp,reproductive_health,adolescent_fertility_concern,Concern about adolescent fertility changed,Concern about adolescent fertility changed from 'Minor concern' to 'Major concern'.,This may influence reproductive health priorities for adolescents.,unknown,0.8,"[""concern_about_adolescent_fertility"", ""reproductive_health""]",
PRY,2011,un_wpp,population_policy,official_orientation,Population policy orientation changed,Population policy orientation changed from 'No intervention' to 'Lower'.,This may affect how the state approaches fertility trends and demographic goals.,anti_natal,0.8,"[""policy_on_fertility_level"", ""population_policy""]",
PRY,2001,un_wpp,population_policy,government_view,Government view on fertility level changed,Government view on fertility level changed from 'Satisfactory' to 'Too high'.,This may reflect a shift in how fertility trends are evaluated by the government.,unknown,0.8,"[""view_on_fertility_level"", ""population_policy""]",
PRY,1986,un_wpp,family_planning,government_support,Family planning support changed,Family planning support changed from 'Direct support' to 'Indirect support'.,This may affect access to family planning services and reproductive choices.,restrictive,0.8,"[""family_planning_support"", ""family_planning""]",
PRY,1996,un_wpp,family_planning,government_support,Family planning support changed,Family planning support changed from 'Indirect support' to 'Direct support'.,This may affect access to family planning services and reproductive choices.,expansive,0.8,"[""family_planning_support"", ""family_planning""]",
PRY,2001,un_wpp,reproductive_health,adolescent_fertility_concern,Concern about adolescent fertility changed,Concern about adolescent fertility changed from 'Major concern' to 'Minor concern'.,This may influence reproductive health priorities for adolescents.,unknown,0.8,"[""concern_about_adolescent_fertility"", ""reproductive_health""]",
PRY,2003,un_wpp,reproductive_health,adolescent_fertility_concern,Concern about adolescent fertility changed,Concern about adolescent fertility changed from 'Minor concern' to 'Major concern'.,This may influence reproductive health priorities for adolescents.,unknown,0.8,"[""concern_about_adolescent_fertility"", ""reproductive_health""]",
PRY,2001,un_wpp,reproductive_health,adolescent_fertility_policy,Adolescent fertility policy changed,Policies to reduce adolescent fertility changed from 'No' to 'Yes'.,This may affect reproductive health interventions targeting adolescents.,unknown,0.8,"[""policies_reduce_adolescent_fertility"", ""reproductive_health""]",
PER,1986,un_wpp,population_policy,official_orientation,Population policy orientation changed,Population policy orientation changed from 'No intervention' to 'Lower'.,This may affect how the state approaches fertility trends and demographic goals.,anti_natal,0.8,"[""policy_on_fertility_level"", ""population_policy""]",
PER,2003,un_wpp,population_policy,official_orientation,Population policy orientation changed,Population policy orientation changed from 'Lower' to 'Maintain'.,This may affect how the state approaches fertility trends and demographic goals.,neutral,0.8,"[""policy_on_fertility_level"", ""population_policy""]",
PER,2005,un_wpp,population_policy,official_orientation,Population policy orientation changed,Population policy orientation changed from 'Maintain' to 'Lower'.,This may affect how the state approaches fertility trends and demographic goals.,anti_natal,0.8,"[""policy_on_fertility_level"", ""population_policy""]",
PER,1986,un_wpp,population_policy,government_view,Government view on fertility level changed,Government view on fertility level changed from 'Satisfactory' to 'Too high'.,This may reflect a shift in how fertility trends are evaluated by the government.,unknown,0.8,"[""view_on_fertility_level"", ""population_policy""]",
PER,2001,un_wpp,abortion,legal_grounds,Abortion policy changed,"Legal grounds for abortion changed from '1,2' to '1,2,3'.",This may affect legal access to abortion and reproductive autonomy.,expansive,0.8,"[""abortion_grounds"", ""abortion""]",
PER,2001,un_wpp,reproductive_health,adolescent_fertility_concern,Concern about adolescent fertility changed,Concern about adolescent fertility changed from 'Major concern' to 'Minor concern'.,This may influence reproductive health priorities for adolescents.,unknown,0.8,"[""concern_about_adolescent_fertility"", ""reproductive_health""]",
PER,2005,un_wpp,reproductive_health,adolescent_fertility_concern,Concern about adolescent fertility changed,Concern about adolescent fertility changed from 'Minor concern' to 'Major concern'.,This may influence reproductive health priorities for adolescents.,unknown,0.8,"[""concern_about_adolescent_fertility"", ""reproductive_health""]",
PHL,2009,un_wpp,population_policy,government_view,Government view on fertility level changed,Government view on fertility level changed from 'Too high' to 'Satisfactory'.,This may reflect a shift in how fertility trends are evaluated by the government.,unknown,0.8,"[""view_on_fertility_level"", ""population_policy""]",
PHL,2011,un_wpp,population_policy,government_view,Government view on fertility level changed,Government view on fertility level changed from 'Satisfactory' to 'Too high'.,This may reflect a shift in how fertility trends are evaluated by the government.,unknown,0.8,"[""view_on_fertility_level"", ""population_policy""]",
POL,1996,un_wpp,population_policy,official_orientation,Population policy orientation changed,Population policy orientation changed from 'Maintain' to 'No intervention'.,This may affect how the state approaches fertility trends and demographic goals.,neutral,0.8,"[""policy_on_fertility_level"", ""population_policy""]",
POL,2001,un_wpp,population_policy,official_orientation,Population policy orientation changed,Population policy orientation changed from 'No intervention' to 'Raise'.,This may affect how the state approaches fertility trends and demographic goals.,pro_natal,0.8,"[""policy_on_fertility_level"", ""population_policy""]",
POL,2005,un_wpp,population_policy,official_orientation,Population policy orientation changed,Population policy orientation changed from 'Raise' to 'No intervention'.,This may affect how the state approaches fertility trends and demographic goals.,neutral,0.8,"[""policy_on_fertility_level"", ""population_policy""]",
POL,2007,un_wpp,population_policy,official_orientation,Population policy orientation changed,Population policy orientation changed from 'No intervention' to 'Raise'.,This may affect how the state approaches fertility trends and demographic goals.,pro_natal,0.8,"[""policy_on_fertility_level"", ""population_policy""]",
POL,2001,un_wpp,population_policy,government_view,Government view on fertility level changed,Government view on fertility level changed from 'Satisfactory' to 'Too low'.,This may reflect a shift in how fertility trends are evaluated by the government.,unknown,0.8,"[""view_on_fertility_level"", ""population_policy""]",
POL,2005,un_wpp,family_planning,government_support,Family planning support changed,Family planning support changed from 'Direct support' to 'Indirect support'.,This may affect access to family planning services and reproductive choices.,restrictive,0.8,"[""family_planning_support"", ""family_planning""]",
POL,2009,un_wpp,family_planning,government_support,Family planning support changed,Family planning support changed from 'Indirect support' to 'No support'.,This may affect access to family planning services and reproductive choices.,restrictive,0.8,"[""family_planning_support"", ""family_planning""]",
POL,2001,un_wpp,abortion,legal_grounds,Abortion policy changed,"Legal grounds for abortion changed from '1,2,4,5' to '1,2,3,4,5'.",This may affect legal access to abortion and reproductive autonomy.,expansive,0.8,"[""abortion_grounds"", ""abortion""]",
POL,2005,un_wpp,reproductive_health,adolescent_fertility_concern,Concern about adolescent fertility changed,Concern about adolescent fertility changed from 'Minor concern' to 'Major concern'.,This may influence reproductive health priorities for adolescents.,unknown,0.8,"[""concern_about_adolescent_fertility"", ""reproductive_health""]",
POL,2003,un_wpp,reproductive_health,adolescent_fertility_policy,Adolescent fertility policy changed,Policies to reduce adolescent fertility changed from 'No' to 'Yes'.,This may affect reproductive health interventions targeting adolescents.,unknown,0.8,"[""policies_reduce_adolescent_fertility"", ""reproductive_health""]",
POL,2005,un_wpp,reproductive_health,adolescent_fertility_policy,Adolescent fertility policy changed,Policies to reduce adolescent fertility changed from 'Yes' to 'No'.,This may affect reproductive health interventions targeting adolescents.,unknown,0.8,"[""policies_reduce_adolescent_fertility"", ""reproductive_health""]",
POL,2011,un_wpp,reproductive_health,adolescent_fertility_policy,Adolescent fertility policy changed,Policies to reduce adolescent fertility changed from 'No' to 'Yes'.,This may affect reproductive health interventions targeting adolescents.,unknown,0.8,"[""policies_reduce_adolescent_fertility"", ""reproductive_health""]",
PRT,2005,un_wpp,population_policy,official_orientation,Population policy orientation changed,Population policy orientation changed from 'No intervention' to 'Raise'.,This may affect how the state approaches fertility trends and demographic goals.,pro_natal,0.8,"[""policy_on_fertility_level"", ""population_policy""]",
PRT,1996,un_wpp,population_policy,government_view,Government view on fertility level changed,Government view on fertility level changed from 'Satisfactory' to 'Too low'.,This may reflect a shift in how fertility trends are evaluated by the government.,unknown,0.8,"[""view_on_fertility_level"", ""population_policy""]",
PRT,2007,un_wpp,abortion,legal_grounds,Abortion policy changed,"Legal grounds for abortion changed from '1,2,3,4,5' to '1,2,3,4,5,6,7'.",This may affect legal access to abortion and reproductive autonomy.,expansive,0.8,"[""abortion_grounds"", ""abortion""]",
QAT,2009,un_wpp,population_policy,official_orientation,Population policy orientation changed,Population policy orientation changed from 'Maintain' to 'Raise'.,This may affect how the state approaches fertility trends and demographic goals.,pro_natal,0.8,"[""policy_on_fertility_level"", ""population_policy""]",
QAT,2001,un_wpp,family_planning,government_support,Family planning support changed,Family planning support changed from 'No support' to 'Direct support'.,This may affect access to family planning services and reproductive choices.,expansive,0.8,"[""family_planning_support"", ""family_planning""]",
QAT,2011,un_wpp,family_planning,government_support,Family planning support changed,Family planning support changed from 'Direct support' to 'No support'.,This may affect access to family planning services and reproductive choices.,restrictive,0.8,"[""family_planning_support"", ""family_planning""]",
QAT,2013,un_wpp,family_planning,government_support,Family planning support changed,Family planning support changed from 'No support' to 'Direct support'.,This may affect access to family planning services and reproductive choices.,expansive,0.8,"[""family_planning_support"", ""family_planning""]",
QAT,2001,un_wpp,abortion,legal_grounds,Abortion policy changed,"Legal grounds for abortion changed from '1,2,5' to '1,2,3,5'.",This may affect legal access to abortion and reproductive autonomy.,expansive,0.8,"[""abortion_grounds"", ""abortion""]",
QAT,2009,un_wpp,abortion,legal_grounds,Abortion policy changed,"Legal grounds for abortion changed from '1,2,3,5' to '1'.",This may affect legal access to abortion and reproductive autonomy.,restrictive,0.8,"[""abortion_grounds"", ""abortion""]",
QAT,2011,un_wpp,abortion,legal_grounds,Abortion policy changed,"Legal grounds for abortion changed from '1' to '1,2,3,5'.",This may affect legal access to abortion and reproductive autonomy.,expansive,0.8,"[""abortion_grounds"", ""abortion""]",
KOR,1996,un_wpp,population_policy,official_orientation,Population policy orientation changed,Population policy orientation changed from 'Lower' to 'No intervention'.,This may affect how the state approaches fertility trends and demographic goals.,neutral,0.8,"[""policy_on_fertility_level"", ""population_policy""]",
KOR,2003,un_wpp,population_policy,official_orientation,Population policy orientation changed,Population policy orientation changed from 'No intervention' to 'Raise'.,This may affect how the state approaches fertility trends and demographic goals.,pro_natal,0.8,"[""policy_on_fertility_level"", ""population_policy""]",
KOR,1996,un_wpp,population_policy,government_view,Government view on fertility level changed,Government view on fertility level changed from 'Too high' to 'Satisfactory'.,This may reflect a shift in how fertility trends are evaluated by the government.,unknown,0.8,"[""view_on_fertility_level"", ""population_policy""]",
KOR,2003,un_wpp,population_policy,government_view,Government view on fertility level changed,Government view on fertility level changed from 'Satisfactory' to 'Too low'.,This may reflect a shift in how fertility trends are evaluated by the government.,unknown,0.8,"[""view_on_fertility_level"", ""population_policy""]",
KOR,2005,un_wpp,reproductive_health,adolescent_fertility_concern,Concern about adolescent fertility changed,Concern about adolescent fertility changed from 'Minor concern' to 'Major concern'.,This may influence reproductive health priorities for adolescents.,unknown,0.8,"[""concern_about_adolescent_fertility"", ""reproductive_health""]",
KOR,2011,un_wpp,reproductive_health,adolescent_fertility_concern,Concern about adolescent fertility changed,Concern about adolescent fertility changed from 'Major concern' to 'Minor concern'.,This may influence reproductive health priorities for adolescents.,unknown,0.8,"[""concern_about_adolescent_fertility"", ""reproductive_health""]",
MDA,2003,un_wpp,population_policy,official_orientation,Population policy orientation changed,Population policy orientation changed from 'No intervention' to 'Raise'.,This may affect how the state approaches fertility trends and demographic goals.,pro_natal,0.8,"[""policy_on_fertility_level"", ""population_policy""]",
MDA,2003,un_wpp,population_policy,government_view,Government view on fertility level changed,Government view on fertility level changed from 'Satisfactory' to 'Too low'.,This may reflect a shift in how fertility trends are evaluated by the government.,unknown,0.8,"[""view_on_fertility_level"", ""population_policy""]",
MDA,2011,un_wpp,reproductive_health,adolescent_fertility_concern,Concern about adolescent fertility changed,Concern about adolescent fertility changed from 'Not a concern' to 'Major concern'.,This may influence reproductive health priorities for adolescents.,unknown,0.8,"[""concern_about_adolescent_fertility"", ""reproductive_health""]",
MDA,2009,un_wpp,reproductive_health,adolescent_fertility_policy,Adolescent fertility policy changed,Policies to reduce adolescent fertility changed from 'No' to 'Yes'.,This may affect reproductive health interventions targeting adolescents.,unknown,0.8,"[""policies_reduce_adolescent_fertility"", ""reproductive_health""]",
ROU,1986,un_wpp,population_policy,official_orientation,Population policy orientation changed,Population policy orientation changed from 'Maintain' to 'Raise'.,This may affect how the state approaches fertility trends and demographic goals.,pro_natal,0.8,"[""policy_on_fertility_level"", ""population_policy""]",
ROU,1986,un_wpp,population_policy,government_view,Government view on fertility level changed,Government view on fertility level changed from 'Satisfactory' to 'Too low'.,This may reflect a shift in how fertility trends are evaluated by the government.,unknown,0.8,"[""view_on_fertility_level"", ""population_policy""]",
ROU,1986,un_wpp,family_planning,government_support,Family planning support changed,Family planning support changed from 'Direct support' to 'Limits'.,This may affect access to family planning services and reproductive choices.,unknown,0.8,"[""family_planning_support"", ""family_planning""]",
ROU,1996,un_wpp,family_planning,government_support,Family planning support changed,Family planning support changed from 'Limits' to 'Direct support'.,This may affect access to family planning services and reproductive choices.,unknown,0.8,"[""family_planning_support"", ""family_planning""]",
ROU,2001,un_wpp,reproductive_health,adolescent_fertility_concern,Concern about adolescent fertility changed,Concern about adolescent fertility changed from 'Not a concern' to 'Minor concern'.,This may influence reproductive health priorities for adolescents.,unknown,0.8,"[""concern_about_adolescent_fertility"", ""reproductive_health""]",
ROU,2001,un_wpp,reproductive_health,adolescent_fertility_policy,Adolescent fertility policy changed,Policies to reduce adolescent fertility changed from 'Yes' to 'No'.,This may affect reproductive health interventions targeting adolescents.,unknown,0.8,"[""policies_reduce_adolescent_fertility"", ""reproductive_health""]",
ROU,2003,un_wpp,reproductive_health,adolescent_fertility_policy,Adolescent fertility policy changed,Policies to reduce adolescent fertility changed from 'No' to 'Yes'.,This may affect reproductive health interventions targeting adolescents.,unknown,0.8,"[""policies_reduce_adolescent_fertility"", ""reproductive_health""]",
RUS,2001,un_wpp,population_policy,official_orientation,Population policy orientation changed,Population policy orientation changed from 'No intervention' to 'Raise'.,This may affect how the state approaches fertility trends and demographic goals.,pro_natal,0.8,"[""policy_on_fertility_level"", ""population_policy""]",
RUS,2005,un_wpp,family_planning,government_support,Family planning support changed,Family planning support changed from 'Direct support' to 'Indirect support'.,This may affect access to family planning services and reproductive choices.,restrictive,0.8,"[""family_planning_support"", ""family_planning""]",
RUS,2001,un_wpp,reproductive_health,adolescent_fertility_concern,Concern about adolescent fertility changed,Concern about adolescent fertility changed from 'Minor concern' to 'Major concern'.,This may influence reproductive health priorities for adolescents.,unknown,0.8,"[""concern_about_adolescent_fertility"", ""reproductive_health""]",
RUS,2005,un_wpp,reproductive_health,adolescent_fertility_policy,Adolescent fertility policy changed,Policies to reduce adolescent fertility changed from 'Yes' to 'No'.,This may affect reproductive health interventions targeting adolescents.,unknown,0.8,"[""policies_reduce_adolescent_fertility"", ""reproductive_health""]",
RWA,1986,un_wpp,population_policy,official_orientation,Population policy orientation changed,Population policy orientation changed from 'No intervention' to 'Lower'.,This may affect how the state approaches fertility trends and demographic goals.,anti_natal,0.8,"[""policy_on_fertility_level"", ""population_policy""]",
RWA,1986,un_wpp,family_planning,government_support,Family planning support changed,Family planning support changed from 'No support' to 'Direct support'.,This may affect access to family planning services and reproductive choices.,expansive,0.8,"[""family_planning_support"", ""family_planning""]",
RWA,2001,un_wpp,abortion,legal_grounds,Abortion policy changed,"Legal grounds for abortion changed from '1,2' to '1,2,3'.",This may affect legal access to abortion and reproductive autonomy.,expansive,0.8,"[""abortion_grounds"", ""abortion""]",
RWA,2005,un_wpp,reproductive_health,adolescent_fertility_concern,Concern about adolescent fertility changed,Concern about adolescent fertility changed from 'Minor concern' to 'Major concern'.,This may influence reproductive health priorities for adolescents.,unknown,0.8,"[""concern_about_adolescent_fertility"", ""reproductive_health""]",
KNA,2005,un_wpp,population_policy,official_orientation,Population policy orientation changed,Population policy orientation changed from 'Lower' to 'No intervention'.,This may affect how the state approaches fertility trends and demographic goals.,neutral,0.8,"[""policy_on_fertility_level"", ""population_policy""]",
KNA,2005,un_wpp,population_policy,government_view,Government view on fertility level changed,Government view on fertility level changed from 'Too high' to 'Satisfactory'.,This may reflect a shift in how fertility trends are evaluated by the government.,unknown,0.8,"[""view_on_fertility_level"", ""population_policy""]",
KNA,2003,un_wpp,abortion,legal_grounds,Abortion policy changed,"Legal grounds for abortion changed from '1,2,3' to '1,2,3,4'.",This may affect legal access to abortion and reproductive autonomy.,expansive,0.8,"[""abortion_grounds"", ""abortion""]",
KNA,2011,un_wpp,reproductive_health,adolescent_fertility_concern,Concern about adolescent fertility changed,Concern about adolescent fertility changed from 'Minor concern' to 'Major concern'.,This may influence reproductive health priorities for adolescents.,unknown,0.8,"[""concern_about_adolescent_fertility"", ""reproductive_health""]",
LCA,2007,un_wpp,population_policy,official_orientation,Population policy orientation changed,Population policy orientation changed from 'Lower' to 'Maintain'.,This may affect how the state approaches fertility trends and demographic goals.,neutral,0.8,"[""policy_on_fertility_level"", ""population_policy""]",
LCA,2007,un_wpp,population_policy,government_view,Government view on fertility level changed,Government view on fertility level changed from 'Too high' to 'Satisfactory'.,This may reflect a shift in how fertility trends are evaluated by the government.,unknown,0.8,"[""view_on_fertility_level"", ""population_policy""]",
LCA,2003,un_wpp,abortion,legal_grounds,Abortion policy changed,"Legal grounds for abortion changed from '1,2,3' to '1,2,3,4'.",This may affect legal access to abortion and reproductive autonomy.,expansive,0.8,"[""abortion_grounds"", ""abortion""]",
VCT,2005,un_wpp,population_policy,official_orientation,Population policy orientation changed,Population policy orientation changed from 'Lower' to 'Maintain'.,This may affect how the state approaches fertility trends and demographic goals.,neutral,0.8,"[""policy_on_fertility_level"", ""population_policy""]",
VCT,2005,un_wpp,population_policy,government_view,Government view on fertility level changed,Government view on fertility level changed from 'Too high' to 'Satisfactory'.,This may reflect a shift in how fertility trends are evaluated by the government.,unknown,0.8,"[""view_on_fertility_level"", ""population_policy""]",
VCT,2001,un_wpp,abortion,legal_grounds,Abortion policy changed,"Legal grounds for abortion changed from '1,2,3,4,5' to '1,2,3,4,5,6'.",This may affect legal access to abortion and reproductive autonomy.,expansive,0.8,"[""abortion_grounds"", ""abortion""]",
WSM,2005,un_wpp,reproductive_health,adolescent_fertility_concern,Concern about adolescent fertility changed,Concern about adolescent fertility changed from 'Minor concern' to 'Major concern'.,This may influence reproductive health priorities for adolescents.,unknown,0.8,"[""concern_about_adolescent_fertility"", ""reproductive_health""]",
STP,1986,un_wpp,population_policy,official_orientation,Population policy orientation changed,Population policy orientation changed from 'No intervention' to 'Maintain'.,This may affect how the state approaches fertility trends and demographic goals.,neutral,0.8,"[""policy_on_fertility_level"", ""population_policy""]",
STP,1996,un_wpp,population_policy,official_orientation,Population policy orientation changed,Population policy orientation changed from 'Maintain' to 'No intervention'.,This may affect how the state approaches fertility trends and demographic goals.,neutral,0.8,"[""policy_on_fertility_level"", ""population_policy""]",
STP,2011,un_wpp,population_policy,official_orientation,Population policy orientation changed,Population policy orientation changed from 'No intervention' to 'Lower'.,This may affect how the state approaches fertility trends and demographic goals.,anti_natal,0.8,"[""policy_on_fertility_level"", ""population_policy""]",
STP,1996,un_wpp,population_policy,government_view,Government view on fertility level changed,Government view on fertility level changed from 'Satisfactory' to 'Too high'.,This may reflect a shift in how fertility trends are evaluated by the government.,unknown,0.8,"[""view_on_fertility_level"", ""population_policy""]",
STP,1986,un_wpp,family_planning,government_support,Family planning support changed,Family planning support changed from 'No support' to 'Direct support'.,This may affect access to family planning services and reproductive choices.,expansive,0.8,"[""family_planning_support"", ""family_planning""]",
STP,2007,un_wpp,reproductive_health,adolescent_fertility_concern,Concern about adolescent fertility changed,Concern about adolescent fertility changed from 'Not a concern' to 'Minor concern'.,This may influence reproductive health priorities for adolescents.,unknown,0.8,"[""concern_about_adolescent_fertility"", ""reproductive_health""]",
STP,2011,un_wpp,reproductive_health,adolescent_fertility_concern,Concern about adolescent fertility changed,Concern about adolescent fertility changed from 'Minor concern' to 'Major concern'.,This may influence reproductive health priorities for adolescents.,unknown,0.8,"[""concern_about_adolescent_fertility"", ""reproductive_health""]",
SAU,2001,un_wpp,population_policy,official_orientation,Population policy orientation changed,Population policy orientation changed from 'Maintain' to 'Raise'.,This may affect how the state approaches fertility trends and demographic goals.,pro_natal,0.8,"[""policy_on_fertility_level"", ""population_policy""]",
SAU,2007,un_wpp,population_policy,official_orientation,Population policy orientation changed,Population policy orientation changed from 'Raise' to 'Maintain'.,This may affect how the state approaches fertility trends and demographic goals.,neutral,0.8,"[""policy_on_fertility_level"", ""population_policy""]",
SAU,2009,un_wpp,population_policy,official_orientation,Population policy orientation changed,Population policy orientation changed from 'Maintain' to 'No intervention'.,This may affect how the state approaches fertility trends and demographic goals.,neutral,0.8,"[""policy_on_fertility_level"", ""population_policy""]",
SAU,2013,un_wpp,population_policy,official_orientation,Population policy orientation changed,Population policy orientation changed from 'No intervention' to 'Raise'.,This may affect how the state approaches fertility trends and demographic goals.,pro_natal,0.8,"[""policy_on_fertility_level"", ""population_policy""]",
SAU,2001,un_wpp,family_planning,government_support,Family planning support changed,Family planning support changed from 'Limits' to 'Indirect support'.,This may affect access to family planning services and reproductive choices.,unknown,0.8,"[""family_planning_support"", ""family_planning""]",
SAU,2009,un_wpp,family_planning,government_support,Family planning support changed,Family planning support changed from 'Indirect support' to 'No support'.,This may affect access to family planning services and reproductive choices.,restrictive,0.8,"[""family_planning_support"", ""family_planning""]",
SAU,2001,un_wpp,abortion,legal_grounds,Abortion policy changed,"Legal grounds for abortion changed from '1,2' to '1,2,3'.",This may affect legal access to abortion and reproductive autonomy.,expansive,0.8,"[""abortion_grounds"", ""abortion""]",
SAU,2013,un_wpp,gender_reproductive_rights,domestic_violence_policy,Domestic violence policy changed,"Domestic violence policy changed from '2' to '1,2'.",This may reflect broader reproductive rights and protection policies.,unknown,0.8,"[""domestic_violence_policies"", ""gender_reproductive_rights""]",
SAU,2009,un_wpp,reproductive_health,adolescent_fertility_concern,Concern about adolescent fertility changed,Concern about adolescent fertility changed from 'Major concern' to 'Not a concern'.,This may influence reproductive health priorities for adolescents.,unknown,0.8,"[""concern_about_adolescent_fertility"", ""reproductive_health""]",
SAU,2009,un_wpp,reproductive_health,adolescent_fertility_policy,Adolescent fertility policy changed,Policies to reduce adolescent fertility changed from 'Yes' to 'No'.,This may affect reproductive health interventions targeting adolescents.,unknown,0.8,"[""policies_reduce_adolescent_fertility"", ""reproductive_health""]",
SEN,1986,un_wpp,population_policy,official_orientation,Population policy orientation changed,Population policy orientation changed from 'No intervention' to 'Lower'.,This may affect how the state approaches fertility trends and demographic goals.,anti_natal,0.8,"[""policy_on_fertility_level"", ""population_policy""]",
SEN,1986,un_wpp,family_planning,government_support,Family planning support changed,Family planning support changed from 'No support' to 'Direct support'.,This may affect access to family planning services and reproductive choices.,expansive,0.8,"[""family_planning_support"", ""family_planning""]",
SRB,2011,un_wpp,reproductive_health,adolescent_fertility_concern,Concern about adolescent fertility changed,Concern about adolescent fertility changed from 'Minor concern' to 'Major concern'.,This may influence reproductive health priorities for adolescents.,unknown,0.8,"[""concern_about_adolescent_fertility"", ""reproductive_health""]",
SRB,2009,un_wpp,reproductive_health,adolescent_fertility_policy,Adolescent fertility policy changed,Policies to reduce adolescent fertility changed from 'No' to 'Yes'.,This may affect reproductive health interventions targeting adolescents.,unknown,0.8,"[""policies_reduce_adolescent_fertility"", ""reproductive_health""]",
SYC,2005,un_wpp,population_policy,official_orientation,Population policy orientation changed,Population policy orientation changed from 'Lower' to 'No intervention'.,This may affect how the state approaches fertility trends and demographic goals.,neutral,0.8,"[""policy_on_fertility_level"", ""population_policy""]",
SYC,2005,un_wpp,population_policy,government_view,Government view on fertility level changed,Government view on fertility level changed from 'Too high' to 'Satisfactory'.,This may reflect a shift in how fertility trends are evaluated by the government.,unknown,0.8,"[""view_on_fertility_level"", ""population_policy""]",
SLE,1996,un_wpp,population_policy,official_orientation,Population policy orientation changed,Population policy orientation changed from 'No intervention' to 'Lower'.,This may affect how the state approaches fertility trends and demographic goals.,anti_natal,0.8,"[""policy_on_fertility_level"", ""population_policy""]",
SLE,1986,un_wpp,family_planning,government_support,Family planning support changed,Family planning support changed from 'Direct support' to 'Indirect support'.,This may affect access to family planning services and reproductive choices.,restrictive,0.8,"[""family_planning_support"", ""family_planning""]",
SLE,2009,un_wpp,family_planning,government_support,Family planning support changed,Family planning support changed from 'Indirect support' to 'Direct support'.,This may affect access to family planning services and reproductive choices.,expansive,0.8,"[""family_planning_support"", ""family_planning""]",
SGP,1986,un_wpp,population_policy,official_orientation,Population policy orientation changed,Population policy orientation changed from 'No intervention' to 'Raise'.,This may affect how the state approaches fertility trends and demographic goals.,pro_natal,0.8,"[""policy_on_fertility_level"", ""population_policy""]",
SGP,1986,un_wpp,population_policy,government_view,Government view on fertility level changed,Government view on fertility level changed from 'Satisfactory' to 'Too low'.,This may reflect a shift in how fertility trends are evaluated by the government.,unknown,0.8,"[""view_on_fertility_level"", ""population_policy""]",
SVK,2011,un_wpp,reproductive_health,adolescent_fertility_concern,Concern about adolescent fertility changed,Concern about adolescent fertility changed from 'Not a concern' to 'Minor concern'.,This may influence reproductive health priorities for adolescents.,unknown,0.8,"[""concern_about_adolescent_fertility"", ""reproductive_health""]",
SVK,2011,un_wpp,reproductive_health,adolescent_fertility_policy,Adolescent fertility policy changed,Policies to reduce adolescent fertility changed from 'No' to 'Yes'.,This may affect reproductive health interventions targeting adolescents.,unknown,0.8,"[""policies_reduce_adolescent_fertility"", ""reproductive_health""]",
SVN,2001,un_wpp,population_policy,government_view,Government view on fertility level changed,Government view on fertility level changed from 'Too low' to 'Satisfactory'.,This may reflect a shift in how fertility trends are evaluated by the government.,unknown,0.8,"[""view_on_fertility_level"", ""population_policy""]",
SVN,2003,un_wpp,population_policy,government_view,Government view on fertility level changed,Government view on fertility level changed from 'Satisfactory' to 'Too low'.,This may reflect a shift in how fertility trends are evaluated by the government.,unknown,0.8,"[""view_on_fertility_level"", ""population_policy""]",
SVN,2005,un_wpp,reproductive_health,adolescent_fertility_policy,Adolescent fertility policy changed,Policies to reduce adolescent fertility changed from 'No' to 'Yes'.,This may affect reproductive health interventions targeting adolescents.,unknown,0.8,"[""policies_reduce_adolescent_fertility"", ""reproductive_health""]",
SLB,1996,un_wpp,population_policy,official_orientation,Population policy orientation changed,Population policy orientation changed from 'No intervention' to 'Lower'.,This may affect how the state approaches fertility trends and demographic goals.,anti_natal,0.8,"[""policy_on_fertility_level"", ""population_policy""]",
SLB,2005,un_wpp,family_planning,government_support,Family planning support changed,Family planning support changed from 'Direct support' to 'No support'.,This may affect access to family planning services and reproductive choices.,restrictive,0.8,"[""family_planning_support"", ""family_planning""]",
SLB,2007,un_wpp,family_planning,government_support,Family planning support changed,Family planning support changed from 'No support' to 'Indirect support'.,This may affect access to family planning services and reproductive choices.,expansive,0.8,"[""family_planning_support"", ""family_planning""]",
SLB,2011,un_wpp,family_planning,government_support,Family planning support changed,Family planning support changed from 'Indirect support' to 'Direct support'.,This may affect access to family planning services and reproductive choices.,expansive,0.8,"[""family_planning_support"", ""family_planning""]",
SLB,2013,un_wpp,gender_reproductive_rights,domestic_violence_policy,Domestic violence policy changed,"Domestic violence policy changed from '1,2' to '2'.",This may reflect broader reproductive rights and protection policies.,unknown,0.8,"[""domestic_violence_policies"", ""gender_reproductive_rights""]",
SLB,2011,un_wpp,reproductive_health,adolescent_fertility_concern,Concern about adolescent fertility changed,Concern about adolescent fertility changed from 'Minor concern' to 'Major concern'.,This may influence reproductive health priorities for adolescents.,unknown,0.8,"[""concern_about_adolescent_fertility"", ""reproductive_health""]",
ZAF,2005,un_wpp,population_policy,official_orientation,Population policy orientation changed,Population policy orientation changed from 'Lower' to 'Maintain'.,This may affect how the state approaches fertility trends and demographic goals.,neutral,0.8,"[""policy_on_fertility_level"", ""population_policy""]",
ZAF,2005,un_wpp,population_policy,government_view,Government view on fertility level changed,Government view on fertility level changed from 'Too high' to 'Satisfactory'.,This may reflect a shift in how fertility trends are evaluated by the government.,unknown,0.8,"[""view_on_fertility_level"", ""population_policy""]",
ESP,2005,un_wpp,population_policy,official_orientation,Population policy orientation changed,Population policy orientation changed from 'No intervention' to 'Raise'.,This may affect how the state approaches fertility trends and demographic goals.,pro_natal,0.8,"[""policy_on_fertility_level"", ""population_policy""]",
ESP,2001,un_wpp,population_policy,government_view,Government view on fertility level changed,Government view on fertility level changed from 'Satisfactory' to 'Too low'.,This may reflect a shift in how fertility trends are evaluated by the government.,unknown,0.8,"[""view_on_fertility_level"", ""population_policy""]",
ESP,1986,un_wpp,family_planning,government_support,Family planning support changed,Family planning support changed from 'Limits' to 'Direct support'.,This may affect access to family planning services and reproductive choices.,unknown,0.8,"[""family_planning_support"", ""family_planning""]",
ESP,2005,un_wpp,family_planning,government_support,Family planning support changed,Family planning support changed from 'Direct support' to 'Indirect support'.,This may affect access to family planning services and reproductive choices.,restrictive,0.8,"[""family_planning_support"", ""family_planning""]",
ESP,2011,un_wpp,family_planning,government_support,Family planning support changed,Family planning support changed from 'Indirect support' to 'Direct support'.,This may affect access to family planning services and reproductive choices.,expansive,0.8,"[""family_planning_support"", ""family_planning""]",
ESP,2011,un_wpp,abortion,legal_grounds,Abortion policy changed,"Legal grounds for abortion changed from '1,2,3,4,5' to '1,2,3,4,5,6,7'.",This may affect legal access to abortion and reproductive autonomy.,expansive,0.8,"[""abortion_grounds"", ""abortion""]",
ESP,2005,un_wpp,reproductive_health,adolescent_fertility_concern,Concern about adolescent fertility changed,Concern about adolescent fertility changed from 'Major concern' to 'Minor concern'.,This may influence reproductive health priorities for adolescents.,unknown,0.8,"[""concern_about_adolescent_fertility"", ""reproductive_health""]",
LKA,2005,un_wpp,population_policy,official_orientation,Population policy orientation changed,Population policy orientation changed from 'Lower' to 'Maintain'.,This may affect how the state approaches fertility trends and demographic goals.,neutral,0.8,"[""policy_on_fertility_level"", ""population_policy""]",
LKA,2001,un_wpp,population_policy,government_view,Government view on fertility level changed,Government view on fertility level changed from 'Too high' to 'Satisfactory'.,This may reflect a shift in how fertility trends are evaluated by the government.,unknown,0.8,"[""view_on_fertility_level"", ""population_policy""]",
SUR,2005,un_wpp,population_policy,official_orientation,Population policy orientation changed,Population policy orientation changed from 'No intervention' to 'Maintain'.,This may affect how the state approaches fertility trends and demographic goals.,neutral,0.8,"[""policy_on_fertility_level"", ""population_policy""]",
SUR,1986,un_wpp,family_planning,government_support,Family planning support changed,Family planning support changed from 'No support' to 'Direct support'.,This may affect access to family planning services and reproductive choices.,expansive,0.8,"[""family_planning_support"", ""family_planning""]",
SUR,2005,un_wpp,family_planning,government_support,Family planning support changed,Family planning support changed from 'Direct support' to 'Indirect support'.,This may affect access to family planning services and reproductive choices.,restrictive,0.8,"[""family_planning_support"", ""family_planning""]",
SUR,2003,un_wpp,reproductive_health,adolescent_fertility_policy,Adolescent fertility policy changed,Policies to reduce adolescent fertility changed from 'No' to 'Yes'.,This may affect reproductive health interventions targeting adolescents.,unknown,0.8,"[""policies_reduce_adolescent_fertility"", ""reproductive_health""]",
SWZ,2005,un_wpp,abortion,legal_grounds,Abortion policy changed,"Legal grounds for abortion changed from '1' to '1,2,3,5'.",This may affect legal access to abortion and reproductive autonomy.,expansive,0.8,"[""abortion_grounds"", ""abortion""]",
SWZ,2011,un_wpp,reproductive_health,adolescent_fertility_concern,Concern about adolescent fertility changed,Concern about adolescent fertility changed from 'Minor concern' to 'Major concern'.,This may influence reproductive health priorities for adolescents.,unknown,0.8,"[""concern_about_adolescent_fertility"", ""reproductive_health""]",
SWE,2011,un_wpp,population_policy,official_orientation,Population policy orientation changed,Population policy orientation changed from 'No intervention' to 'Raise'.,This may affect how the state approaches fertility trends and demographic goals.,pro_natal,0.8,"[""policy_on_fertility_level"", ""population_policy""]",
SWE,1986,un_wpp,population_policy,government_view,Government view on fertility level changed,Government view on fertility level changed from 'Satisfactory' to 'Too low'.,This may reflect a shift in how fertility trends are evaluated by the government.,unknown,0.8,"[""view_on_fertility_level"", ""population_policy""]",
SWE,1996,un_wpp,population_policy,government_view,Government view on fertility level changed,Government view on fertility level changed from 'Too low' to 'Satisfactory'.,This may reflect a shift in how fertility trends are evaluated by the government.,unknown,0.8,"[""view_on_fertility_level"", ""population_policy""]",
CHE,1996,un_wpp,population_policy,government_view,Government view on fertility level changed,Government view on fertility level changed from 'Satisfactory' to 'Too low'.,This may reflect a shift in how fertility trends are evaluated by the government.,unknown,0.8,"[""view_on_fertility_level"", ""population_policy""]",
CHE,2009,un_wpp,population_policy,government_view,Government view on fertility level changed,Government view on fertility level changed from 'Too low' to 'Satisfactory'.,This may reflect a shift in how fertility trends are evaluated by the government.,unknown,0.8,"[""view_on_fertility_level"", ""population_policy""]",
CHE,1996,un_wpp,family_planning,government_support,Family planning support changed,Family planning support changed from 'Indirect support' to 'No support'.,This may affect access to family planning services and reproductive choices.,restrictive,0.8,"[""family_planning_support"", ""family_planning""]",
CHE,2005,un_wpp,family_planning,government_support,Family planning support changed,Family planning support changed from 'No support' to 'Indirect support'.,This may affect access to family planning services and reproductive choices.,expansive,0.8,"[""family_planning_support"", ""family_planning""]",
CHE,2009,un_wpp,family_planning,government_support,Family planning support changed,Family planning support changed from 'Indirect support' to 'No support'.,This may affect access to family planning services and reproductive choices.,restrictive,0.8,"[""family_planning_support"", ""family_planning""]",
CHE,2003,un_wpp,abortion,legal_grounds,Abortion policy changed,"Legal grounds for abortion changed from '1,2,3' to '1,2,3,4,5,6,7'.",This may affect legal access to abortion and reproductive autonomy.,expansive,0.8,"[""abortion_grounds"", ""abortion""]",
SYR,2009,un_wpp,population_policy,official_orientation,Population policy orientation changed,Population policy orientation changed from 'No intervention' to 'Lower'.,This may affect how the state approaches fertility trends and demographic goals.,anti_natal,0.8,"[""policy_on_fertility_level"", ""population_policy""]",
SYR,2007,un_wpp,population_policy,government_view,Government view on fertility level changed,Government view on fertility level changed from 'Satisfactory' to 'Too high'.,This may reflect a shift in how fertility trends are evaluated by the government.,unknown,0.8,"[""view_on_fertility_level"", ""population_policy""]",
SYR,2009,un_wpp,population_policy,government_view,Government view on fertility level changed,Government view on fertility level changed from 'Too high' to 'Satisfactory'.,This may reflect a shift in how fertility trends are evaluated by the government.,unknown,0.8,"[""view_on_fertility_level"", ""population_policy""]",
SYR,2011,un_wpp,population_policy,government_view,Government view on fertility level changed,Government view on fertility level changed from 'Satisfactory' to 'Too high'.,This may reflect a shift in how fertility trends are evaluated by the government.,unknown,0.8,"[""view_on_fertility_level"", ""population_policy""]",
TJK,2001,un_wpp,population_policy,official_orientation,Population policy orientation changed,Population policy orientation changed from 'Lower' to 'No intervention'.,This may affect how the state approaches fertility trends and demographic goals.,neutral,0.8,"[""policy_on_fertility_level"", ""population_policy""]",
TJK,2003,un_wpp,population_policy,official_orientation,Population policy orientation changed,Population policy orientation changed from 'No intervention' to 'Lower'.,This may affect how the state approaches fertility trends and demographic goals.,anti_natal,0.8,"[""policy_on_fertility_level"", ""population_policy""]",
TJK,2013,un_wpp,gender_reproductive_rights,domestic_violence_policy,Domestic violence policy changed,"Domestic violence policy changed from '2' to '1,2'.",This may reflect broader reproductive rights and protection policies.,unknown,0.8,"[""domestic_violence_policies"", ""gender_reproductive_rights""]",
TJK,2003,un_wpp,reproductive_health,adolescent_fertility_concern,Concern about adolescent fertility changed,Concern about adolescent fertility changed from 'Not a concern' to 'Minor concern'.,This may influence reproductive health priorities for adolescents.,unknown,0.8,"[""concern_about_adolescent_fertility"", ""reproductive_health""]",
TJK,2003,un_wpp,reproductive_health,adolescent_fertility_policy,Adolescent fertility policy changed,Policies to reduce adolescent fertility changed from 'No' to 'Yes'.,This may affect reproductive health interventions targeting adolescents.,unknown,0.8,"[""policies_reduce_adolescent_fertility"", ""reproductive_health""]",
THA,2001,un_wpp,population_policy,official_orientation,Population policy orientation changed,Population policy orientation changed from 'Lower' to 'Maintain'.,This may affect how the state approaches fertility trends and demographic goals.,neutral,0.8,"[""policy_on_fertility_level"", ""population_policy""]",
THA,2011,un_wpp,population_policy,official_orientation,Population policy orientation changed,Population policy orientation changed from 'Maintain' to 'Raise'.,This may affect how the state approaches fertility trends and demographic goals.,pro_natal,0.8,"[""policy_on_fertility_level"", ""population_policy""]",
THA,2001,un_wpp,population_policy,government_view,Government view on fertility level changed,Government view on fertility level changed from 'Too high' to 'Satisfactory'.,This may reflect a shift in how fertility trends are evaluated by the government.,unknown,0.8,"[""view_on_fertility_level"", ""population_policy""]",
THA,2011,un_wpp,population_policy,government_view,Government view on fertility level changed,Government view on fertility level changed from 'Satisfactory' to 'Too low'.,This may reflect a shift in how fertility trends are evaluated by the government.,unknown,0.8,"[""view_on_fertility_level"", ""population_policy""]",
THA,2001,un_wpp,abortion,legal_grounds,Abortion policy changed,"Legal grounds for abortion changed from '1,2,4,5' to '1,2,3,4'.",This may affect legal access to abortion and reproductive autonomy.,unknown,0.8,"[""abortion_grounds"", ""abortion""]",
THA,2009,un_wpp,abortion,legal_grounds,Abortion policy changed,"Legal grounds for abortion changed from '1,2,3,4' to '1,2,3,4,5'.",This may affect legal access to abortion and reproductive autonomy.,expansive,0.8,"[""abortion_grounds"", ""abortion""]",
MKD,2003,un_wpp,population_policy,official_orientation,Population policy orientation changed,Population policy orientation changed from 'Lower' to 'No intervention'.,This may affect how the state approaches fertility trends and demographic goals.,neutral,0.8,"[""policy_on_fertility_level"", ""population_policy""]",
MKD,2009,un_wpp,population_policy,official_orientation,Population policy orientation changed,Population policy orientation changed from 'No intervention' to 'Raise'.,This may affect how the state approaches fertility trends and demographic goals.,pro_natal,0.8,"[""policy_on_fertility_level"", ""population_policy""]",
MKD,2003,un_wpp,population_policy,government_view,Government view on fertility level changed,Government view on fertility level changed from 'Too high' to 'Satisfactory'.,This may reflect a shift in how fertility trends are evaluated by the government.,unknown,0.8,"[""view_on_fertility_level"", ""population_policy""]",
MKD,2009,un_wpp,population_policy,government_view,Government view on fertility level changed,Government view on fertility level changed from 'Satisfactory' to 'Too low'.,This may reflect a shift in how fertility trends are evaluated by the government.,unknown,0.8,"[""view_on_fertility_level"", ""population_policy""]",
TLS,2011,un_wpp,population_policy,official_orientation,Population policy orientation changed,Population policy orientation changed from 'No intervention' to 'Lower'.,This may affect how the state approaches fertility trends and demographic goals.,anti_natal,0.8,"[""policy_on_fertility_level"", ""population_policy""]",
TLS,2005,un_wpp,population_policy,government_view,Government view on fertility level changed,Government view on fertility level changed from 'Satisfactory' to 'Too high'.,This may reflect a shift in how fertility trends are evaluated by the government.,unknown,0.8,"[""view_on_fertility_level"", ""population_policy""]",
TGO,1986,un_wpp,population_policy,official_orientation,Population policy orientation changed,Population policy orientation changed from 'No intervention' to 'Maintain'.,This may affect how the state approaches fertility trends and demographic goals.,neutral,0.8,"[""policy_on_fertility_level"", ""population_policy""]",
TGO,2005,un_wpp,population_policy,official_orientation,Population policy orientation changed,Population policy orientation changed from 'Maintain' to 'Lower'.,This may affect how the state approaches fertility trends and demographic goals.,anti_natal,0.8,"[""policy_on_fertility_level"", ""population_policy""]",
TGO,2005,un_wpp,population_policy,government_view,Government view on fertility level changed,Government view on fertility level changed from 'Satisfactory' to 'Too high'.,This may reflect a shift in how fertility trends are evaluated by the government.,unknown,0.8,"[""view_on_fertility_level"", ""population_policy""]",
TGO,1986,un_wpp,family_planning,government_support,Family planning support changed,Family planning support changed from 'Indirect support' to 'Direct support'.,This may affect access to family planning services and reproductive choices.,expansive,0.8,"[""family_planning_support"", ""family_planning""]",
TGO,2007,un_wpp,abortion,legal_grounds,Abortion policy changed,"Legal grounds for abortion changed from '1' to '1,2,4,5'.",This may affect legal access to abortion and reproductive autonomy.,expansive,0.8,"[""abortion_grounds"", ""abortion""]",
TGO,2013,un_wpp,gender_reproductive_rights,domestic_violence_policy,Domestic violence policy changed,Domestic violence policy changed from 'Neither' to '2'.,This may reflect broader reproductive rights and protection policies.,unknown,0.8,"[""domestic_violence_policies"", ""gender_reproductive_rights""]",
TGO,2005,un_wpp,reproductive_health,adolescent_fertility_concern,Concern about adolescent fertility changed,Concern about adolescent fertility changed from 'Major concern' to 'Minor concern'.,This may influence reproductive health priorities for adolescents.,unknown,0.8,"[""concern_about_adolescent_fertility"", ""reproductive_health""]",
TGO,2011,un_wpp,reproductive_health,adolescent_fertility_concern,Concern about adolescent fertility changed,Concern about adolescent fertility changed from 'Minor concern' to 'Major concern'.,This may influence reproductive health priorities for adolescents.,unknown,0.8,"[""concern_about_adolescent_fertility"", ""reproductive_health""]",
TGO,2003,un_wpp,reproductive_health,adolescent_fertility_policy,Adolescent fertility policy changed,Policies to reduce adolescent fertility changed from 'No' to 'Yes'.,This may affect reproductive health interventions targeting adolescents.,unknown,0.8,"[""policies_reduce_adolescent_fertility"", ""reproductive_health""]",
TON,1996,un_wpp,population_policy,official_orientation,Population policy orientation changed,Population policy orientation changed from 'Lower' to 'Maintain'.,This may affect how the state approaches fertility trends and demographic goals.,neutral,0.8,"[""policy_on_fertility_level"", ""population_policy""]",
TON,1996,un_wpp,population_policy,government_view,Government view on fertility level changed,Government view on fertility level changed from 'Too high' to 'Satisfactory'.,This may reflect a shift in how fertility trends are evaluated by the government.,unknown,0.8,"[""view_on_fertility_level"", ""population_policy""]",
TON,2011,un_wpp,reproductive_health,adolescent_fertility_policy,Adolescent fertility policy changed,Policies to reduce adolescent fertility changed from 'No' to 'Yes'.,This may affect reproductive health interventions targeting adolescents.,unknown,0.8,"[""policies_reduce_adolescent_fertility"", ""reproductive_health""]",
TTO,2003,un_wpp,population_policy,official_orientation,Population policy orientation changed,Population policy orientation changed from 'Lower' to 'Maintain'.,This may affect how the state approaches fertility trends and demographic goals.,neutral,0.8,"[""policy_on_fertility_level"", ""population_policy""]",
TTO,2003,un_wpp,population_policy,government_view,Government view on fertility level changed,Government view on fertility level changed from 'Too high' to 'Satisfactory'.,This may reflect a shift in how fertility trends are evaluated by the government.,unknown,0.8,"[""view_on_fertility_level"", ""population_policy""]",
TUN,2005,un_wpp,population_policy,government_view,Government view on fertility level changed,Government view on fertility level changed from 'Too high' to 'Satisfactory'.,This may reflect a shift in how fertility trends are evaluated by the government.,unknown,0.8,"[""view_on_fertility_level"", ""population_policy""]",
TUN,2001,un_wpp,reproductive_health,adolescent_fertility_concern,Concern about adolescent fertility changed,Concern about adolescent fertility changed from 'Not a concern' to 'Minor concern'.,This may influence reproductive health priorities for adolescents.,unknown,0.8,"[""concern_about_adolescent_fertility"", ""reproductive_health""]",
TUN,2005,un_wpp,reproductive_health,adolescent_fertility_concern,Concern about adolescent fertility changed,Concern about adolescent fertility changed from 'Minor concern' to 'Not a concern'.,This may influence reproductive health priorities for adolescents.,unknown,0.8,"[""concern_about_adolescent_fertility"", ""reproductive_health""]",
TUN,2001,un_wpp,reproductive_health,adolescent_fertility_policy,Adolescent fertility policy changed,Policies to reduce adolescent fertility changed from 'No' to 'Yes'.,This may affect reproductive health interventions targeting adolescents.,unknown,0.8,"[""policies_reduce_adolescent_fertility"", ""reproductive_health""]",
TUN,2005,un_wpp,reproductive_health,adolescent_fertility_policy,Adolescent fertility policy changed,Policies to reduce adolescent fertility changed from 'Yes' to 'No'.,This may affect reproductive health interventions targeting adolescents.,unknown,0.8,"[""policies_reduce_adolescent_fertility"", ""reproductive_health""]",
TUR,2005,un_wpp,population_policy,official_orientation,Population policy orientation changed,Population policy orientation changed from 'Lower' to 'Maintain'.,This may affect how the state approaches fertility trends and demographic goals.,neutral,0.8,"[""policy_on_fertility_level"", ""population_policy""]",
TUR,2005,un_wpp,population_policy,government_view,Government view on fertility level changed,Government view on fertility level changed from 'Too high' to 'Satisfactory'.,This may reflect a shift in how fertility trends are evaluated by the government.,unknown,0.8,"[""view_on_fertility_level"", ""population_policy""]",
TUR,2001,un_wpp,reproductive_health,adolescent_fertility_concern,Concern about adolescent fertility changed,Concern about adolescent fertility changed from 'Not a concern' to 'Major concern'.,This may influence reproductive health priorities for adolescents.,unknown,0.8,"[""concern_about_adolescent_fertility"", ""reproductive_health""]",
TUR,2005,un_wpp,reproductive_health,adolescent_fertility_concern,Concern about adolescent fertility changed,Concern about adolescent fertility changed from 'Major concern' to 'Minor concern'.,This may influence reproductive health priorities for adolescents.,unknown,0.8,"[""concern_about_adolescent_fertility"", ""reproductive_health""]",
TUR,2011,un_wpp,reproductive_health,adolescent_fertility_concern,Concern about adolescent fertility changed,Concern about adolescent fertility changed from 'Minor concern' to 'Major concern'.,This may influence reproductive health priorities for adolescents.,unknown,0.8,"[""concern_about_adolescent_fertility"", ""reproductive_health""]",
TUR,2001,un_wpp,reproductive_health,adolescent_fertility_policy,Adolescent fertility policy changed,Policies to reduce adolescent fertility changed from 'No' to 'Yes'.,This may affect reproductive health interventions targeting adolescents.,unknown,0.8,"[""policies_reduce_adolescent_fertility"", ""reproductive_health""]",
TKM,2005,un_wpp,population_policy,official_orientation,Population policy orientation changed,Population policy orientation changed from 'No intervention' to 'Maintain'.,This may affect how the state approaches fertility trends and demographic goals.,neutral,0.8,"[""policy_on_fertility_level"", ""population_policy""]",
TKM,2009,un_wpp,population_policy,official_orientation,Population policy orientation changed,Population policy orientation changed from 'Maintain' to 'Raise'.,This may affect how the state approaches fertility trends and demographic goals.,pro_natal,0.8,"[""policy_on_fertility_level"", ""population_policy""]",
TKM,2011,un_wpp,population_policy,official_orientation,Population policy orientation changed,Population policy orientation changed from 'Raise' to 'Maintain'.,This may affect how the state approaches fertility trends and demographic goals.,neutral,0.8,"[""policy_on_fertility_level"", ""population_policy""]",
TKM,2009,un_wpp,population_policy,government_view,Government view on fertility level changed,Government view on fertility level changed from 'Satisfactory' to 'Too low'.,This may reflect a shift in how fertility trends are evaluated by the government.,unknown,0.8,"[""view_on_fertility_level"", ""population_policy""]",
TKM,2011,un_wpp,population_policy,government_view,Government view on fertility level changed,Government view on fertility level changed from 'Too low' to 'Satisfactory'.,This may reflect a shift in how fertility trends are evaluated by the government.,unknown,0.8,"[""view_on_fertility_level"", ""population_policy""]",
TKM,2005,un_wpp,family_planning,government_support,Family planning support changed,Family planning support changed from 'No support' to 'Indirect support'.,This may affect access to family planning services and reproductive choices.,expansive,0.8,"[""family_planning_support"", ""family_planning""]",
TKM,2013,un_wpp,family_planning,government_support,Family planning support changed,Family planning support changed from 'Indirect support' to 'Direct support'.,This may affect access to family planning services and reproductive choices.,expansive,0.8,"[""family_planning_support"", ""family_planning""]",
UGA,2013,un_wpp,abortion,legal_grounds,Abortion policy changed,"Legal grounds for abortion changed from '1,2,3' to '1,2,3,4,5'.",This may affect legal access to abortion and reproductive autonomy.,expansive,0.8,"[""abortion_grounds"", ""abortion""]",
UKR,1996,un_wpp,population_policy,official_orientation,Population policy orientation changed,Population policy orientation changed from 'Maintain' to 'Raise'.,This may affect how the state approaches fertility trends and demographic goals.,pro_natal,0.8,"[""policy_on_fertility_level"", ""population_policy""]",
UKR,1996,un_wpp,population_policy,government_view,Government view on fertility level changed,Government view on fertility level changed from 'Satisfactory' to 'Too low'.,This may reflect a shift in how fertility trends are evaluated by the government.,unknown,0.8,"[""view_on_fertility_level"", ""population_policy""]",
UKR,2005,un_wpp,family_planning,government_support,Family planning support changed,Family planning support changed from 'Direct support' to 'Indirect support'.,This may affect access to family planning services and reproductive choices.,restrictive,0.8,"[""family_planning_support"", ""family_planning""]",
UKR,2009,un_wpp,reproductive_health,adolescent_fertility_concern,Concern about adolescent fertility changed,Concern about adolescent fertility changed from 'Major concern' to 'Not a concern'.,This may influence reproductive health priorities for adolescents.,unknown,0.8,"[""concern_about_adolescent_fertility"", ""reproductive_health""]",
UKR,2011,un_wpp,reproductive_health,adolescent_fertility_policy,Adolescent fertility policy changed,Policies to reduce adolescent fertility changed from 'Yes' to 'No'.,This may affect reproductive health interventions targeting adolescents.,unknown,0.8,"[""policies_reduce_adolescent_fertility"", ""reproductive_health""]",
ARE,1986,un_wpp,population_policy,official_orientation,Population policy orientation changed,Population policy orientation changed from 'Maintain' to 'Raise'.,This may affect how the state approaches fertility trends and demographic goals.,pro_natal,0.8,"[""policy_on_fertility_level"", ""population_policy""]",
ARE,1996,un_wpp,population_policy,official_orientation,Population policy orientation changed,Population policy orientation changed from 'Raise' to 'No intervention'.,This may affect how the state approaches fertility trends and demographic goals.,neutral,0.8,"[""policy_on_fertility_level"", ""population_policy""]",
ARE,2001,un_wpp,population_policy,official_orientation,Population policy orientation changed,Population policy orientation changed from 'No intervention' to 'Raise'.,This may affect how the state approaches fertility trends and demographic goals.,pro_natal,0.8,"[""policy_on_fertility_level"", ""population_policy""]",
ARE,2005,un_wpp,population_policy,official_orientation,Population policy orientation changed,Population policy orientation changed from 'Raise' to 'Maintain'.,This may affect how the state approaches fertility trends and demographic goals.,neutral,0.8,"[""policy_on_fertility_level"", ""population_policy""]",
ARE,2001,un_wpp,population_policy,government_view,Government view on fertility level changed,Government view on fertility level changed from 'Satisfactory' to 'Too low'.,This may reflect a shift in how fertility trends are evaluated by the government.,unknown,0.8,"[""view_on_fertility_level"", ""population_policy""]",
ARE,2005,un_wpp,population_policy,government_view,Government view on fertility level changed,Government view on fertility level changed from 'Too low' to 'Satisfactory'.,This may reflect a shift in how fertility trends are evaluated by the government.,unknown,0.8,"[""view_on_fertility_level"", ""population_policy""]",
ARE,2007,un_wpp,population_policy,government_view,Government view on fertility level changed,Government view on fertility level changed from 'Satisfactory' to 'Too low'.,This may reflect a shift in how fertility trends are evaluated by the government.,unknown,0.8,"[""view_on_fertility_level"", ""population_policy""]",
ARE,2009,un_wpp,population_policy,government_view,Government view on fertility level changed,Government view on fertility level changed from 'Too low' to 'Satisfactory'.,This may reflect a shift in how fertility trends are evaluated by the government.,unknown,0.8,"[""view_on_fertility_level"", ""population_policy""]",
ARE,2011,un_wpp,abortion,legal_grounds,Abortion policy changed,"Legal grounds for abortion changed from '1' to '1,2,3'.",This may affect legal access to abortion and reproductive autonomy.,expansive,0.8,"[""abortion_grounds"", ""abortion""]",
GBR,1986,un_wpp,family_planning,government_support,Family planning support changed,Family planning support changed from 'Direct support' to 'Indirect support'.,This may affect access to family planning services and reproductive choices.,restrictive,0.8,"[""family_planning_support"", ""family_planning""]",
GBR,1996,un_wpp,family_planning,government_support,Family planning support changed,Family planning support changed from 'Indirect support' to 'Direct support'.,This may affect access to family planning services and reproductive choices.,expansive,0.8,"[""family_planning_support"", ""family_planning""]",
TZA,1996,un_wpp,population_policy,official_orientation,Population policy orientation changed,Population policy orientation changed from 'No intervention' to 'Lower'.,This may affect how the state approaches fertility trends and demographic goals.,anti_natal,0.8,"[""policy_on_fertility_level"", ""population_policy""]",
TZA,1986,un_wpp,population_policy,government_view,Government view on fertility level changed,Government view on fertility level changed from 'Satisfactory' to 'Too high'.,This may reflect a shift in how fertility trends are evaluated by the government.,unknown,0.8,"[""view_on_fertility_level"", ""population_policy""]",
TZA,2013,un_wpp,gender_reproductive_rights,domestic_violence_policy,Domestic violence policy changed,"Domestic violence policy changed from '1,2' to '2'.",This may reflect broader reproductive rights and protection policies.,unknown,0.8,"[""domestic_violence_policies"", ""gender_reproductive_rights""]",
TZA,2001,un_wpp,reproductive_health,adolescent_fertility_concern,Concern about adolescent fertility changed,Concern about adolescent fertility changed from 'Minor concern' to 'Major concern'.,This may influence reproductive health priorities for adolescents.,unknown,0.8,"[""concern_about_adolescent_fertility"", ""reproductive_health""]",
URY,1986,un_wpp,population_policy,official_orientation,Population policy orientation changed,Population policy orientation changed from 'Raise' to 'No intervention'.,This may affect how the state approaches fertility trends and demographic goals.,neutral,0.8,"[""policy_on_fertility_level"", ""population_policy""]",
URY,1996,un_wpp,population_policy,official_orientation,Population policy orientation changed,Population policy orientation changed from 'No intervention' to 'Raise'.,This may affect how the state approaches fertility trends and demographic goals.,pro_natal,0.8,"[""policy_on_fertility_level"", ""population_policy""]",
URY,2005,un_wpp,population_policy,official_orientation,Population policy orientation changed,Population policy orientation changed from 'Raise' to 'No intervention'.,This may affect how the state approaches fertility trends and demographic goals.,neutral,0.8,"[""policy_on_fertility_level"", ""population_policy""]",
URY,2011,un_wpp,population_policy,official_orientation,Population policy orientation changed,Population policy orientation changed from 'No intervention' to 'Raise'.,This may affect how the state approaches fertility trends and demographic goals.,pro_natal,0.8,"[""policy_on_fertility_level"", ""population_policy""]",
URY,2009,un_wpp,population_policy,government_view,Government view on fertility level changed,Government view on fertility level changed from 'Too low' to 'Satisfactory'.,This may reflect a shift in how fertility trends are evaluated by the government.,unknown,0.8,"[""view_on_fertility_level"", ""population_policy""]",
URY,2011,un_wpp,population_policy,government_view,Government view on fertility level changed,Government view on fertility level changed from 'Satisfactory' to 'Too low'.,This may reflect a shift in how fertility trends are evaluated by the government.,unknown,0.8,"[""view_on_fertility_level"", ""population_policy""]",
URY,1986,un_wpp,family_planning,government_support,Family planning support changed,Family planning support changed from 'No support' to 'Direct support'.,This may affect access to family planning services and reproductive choices.,expansive,0.8,"[""family_planning_support"", ""family_planning""]",
URY,2001,un_wpp,abortion,legal_grounds,Abortion policy changed,"Legal grounds for abortion changed from '1,2' to '1,2,3,4'.",This may affect legal access to abortion and reproductive autonomy.,expansive,0.8,"[""abortion_grounds"", ""abortion""]",
URY,2013,un_wpp,abortion,legal_grounds,Abortion policy changed,"Legal grounds for abortion changed from '1,2,3,4' to '1,2,3,4,5,6,7'.",This may affect legal access to abortion and reproductive autonomy.,expansive,0.8,"[""abortion_grounds"", ""abortion""]",
VUT,2005,un_wpp,population_policy,official_orientation,Population policy orientation changed,Population policy orientation changed from 'No intervention' to 'Lower'.,This may affect how the state approaches fertility trends and demographic goals.,anti_natal,0.8,"[""policy_on_fertility_level"", ""population_policy""]",
VUT,2003,un_wpp,population_policy,government_view,Government view on fertility level changed,Government view on fertility level changed from 'Satisfactory' to 'Too high'.,This may reflect a shift in how fertility trends are evaluated by the government.,unknown,0.8,"[""view_on_fertility_level"", ""population_policy""]",
VUT,2001,un_wpp,abortion,legal_grounds,Abortion policy changed,"Legal grounds for abortion changed from '1,2' to '1,2,3'.",This may affect legal access to abortion and reproductive autonomy.,expansive,0.8,"[""abortion_grounds"", ""abortion""]",
VNM,2005,un_wpp,population_policy,official_orientation,Population policy orientation changed,Population policy orientation changed from 'Lower' to 'Maintain'.,This may affect how the state approaches fertility trends and demographic goals.,neutral,0.8,"[""policy_on_fertility_level"", ""population_policy""]",
VNM,2007,un_wpp,population_policy,official_orientation,Population policy orientation changed,Population policy orientation changed from 'Maintain' to 'Lower'.,This may affect how the state approaches fertility trends and demographic goals.,anti_natal,0.8,"[""policy_on_fertility_level"", ""population_policy""]",
VNM,2011,un_wpp,population_policy,official_orientation,Population policy orientation changed,Population policy orientation changed from 'Lower' to 'Maintain'.,This may affect how the state approaches fertility trends and demographic goals.,neutral,0.8,"[""policy_on_fertility_level"", ""population_policy""]",
VNM,2005,un_wpp,population_policy,government_view,Government view on fertility level changed,Government view on fertility level changed from 'Too high' to 'Satisfactory'.,This may reflect a shift in how fertility trends are evaluated by the government.,unknown,0.8,"[""view_on_fertility_level"", ""population_policy""]",
VNM,2007,un_wpp,population_policy,government_view,Government view on fertility level changed,Government view on fertility level changed from 'Satisfactory' to 'Too high'.,This may reflect a shift in how fertility trends are evaluated by the government.,unknown,0.8,"[""view_on_fertility_level"", ""population_policy""]",
VNM,2011,un_wpp,population_policy,government_view,Government view on fertility level changed,Government view on fertility level changed from 'Too high' to 'Satisfactory'.,This may reflect a shift in how fertility trends are evaluated by the government.,unknown,0.8,"[""view_on_fertility_level"", ""population_policy""]",
VNM,2005,un_wpp,reproductive_health,adolescent_fertility_concern,Concern about adolescent fertility changed,Concern about adolescent fertility changed from 'Minor concern' to 'Major concern'.,This may influence reproductive health priorities for adolescents.,unknown,0.8,"[""concern_about_adolescent_fertility"", ""reproductive_health""]",
VNM,2011,un_wpp,reproductive_health,adolescent_fertility_concern,Concern about adolescent fertility changed,Concern about adolescent fertility changed from 'Major concern' to 'Minor concern'.,This may influence reproductive health priorities for adolescents.,unknown,0.8,"[""concern_about_adolescent_fertility"", ""reproductive_health""]",
VNM,2013,un_wpp,reproductive_health,adolescent_fertility_concern,Concern about adolescent fertility changed,Concern about adolescent fertility changed from 'Minor concern' to 'Major concern'.,This may influence reproductive health priorities for adolescents.,unknown,0.8,"[""concern_about_adolescent_fertility"", ""reproductive_health""]",
YEM,1986,un_wpp,population_policy,official_orientation,Population policy orientation changed,Population policy orientation changed from 'No intervention' to 'Lower'.,This may affect how the state approaches fertility trends and demographic goals.,anti_natal,0.8,"[""policy_on_fertility_level"", ""population_policy""]",
YEM,1986,un_wpp,population_policy,government_view,Government view on fertility level changed,Government view on fertility level changed from 'Satisfactory' to 'Too high'.,This may reflect a shift in how fertility trends are evaluated by the government.,unknown,0.8,"[""view_on_fertility_level"", ""population_policy""]",
ZMB,1996,un_wpp,population_policy,official_orientation,Population policy orientation changed,Population policy orientation changed from 'No intervention' to 'Lower'.,This may affect how the state approaches fertility trends and demographic goals.,anti_natal,0.8,"[""policy_on_fertility_level"", ""population_policy""]",
ZMB,1986,un_wpp,population_policy,government_view,Government view on fertility level changed,Government view on fertility level changed from 'Satisfactory' to 'Too high'.,This may reflect a shift in how fertility trends are evaluated by the government.,unknown,0.8,"[""view_on_fertility_level"", ""population_policy""]",
ZMB,2013,un_wpp,gender_reproductive_rights,domestic_violence_policy,Domestic violence policy changed,"Domestic violence policy changed from '2' to '1,2'.",This may reflect broader reproductive rights and protection policies.,unknown,0.8,"[""domestic_violence_policies"", ""gender_reproductive_rights""]",
ZWE,2011,un_wpp,reproductive_health,adolescent_fertility_concern,Concern about adolescent fertility changed,Concern about adolescent fertility changed from 'Minor concern' to 'Major concern'.,This may influence reproductive health priorities for adolescents.,unknown,0.8,"[""concern_about_adolescent_fertility"", ""reproductive_health""]",
ZWE,2001,un_wpp,reproductive_health,adolescent_fertility_policy,Adolescent fertility policy changed,Policies to reduce adolescent fertility changed from 'Yes' to 'No'.,This may affect reproductive health interventions targeting adolescents.,unknown,0.8,"[""policies_reduce_adolescent_fertility"", ""reproductive_health""]",
ZWE,2011,un_wpp,reproductive_health,adolescent_fertility_policy,Adolescent fertility policy changed,Policies to reduce adolescent fertility changed from 'No' to 'Yes'.,This may affect reproductive health interventions targeting adolescents.,unknown,0.8,"[""policies_reduce_adolescent_fertility"", ""reproductive_health""]",
